杉並区　飲食店営業　新規許可施設（令和4年5月分）,,,,,,,,,,,,,,,,,,
施設の名称　施設所在地,営業者氏名,営業の種類,許可番号　施設電話番号,許可年月日　許可満了日,,,,,,,施設の名称,住所,営業者氏名,営業の種類,許可番号,施設電話番号,許可年月日,許可満了日
エリア543　東京都杉並区井草五丁目5番25号　西ビルB1F,東順司,飲食店営業,4杉保衛食第132号　070-6488-8720,令和04.05.16　令和10.05.31,,,,7,11,11,エリア543　,東京都杉並区井草五丁目5番25号　西ビルB1F,東順司,飲食店営業,4杉保衛食第132号　,070-6488-8720,令和04.05.16　,令和10.05.31
井荻バル  HALE   BALE　東京都杉並区上井草一丁目24番14号　宝来ビル201号室,玉置利通,飲食店営業,4杉保衛食第201号　03-3395-5999,令和04.05.31　令和10.05.31,,,,18,11,11,井荻バル  HALE   BALE　,東京都杉並区上井草一丁目24番14号　宝来ビル201号室,玉置利通,飲食店営業,4杉保衛食第201号　,03-3395-5999,令和04.05.31　,令和10.05.31
とんかつ新宿さぼてん上井草店　東京都杉並区上井草三丁目31番18号,株式会社グリーンハウスフーズ,飲食店営業,4杉保衛食第133号　03-3395-6531,令和04.05.19　令和10.05.31,,,,15,11,11,とんかつ新宿さぼてん上井草店　,東京都杉並区上井草三丁目31番18号,株式会社グリーンハウスフーズ,飲食店営業,4杉保衛食第133号　,03-3395-6531,令和04.05.19　,令和10.05.31
キッチンオリジン  下井草店　東京都杉並区下井草二丁目44番7号　長坂ビル1階,オリジン東秀株式会社,飲食店営業,4杉保衛食第82号　03-3394-3117,令和04.05.13　令和11.05.31,,,,15,10,11,キッチンオリジン  下井草店　,東京都杉並区下井草二丁目44番7号　長坂ビル1階,オリジン東秀株式会社,飲食店営業,4杉保衛食第82号　,03-3394-3117,令和04.05.13　,令和11.05.31
珈琲  物豆奇　東京都杉並区西荻北三丁目12番10号,山田広政,飲食店営業,4杉保衛食第147号　3395-9569,令和04.05.11　令和10.05.31,,,,8,11,11,珈琲  物豆奇　,東京都杉並区西荻北三丁目12番10号,山田広政,飲食店営業,4杉保衛食第147号　,3395-9569,令和04.05.11　,令和10.05.31
Cerchio　東京都杉並区西荻北三丁目31番7号　石田ビル1F,野口貴弘,飲食店営業,4杉保衛食第127号　03-6913-8171,令和04.05.10　令和11.05.31,,,,8,11,11,Cerchio　,東京都杉並区西荻北三丁目31番7号　石田ビル1F,野口貴弘,飲食店営業,4杉保衛食第127号　,03-6913-8171,令和04.05.10　,令和11.05.31
まめなとうふ店　東京都杉並区西荻北四丁目1番10号,株式会社まめなとうふ店,飲食店営業,4杉保衛食第154号　,令和04.05.17　令和10.05.31,,,,8,11,11,まめなとうふ店　,東京都杉並区西荻北四丁目1番10号,株式会社まめなとうふ店,飲食店営業,4杉保衛食第154号　,,令和04.05.17　,令和10.05.31
珍竹林　東京都杉並区西荻北四丁目3番16号,高橋教子,飲食店営業,4杉保衛食第100号　3396-3931,令和04.05.10　令和10.05.31,,,,4,11,11,珍竹林　,東京都杉並区西荻北四丁目3番16号,高橋教子,飲食店営業,4杉保衛食第100号　,3396-3931,令和04.05.10　,令和10.05.31
ペーパーバン　東京都杉並区西荻北四丁目28番10号,白子征次郎,飲食店営業,4杉保衛食第146号　3395-6415,令和04.05.11　令和10.05.31,,,,7,11,11,ペーパーバン　,東京都杉並区西荻北四丁目28番10号,白子征次郎,飲食店営業,4杉保衛食第146号　,3395-6415,令和04.05.11　,令和10.05.31
爽亭荻窪　東京都杉並区上荻一丁目7番1号　階段上,株式会社ジャパン・トラベル・サーヴィス,飲食店営業,4杉保衛食第135号　03-3392-8957,令和04.05.30　令和10.05.31,,,,5,11,11,爽亭荻窪　,東京都杉並区上荻一丁目7番1号　階段上,株式会社ジャパン・トラベル・サーヴィス,飲食店営業,4杉保衛食第135号　,03-3392-8957,令和04.05.30　,令和10.05.31
やきとんあさちゃん  荻窪店　東京都杉並区上荻一丁目7番4号　荻窪さくらやビル1階,株式会社フォーシーズ,飲食店営業,4杉保衛食第241号　03-5347-2977,令和04.05.30　令和11.05.31,,,,15,11,11,やきとんあさちゃん  荻窪店　,東京都杉並区上荻一丁目7番4号　荻窪さくらやビル1階,株式会社フォーシーズ,飲食店営業,4杉保衛食第241号　,03-5347-2977,令和04.05.30　,令和11.05.31
ペッパーランチ  荻窪駅西口店　東京都杉並区上荻一丁目15番2号　丸三ビル1階,株式会社ホットパレット,飲食店営業,4杉保衛食第158号　03-6279-9511,令和04.05.13　令和11.05.31,,,,16,11,11,ペッパーランチ  荻窪駅西口店　,東京都杉並区上荻一丁目15番2号　丸三ビル1階,株式会社ホットパレット,飲食店営業,4杉保衛食第158号　,03-6279-9511,令和04.05.13　,令和11.05.31
居楽屋  笑笑　東京都杉並区上荻一丁目16番16号　ユアビルI    5階,株式会社モンテローザフーズ,飲食店営業,4杉保衛食第106号　03-5397-2488,令和04.05.13　令和11.05.31,,,,8,11,11,居楽屋  笑笑　,東京都杉並区上荻一丁目16番16号　ユアビルI    5階,株式会社モンテローザフーズ,飲食店営業,4杉保衛食第106号　,03-5397-2488,令和04.05.13　,令和11.05.31
ファミリーマート杉並上荻二丁目店　東京都杉並区上荻二丁目15番23号,株式会社フォーティーンシップス,飲食店営業,4杉保衛食第143号　5311-8577,令和04.05.16　令和11.05.31,,,,17,11,11,ファミリーマート杉並上荻二丁目店　,東京都杉並区上荻二丁目15番23号,株式会社フォーティーンシップス,飲食店営業,4杉保衛食第143号　,5311-8577,令和04.05.16　,令和11.05.31
洋食のみかさ　東京都杉並区上荻四丁目6番7号　サンケーマンション101,有限会社洋食のみかさ,飲食店営業,4杉保衛食第149号　3396-9922,令和04.05.11　令和10.05.31,,,,7,11,11,洋食のみかさ　,東京都杉並区上荻四丁目6番7号　サンケーマンション101,有限会社洋食のみかさ,飲食店営業,4杉保衛食第149号　,3396-9922,令和04.05.11　,令和10.05.31
大むら　東京都杉並区本天沼二丁目43番9号,木村庸之,飲食店営業,4杉保衛食第141号　03-3390-7646,令和04.05.19　令和10.05.31,,,,4,11,11,大むら　,東京都杉並区本天沼二丁目43番9号,木村庸之,飲食店営業,4杉保衛食第141号　,03-3390-7646,令和04.05.19　,令和10.05.31
焼肉  たいが　東京都杉並区天沼三丁目11番3号　モアビル2階,有限会社ニューマイトリー,飲食店営業,4杉保衛食第140号　03-3391-7707,令和04.05.23　令和10.05.31,,,,8,11,11,焼肉  たいが　,東京都杉並区天沼三丁目11番3号　モアビル2階,有限会社ニューマイトリー,飲食店営業,4杉保衛食第140号　,03-3391-7707,令和04.05.23　,令和10.05.31
ラベイユ  荻窪本店　東京都杉並区天沼三丁目27番9号,L'ABEILLE株式会社,飲食店営業,4杉保衛食第173号　03-3398-1778,令和04.05.25　令和10.05.31,,,,11,11,11,ラベイユ  荻窪本店　,東京都杉並区天沼三丁目27番9号,L'ABEILLE株式会社,飲食店営業,4杉保衛食第173号　,03-3398-1778,令和04.05.25　,令和10.05.31
だいこん屋　東京都杉並区阿佐谷北一丁目9番2号　ニュー阿佐谷マンション1階,松本純,飲食店営業,4杉保衛食第112号　03-3338-7791,令和04.05.25　令和10.05.31,,,,6,11,11,だいこん屋　,東京都杉並区阿佐谷北一丁目9番2号　ニュー阿佐谷マンション1階,松本純,飲食店営業,4杉保衛食第112号　,03-3338-7791,令和04.05.25　,令和10.05.31
青ニ才　東京都杉並区阿佐谷北二丁目2番2号　阿佐ヶ谷北2丁目駅前ビル,株式会社青ニ才,飲食店営業,4杉保衛食第170号　03-6750-8231,令和04.05.25　令和10.05.31,,,,4,11,11,青ニ才　,東京都杉並区阿佐谷北二丁目2番2号　阿佐ヶ谷北2丁目駅前ビル,株式会社青ニ才,飲食店営業,4杉保衛食第170号　,03-6750-8231,令和04.05.25　,令和10.05.31
東京ぐれっち　東京都杉並区阿佐谷北二丁目3番3号西側,村橋勇ニ,飲食店営業,4杉保衛食第108号　03-5364-9509,令和04.05.19　令和10.05.31,,,,7,11,11,東京ぐれっち　,東京都杉並区阿佐谷北二丁目3番3号西側,村橋勇ニ,飲食店営業,4杉保衛食第108号　,03-5364-9509,令和04.05.19　,令和10.05.31
結　東京都杉並区阿佐谷北二丁目5番9号,小路隆宗,飲食店営業,4杉保衛食第195 号　,令和04.05.27　令和10.05.31,,,,2,12,11,結　,東京都杉並区阿佐谷北二丁目5番9号,小路隆宗,飲食店営業,4杉保衛食第195 号　,,令和04.05.27　,令和10.05.31
あるぼらん'89　東京都杉並区阿佐谷北二丁目11番2号　(2階）,佐々木義孝,飲食店営業,4杉保衛食第157号　03-3330-8341,令和04.05.09　令和10.05.31,,,,9,11,11,あるぼらん'89　,東京都杉並区阿佐谷北二丁目11番2号　(2階）,佐々木義孝,飲食店営業,4杉保衛食第157号　,03-3330-8341,令和04.05.09　,令和10.05.31
寿司、酒肴、瑞穂野　東京都杉並区阿佐谷北四丁目7番10号,大根田稔,飲食店営業,4杉保衛食第87号　03-3310-7979,令和04.05.24　令和10.05.31,,,,10,10,11,寿司、酒肴、瑞穂野　,東京都杉並区阿佐谷北四丁目7番10号,大根田稔,飲食店営業,4杉保衛食第87号　,03-3310-7979,令和04.05.24　,令和10.05.31
ムスビ　東京都杉並区阿佐谷南一丁目11番2号　Wings1F,株式会社Good   Vibes,飲食店営業,4杉保衛食第182号　03-5929-9015,令和04.05.27　令和11.05.31,,,,4,11,11,ムスビ　,東京都杉並区阿佐谷南一丁目11番2号　Wings1F,株式会社Good   Vibes,飲食店営業,4杉保衛食第182号　,03-5929-9015,令和04.05.27　,令和11.05.31
ピーコックストア阿佐谷店　東京都杉並区阿佐谷南一丁目32番10号　B1,イオンマーケット株式会社,飲食店営業,4杉保衛食第205 号　03-3315-1751,令和04.05.27　令和11.05.31,,,,13,12,11,ピーコックストア阿佐谷店　,東京都杉並区阿佐谷南一丁目32番10号　B1,イオンマーケット株式会社,飲食店営業,4杉保衛食第205 号　,03-3315-1751,令和04.05.27　,令和11.05.31
酒場むゆう　東京都杉並区阿佐谷南二丁目20番7号田中ビル1F,株式会社Good   Vibes,飲食店営業,4杉保衛食第180号　03-6383-1250,令和04.05.27　令和10.05.31,,,,6,11,11,酒場むゆう　,東京都杉並区阿佐谷南二丁目20番7号田中ビル1F,株式会社Good   Vibes,飲食店営業,4杉保衛食第180号　,03-6383-1250,令和04.05.27　,令和10.05.31
十六夜　東京都杉並区阿佐谷南三丁目37番5号,芦田範子,飲食店営業,4杉保衛食第125号　03-5397-1664,令和04.05.20　令和10.05.31,,,,4,11,11,十六夜　,東京都杉並区阿佐谷南三丁目37番5号,芦田範子,飲食店営業,4杉保衛食第125号　,03-5397-1664,令和04.05.20　,令和10.05.31
サンドーレ阿佐谷南口店　東京都杉並区阿佐谷南三丁目44番9号,庄島厚,飲食店営業,4杉保衛食第123号　03-3398-7208,令和04.05.11　令和10.05.31,,,,12,11,11,サンドーレ阿佐谷南口店　,東京都杉並区阿佐谷南三丁目44番9号,庄島厚,飲食店営業,4杉保衛食第123号　,03-3398-7208,令和04.05.11　,令和10.05.31
LIVE   MUSIC  JIROKICHI　東京都杉並区高円寺北二丁目3番4号　高円寺ビル地下,有限会社次郎吉,飲食店営業,4杉保衛食第189号　3339-2727,令和04.05.24　令和10.05.31,,,,24,11,11,LIVE   MUSIC  JIROKICHI　,東京都杉並区高円寺北二丁目3番4号　高円寺ビル地下,有限会社次郎吉,飲食店営業,4杉保衛食第189号　,3339-2727,令和04.05.24　,令和10.05.31
丸山鶏飯製作所　東京都杉並区高円寺北二丁目22番6号　楓ビル1F,株式会社ソリストジャパン,飲食店営業,4杉保衛食第164号　03-5356-9980,令和04.05.24　令和11.05.31,,,,8,11,11,丸山鶏飯製作所　,東京都杉並区高円寺北二丁目22番6号　楓ビル1F,株式会社ソリストジャパン,飲食店営業,4杉保衛食第164号　,03-5356-9980,令和04.05.24　,令和11.05.31
やしろ食堂　東京都杉並区高円寺北三丁目17番3号　メゾンシャトレ1階,渡辺春雄,飲食店営業,4杉保衛食第121号　03-3330-4632,令和04.05.23　令和10.05.31,,,,6,11,11,やしろ食堂　,東京都杉並区高円寺北三丁目17番3号　メゾンシャトレ1階,渡辺春雄,飲食店営業,4杉保衛食第121号　,03-3330-4632,令和04.05.23　,令和10.05.31
高円寺酔民酒場  SHABA-DABA　東京都杉並区高円寺北三丁目22番7号　プラザ高円寺2階I号室,石井隆太,飲食店営業,4杉保衛食第126号　03-3338-1714,令和04.05.17　令和11.05.31,,,,20,11,11,高円寺酔民酒場  SHABA-DABA　,東京都杉並区高円寺北三丁目22番7号　プラザ高円寺2階I号室,石井隆太,飲食店営業,4杉保衛食第126号　,03-3338-1714,令和04.05.17　,令和11.05.31
三浜屋　東京都杉並区高円寺北三丁目33番2号,永濱力也,飲食店営業,4杉保衛食第103号　3336-3472,令和04.05.20　令和10.05.31,,,,4,11,11,三浜屋　,東京都杉並区高円寺北三丁目33番2号,永濱力也,飲食店営業,4杉保衛食第103号　,3336-3472,令和04.05.20　,令和10.05.31
芋ぴっぴ。高円寺店　東京都杉並区高円寺北三丁目33番16号　高円寺かめやビル1F,株式会社エール,飲食店営業,4杉保衛食第207号　,令和04.05.27　令和10.05.31,,,,10,11,11,芋ぴっぴ。高円寺店　,東京都杉並区高円寺北三丁目33番16号　高円寺かめやビル1F,株式会社エール,飲食店営業,4杉保衛食第207号　,,令和04.05.27　,令和10.05.31
居酒屋てるてる坊主　東京都杉並区高円寺南一丁目6番10号　土佐谷ビル2F,竹花昌晃,飲食店営業,4杉保衛食第122号　,令和04.05.23　令和10.05.31,,,,10,11,11,居酒屋てるてる坊主　,東京都杉並区高円寺南一丁目6番10号　土佐谷ビル2F,竹花昌晃,飲食店営業,4杉保衛食第122号　,,令和04.05.23　,令和10.05.31
G・ザック　東京都杉並区高円寺南一丁目32番10号,海南宏子,飲食店営業,4杉保衛食第124号　,令和04.05.23　令和10.05.31,,,,6,11,11,G・ザック　,東京都杉並区高円寺南一丁目32番10号,海南宏子,飲食店営業,4杉保衛食第124号　,,令和04.05.23　,令和10.05.31
あいはらや　東京都杉並区高円寺南三丁目3番3号　ツチダビル1階,有限会社ユー・アイ・エイ・コーポレーション,飲食店営業,4杉保衛食第118 号　3315-5455,令和04.05.19　令和11.05.31,,,,6,12,11,あいはらや　,東京都杉並区高円寺南三丁目3番3号　ツチダビル1階,有限会社ユー・アイ・エイ・コーポレーション,飲食店営業,4杉保衛食第118 号　,3315-5455,令和04.05.19　,令和11.05.31
ファミリーマート高円寺南三丁目店　東京都杉並区高円寺南三丁目7番3号,有限会社カドゥルガ,飲食店営業,4杉保衛食第166号　03-5305-7890,令和04.05.13　令和11.05.31,,,,17,11,11,ファミリーマート高円寺南三丁目店　,東京都杉並区高円寺南三丁目7番3号,有限会社カドゥルガ,飲食店営業,4杉保衛食第166号　,03-5305-7890,令和04.05.13　,令和11.05.31
いろは鮨　東京都杉並区高円寺南三丁目45番11号,有限会社いろは,飲食店営業,4杉保衛食第117号　3311-8761,令和04.05.16　令和10.05.31,,,,5,11,11,いろは鮨　,東京都杉並区高円寺南三丁目45番11号,有限会社いろは,飲食店営業,4杉保衛食第117号　,3311-8761,令和04.05.16　,令和10.05.31
福は家　東京都杉並区高円寺南三丁目58番3号,株式会社福は家,飲食店営業,4杉保衛食第115 号　3316-9600,令和04.05.25　令和11.05.31,,,,4,12,11,福は家　,東京都杉並区高円寺南三丁目58番3号,株式会社福は家,飲食店営業,4杉保衛食第115 号　,3316-9600,令和04.05.25　,令和11.05.31
Kulz   Bar　東京都杉並区高円寺南三丁目58番18号　2F西側,株式会社ノラや,飲食店営業,4杉保衛食第162号　03-5306-1700,令和04.05.17　令和10.05.31,,,,11,11,11,Kulz   Bar　,東京都杉並区高円寺南三丁目58番18号　2F西側,株式会社ノラや,飲食店営業,4杉保衛食第162号　,03-5306-1700,令和04.05.17　,令和10.05.31
Flower X Flower X Flower　東京都杉並区高円寺南四丁目7番4号　タワー第7日東ビル1階,株式会社B·F,飲食店営業,4杉保衛食第107号　,令和04.05.19　令和10.05.31,,,,25,11,11,Flower X Flower X Flower　,東京都杉並区高円寺南四丁目7番4号　タワー第7日東ビル1階,株式会社B·F,飲食店営業,4杉保衛食第107号　,,令和04.05.19　,令和10.05.31
Sansiro　東京都杉並区高円寺南四丁目7番13号　仲野ビルニ号室,合同会社eight,飲食店営業,4杉保衛食第129号　03-6454-6711,令和04.05.13　令和10.05.31,,,,8,11,11,Sansiro　,東京都杉並区高円寺南四丁目7番13号　仲野ビルニ号室,合同会社eight,飲食店営業,4杉保衛食第129号　,03-6454-6711,令和04.05.13　,令和10.05.31
穂わ心  café 　東京都杉並区高円寺南四丁目11番1号　メゾン寿103号室,岩佐美穂,飲食店営業,4杉保衛食第110号　03-3313-0831,令和04.05.13　令和10.05.31,,,,11,11,11,穂わ心  café 　,東京都杉並区高円寺南四丁目11番1号　メゾン寿103号室,岩佐美穂,飲食店営業,4杉保衛食第110号　,03-3313-0831,令和04.05.13　,令和10.05.31
ローソン・スリーエフ高円寺店　東京都杉並区高円寺南四丁目23番7号,株式会社エル・ティーエフ,飲食店営業,4杉保衛食第178号　03-3317-7622,令和04.05.23　令和11.05.31,,,,15,11,11,ローソン・スリーエフ高円寺店　,東京都杉並区高円寺南四丁目23番7号,株式会社エル・ティーエフ,飲食店営業,4杉保衛食第178号　,03-3317-7622,令和04.05.23　,令和11.05.31
串どころ田け　東京都杉並区高円寺南四丁目24番4号　橋本ビル1F,武田秀一,飲食店営業,4杉保衛食第114号　03-3318-2294,令和04.05.19　令和10.05.31,,,,7,11,11,串どころ田け　,東京都杉並区高円寺南四丁目24番4号　橋本ビル1F,武田秀一,飲食店営業,4杉保衛食第114号　,03-3318-2294,令和04.05.19　,令和10.05.31
ビストロ  ラポムドパン　東京都杉並区高円寺南四丁目26番5号　YSビル1階,松本陽介,飲食店営業,4杉保衛食第193号　03-5929-7756,令和04.05.26　令和10.05.31,,,,13,11,11,ビストロ  ラポムドパン　,東京都杉並区高円寺南四丁目26番5号　YSビル1階,松本陽介,飲食店営業,4杉保衛食第193号　,03-5929-7756,令和04.05.26　,令和10.05.31
中国料理祥龍房　東京都杉並区高円寺南四丁目27番2号　パレスハイツ103号室,有限会社祥龍,飲食店営業,4杉保衛食第188号　03-5378-1128,令和04.05.26　令和11.05.31,,,,8,11,11,中国料理祥龍房　,東京都杉並区高円寺南四丁目27番2号　パレスハイツ103号室,有限会社祥龍,飲食店営業,4杉保衛食第188号　,03-5378-1128,令和04.05.26　,令和11.05.31
MAGIC   V　東京都杉並区高円寺南四丁目42番1号　田ロビルB1,立花由起子,飲食店営業,4杉保衛食第165号　03-5378-5055,令和04.05.13　令和10.05.31,,,,10,11,11,MAGIC   V　,東京都杉並区高円寺南四丁目42番1号　田ロビルB1,立花由起子,飲食店営業,4杉保衛食第165号　,03-5378-5055,令和04.05.13　,令和10.05.31
日本ゼネラルフード(1319)事業所　東京都杉並区店円寺南五丁目11番35号　メルセス修道院  食堂,日本ゼネラルフード株式会社,飲食店営業,4杉保衛食第84号　03-3316-7557,令和04.05.30　令和10.05.31,,,,19,10,11,日本ゼネラルフード(1319)事業所　,東京都杉並区店円寺南五丁目11番35号　メルセス修道院  食堂,日本ゼネラルフード株式会社,飲食店営業,4杉保衛食第84号　,03-3316-7557,令和04.05.30　,令和10.05.31
フルハウス　東京都杉並区高円寺南五丁目39番4号,原田めぐみ,飲食店営業,4杉保衛食第175号　03-5913-7323,令和04.05.19　令和10.05.31,,,,6,11,11,フルハウス　,東京都杉並区高円寺南五丁目39番4号,原田めぐみ,飲食店営業,4杉保衛食第175号　,03-5913-7323,令和04.05.19　,令和10.05.31
Tacos  タジマ　東京都杉並区和田三丁目50番9号　ハマハウス1F,田嶋裕介,飲食店営業,4杉保衛食第159号　,令和04.05.12　令和10.05.31,,,,11,11,11,Tacos  タジマ　,東京都杉並区和田三丁目50番9号　ハマハウス1F,田嶋裕介,飲食店営業,4杉保衛食第159号　,,令和04.05.12　,令和10.05.31
Kitchen   BASE  高円寺504　東京都杉並区和田三丁目53番10号,Tokyo   Infra   One合同会社,飲食店営業,4杉保衛食第192号　03-6454-6180,令和04.05.24　令和11.05.31,,,,23,11,11,Kitchen   BASE  高円寺504　,東京都杉並区和田三丁目53番10号,Tokyo   Infra   One合同会社,飲食店営業,4杉保衛食第192号　,03-6454-6180,令和04.05.24　,令和11.05.31
Kitchen   BASE高円寺　東京都杉並区和田三丁目53番10号　Kitchen   BASE高円寺102,橋本慎哉,飲食店営業,4杉保衛食第131号　,令和04.05.10　令和11.05.31,,,,18,11,11,Kitchen   BASE高円寺　,東京都杉並区和田三丁目53番10号　Kitchen   BASE高円寺102,橋本慎哉,飲食店営業,4杉保衛食第131号　,,令和04.05.10　,令和11.05.31
boel　東京都杉並区方南一丁目12番13号　1階,阿部薫,飲食店営業,4杉保衛食第203号　050-3559-1195,令和04.05.31　令和10.05.31,,,,5,11,11,boel　,東京都杉並区方南一丁目12番13号　1階,阿部薫,飲食店営業,4杉保衛食第203号　,050-3559-1195,令和04.05.31　,令和10.05.31
ホームローストカフェウエストウッド　東京都杉並区方南二丁目27番17号,大場俊明,飲食店営業,4杉保衛食第105号　3317-3636,令和04.05.13　令和11.05.31,,,,18,11,11,ホームローストカフェウエストウッド　,東京都杉並区方南二丁目27番17号,大場俊明,飲食店営業,4杉保衛食第105号　,3317-3636,令和04.05.13　,令和11.05.31
中央三井信託銀行明大前事務センター食堂　東京都杉並区和泉二丁目8番3号,シダックスコントラクトフードサービス株式会社,飲食店営業,4杉保衛食第167号　03-3325-4731,令和04.05.24　令和11.05.31,,,,20,11,11,中央三井信託銀行明大前事務センター食堂　,東京都杉並区和泉二丁目8番3号,シダックスコントラクトフードサービス株式会社,飲食店営業,4杉保衛食第167号　,03-3325-4731,令和04.05.24　,令和11.05.31
ケンタッキー・フライド・チキン永福町　東京都杉並区和泉三丁目4番2号,日本ケンタッキー・フライド・チキン株式会社,飲食店営業,4杉保衛食第186号　03-5376-7161,令和04.05.23　令和10.05.31,,,,19,11,11,ケンタッキー・フライド・チキン永福町　,東京都杉並区和泉三丁目4番2号,日本ケンタッキー・フライド・チキン株式会社,飲食店営業,4杉保衛食第186号　,03-5376-7161,令和04.05.23　,令和10.05.31
スナック百恵　東京都杉並区堀ノ内二丁目28番14号　カジウラビル2F,奥村悦,飲食店営業,4杉保衛食第200号　03-3316-2611,令和04.05.30　令和10.05.31,,,,7,11,11,スナック百恵　,東京都杉並区堀ノ内二丁目28番14号　カジウラビル2F,奥村悦,飲食店営業,4杉保衛食第200号　,03-3316-2611,令和04.05.30　,令和10.05.31
一心太助　東京都杉並区梅里一丁目7番14号　シャトー新高円寺B1,齊藤俊男,飲食店営業,4杉保衛食第109号　3313-6234,令和04.05.13　令和10.05.31,,,,5,11,11,一心太助　,東京都杉並区梅里一丁目7番14号　シャトー新高円寺B1,齊藤俊男,飲食店営業,4杉保衛食第109号　,3313-6234,令和04.05.13　,令和10.05.31
麺や天鳳　東京都杉並区梅里二丁目9番10号　ライオンズマンション高円寺108,石井学,飲食店営業,4杉保衛食第161号　03-3318-7338,令和04.05.13　令和11.05.31,,,,5,11,11,麺や天鳳　,東京都杉並区梅里二丁目9番10号　ライオンズマンション高円寺108,石井学,飲食店営業,4杉保衛食第161号　,03-3318-7338,令和04.05.13　,令和11.05.31
トレビヤン　東京都杉並区久我山五丁目22番11号　トロワスール久我山101,有限会社アイ・エイ・ジャパン,撤食店営業,4杉保衛食第142号　03-3334-2877,令和04.05.20　令和10.05.31,,,,6,11,11,トレビヤン　,東京都杉並区久我山五丁目22番11号　トロワスール久我山101,有限会社アイ・エイ・ジャパン,撤食店営業,4杉保衛食第142号　,03-3334-2877,令和04.05.20　,令和10.05.31
社会福祉法人浴風会浴風会病院・老健くぬぎ　東京都杉並区高井戸西一丁目12番1号,株式会社LEOC,飲食店営業,4杉保衛食第179号　,令和04.05.25　令和11.05.31,,,,21,11,11,社会福祉法人浴風会浴風会病院・老健くぬぎ　,東京都杉並区高井戸西一丁目12番1号,株式会社LEOC,飲食店営業,4杉保衛食第179号　,,令和04.05.25　,令和11.05.31
チャームプレミア浜田山　東京都杉並区浜田山二丁目11番17号,株式会社LEOC,飲食店営業,4杉保衛食第153号　,令和04.05.12　令和11.05.31,,,,12,11,11,チャームプレミア浜田山　,東京都杉並区浜田山二丁目11番17号,株式会社LEOC,飲食店営業,4杉保衛食第153号　,,令和04.05.12　,令和11.05.31
ベトナムカフェシクロ　東京都杉並区浜田山二丁目18番1号,株式会社エスコート,飲食店営業,4杉保衛食第116号　03-5317-5566,令和04.05.12　令和10.05.31,,,,11,11,11,ベトナムカフェシクロ　,東京都杉並区浜田山二丁目18番1号,株式会社エスコート,飲食店営業,4杉保衛食第116号　,03-5317-5566,令和04.05.12　,令和10.05.31
LIBRA　東京都杉並区浜田山三丁目18番12号　シャルム浜田山1F,町田恵子,飲食店営業,4杉保衛食第156号　,令和04.05.11　令和10.05.31,,,,6,11,11,LIBRA　,東京都杉並区浜田山三丁目18番12号　シャルム浜田山1F,町田恵子,飲食店営業,4杉保衛食第156号　,,令和04.05.11　,令和10.05.31
桃串　東京都杉並区浜田山三丁目32番6号　熊倉ビルB1,株式会社MOMO,飲食店営業,4杉保衛食第187号　03-3304-8529,令和04.05.25　令和10.05.31,,,,3,11,11,桃串　,東京都杉並区浜田山三丁目32番6号　熊倉ビルB1,株式会社MOMO,飲食店営業,4杉保衛食第187号　,03-3304-8529,令和04.05.25　,令和10.05.31
Pubペントハウス　東京都杉並区下高井戸一丁目22番2号　地下1階,有限会社ペント企画,飲食店営業,4杉保衛食第169号　3306-1200,令和04.05.18　令和10.05.31,,,,10,11,11,Pubペントハウス　,東京都杉並区下高井戸一丁目22番2号　地下1階,有限会社ペント企画,飲食店営業,4杉保衛食第169号　,3306-1200,令和04.05.18　,令和10.05.31
スーパーバリュー杉並高井戸店　東京都杉並区下高井戸五丁目12番12号,株式会社スーパーバリュー,飲食店営業,4杉保衛食第119号　5316-3033,令和04.05.13　令和08.04.30,,,,15,11,11,スーパーバリュー杉並高井戸店　,東京都杉並区下高井戸五丁目12番12号,株式会社スーパーバリュー,飲食店営業,4杉保衛食第119号　,5316-3033,令和04.05.13　,令和08.04.30
スーパーバリュー杉並高井戸店　東京都杉並区下高井戸五丁目12番12号,株式会社スーパーバリュー,飲食店営業,4杉保衛食第120号　5316-3033,令和04.05.13　令和08.04.30,,,,15,11,11,スーパーバリュー杉並高井戸店　,東京都杉並区下高井戸五丁目12番12号,株式会社スーパーバリュー,飲食店営業,4杉保衛食第120号　,5316-3033,令和04.05.13　,令和08.04.30
オリンピック高井戸店　東京都杉並区高井戸東三丁目21番17号,株式会社Olympic,飲食店営業,4杉保衛食第137号　3331-2511,令和04.05.18　令和11.05.31,,,,11,11,11,オリンピック高井戸店　,東京都杉並区高井戸東三丁目21番17号,株式会社Olympic,飲食店営業,4杉保衛食第137号　,3331-2511,令和04.05.18　,令和11.05.31
BOLOTI  高井戸本店　東京都杉並区高井戸東四丁目10番35号,杉山貴広,飲食店営業,4杉保衛食第134号　03-5370-1186,令和04.05.11　令和10.05.31,,,,14,11,11,BOLOTI  高井戸本店　,東京都杉並区高井戸東四丁目10番35号,杉山貴広,飲食店営業,4杉保衛食第134号　,03-5370-1186,令和04.05.11　,令和10.05.31
郷土そば  やぶ　東京都杉並区荻窪一丁目58番13号,田中治,飲食店営業,4杉保衛食第151号03-3398-6015,令和04.05.19　令和10.05.31,,,,9,#VALUE!,11,郷土そば  やぶ　,東京都杉並区荻窪一丁目58番13号,田中治,飲食店営業,4杉保衛食第151号,03-3398-6015,令和04.05.19　,令和10.05.31
vivo   daily   stand  荻窪店　東京都杉並区荻窪四丁目21番12号,VIVO  PRODUCTION   TOKYO株式会社,飲食店営業,4杉保衛食第160号　03-6383-5519,令和04.05.24　令和10.05.31,,,,26,11,11,vivo   daily   stand  荻窪店　,東京都杉並区荻窪四丁目21番12号,VIVO  PRODUCTION   TOKYO株式会社,飲食店営業,4杉保衛食第160号　,03-6383-5519,令和04.05.24　,令和10.05.31
Beer   and   snacks  KUROSANCHI　東京都杉並区荻窪五丁目7番11号,石黒和宏,飲食店営業,4杉保衛食第184号　,令和04.05.24　令和10.05.31,,,,32,11,11,Beer   and   snacks  KUROSANCHI　,東京都杉並区荻窪五丁目7番11号,石黒和宏,飲食店営業,4杉保衛食第184号　,,令和04.05.24　,令和10.05.31
てんぷら  祥天　東京都杉並区荻窪五丁目8番18号　メゾンカッコーII 1F,武田祥一,飲食店営業,4杉保衛食第163号　03-6279-9199,令和04.05.19　令和11.05.31,,,,9,11,11,てんぷら  祥天　,東京都杉並区荻窪五丁目8番18号　メゾンカッコーII 1F,武田祥一,飲食店営業,4杉保衛食第163号　,03-6279-9199,令和04.05.19　,令和11.05.31
京城園　東京都杉並区荻窪五丁目21番9号,康玉仙,飲食店営業,4杉保衛食第152号　03-3393-1508,令和04.05.20　令和10.05.31,,,,4,11,11,京城園　,東京都杉並区荻窪五丁目21番9号,康玉仙,飲食店営業,4杉保衛食第152号　,03-3393-1508,令和04.05.20　,令和10.05.31
リラ　東京都杉並区荻窪五丁目24番7号　3F,二宮眞知子,敵食店営業,4杉保衛食第145 号　03-5397-1580,令和04.05.20　令和10.05.31,,,,3,12,11,リラ　,東京都杉並区荻窪五丁目24番7号　3F,二宮眞知子,敵食店営業,4杉保衛食第145 号　,03-5397-1580,令和04.05.20　,令和10.05.31
えびはら　東京都杉並区荻窪五丁目29番13号　グランヴァン荻窪1階,海老原悟,飲食店営業,4杉保衛食第155号　03-3393-6053,令和04.05.10　令和11.05.31,,,,5,11,11,えびはら　,東京都杉並区荻窪五丁目29番13号　グランヴァン荻窪1階,海老原悟,飲食店営業,4杉保衛食第155号　,03-3393-6053,令和04.05.10　,令和11.05.31
飯酒屋  Yoake　東京都杉並区荻窪五丁目30番12号　グローリアビル2-14号室,株式会社MotherShips,飲食店営業,4杉保衛食第62号　03-6383-5377,令和04.05.06　令和10.05.31,,,,11,10,11,飯酒屋  Yoake　,東京都杉並区荻窪五丁目30番12号　グローリアビル2-14号室,株式会社MotherShips,飲食店営業,4杉保衛食第62号　,03-6383-5377,令和04.05.06　,令和10.05.31
spicaのおやっ　東京都杉並区西荻南二丁目22番4号　2F,佐々木真美,飲食店営業,4杉保衛食第190号　,令和04.05.27　令和11.05.31,,,,10,11,11,spicaのおやっ　,東京都杉並区西荻南二丁目22番4号　2F,佐々木真美,飲食店営業,4杉保衛食第190号　,,令和04.05.27　,令和11.05.31
BAR   1956　東京都杉並区西荻南二丁目25番6号　2F,牧野布美恵,飲食店営業,4杉保衛食第194号　03-5941-5596,令和04.05.31　令和10.05.31,,,,11,11,11,BAR   1956　,東京都杉並区西荻南二丁目25番6号　2F,牧野布美恵,飲食店営業,4杉保衛食第194号　,03-5941-5596,令和04.05.31　,令和10.05.31
焼烏  戎　東京都杉並区西荻南三丁目11番6号,戎井力,飲食店営業,4杉保衛食第139号　3332-2955,令和04.05.19　令和10.05.31,,,,6,11,11,焼烏  戎　,東京都杉並区西荻南三丁目11番6号,戎井力,飲食店営業,4杉保衛食第139号　,3332-2955,令和04.05.19　,令和10.05.31
Ronnies　東京都杉並区西荻南三丁目11番12号　2F,清水潤一郎,飲食店営業,4杉保衛食第138号　3334-1318,令和04.05.23　令和10.05.31,,,,8,11,11,Ronnies　,東京都杉並区西荻南三丁目11番12号　2F,清水潤一郎,飲食店営業,4杉保衛食第138号　,3334-1318,令和04.05.23　,令和10.05.31
bow　東京都杉並区西荻南三丁目19番13号　八重コーポ1階,伊藤万理恵,飲食店営業,4杉保衛食第185号　,令和04.05.31　令和10.05.31,,,,4,11,11,bow　,東京都杉並区西荻南三丁目19番13号　八重コーポ1階,伊藤万理恵,飲食店営業,4杉保衛食第185号　,,令和04.05.31　,令和10.05.31
山海小料理  むさしの　東京都杉並区西荻南三丁目24番1号　マイロード内,株式会社新馬,飲食店営業,4杉保衛食第97号　03-6915-0332,令和04.05.12　令和11.05.31,,,,12,10,11,山海小料理  むさしの　,東京都杉並区西荻南三丁目24番1号　マイロード内,株式会社新馬,飲食店営業,4杉保衛食第97号　,03-6915-0332,令和04.05.12　,令和11.05.31
越後  北の庄　東京都杉並区西荻南三丁目25番27号　西友西荻窪店1階,株式会社サンクス,飲食店営業,4杉保衛食第177号　3390-1177,令和04.05.19　令和11.05.31,,,,8,11,11,越後  北の庄　,東京都杉並区西荻南三丁目25番27号　西友西荻窪店1階,株式会社サンクス,飲食店営業,4杉保衛食第177号　,3390-1177,令和04.05.19　,令和11.05.31
ちよだ鮨　東京都杉並区西荻南三丁目25番27号　西友西荻窪店内,株式会社ちよだ鮨,飲食店営業,4杉保衛食第130号　3397-6620,令和04.05.19　令和11.05.31,,,,5,11,11,ちよだ鮨　,東京都杉並区西荻南三丁目25番27号　西友西荻窪店内,株式会社ちよだ鮨,飲食店営業,4杉保衛食第130号　,3397-6620,令和04.05.19　,令和11.05.31
日本一西友西荻窪店　東京都杉並区西荻南三丁目25番27号,株式会社日本一,飲食店営業,4杉保衛食第99号　03-5303-7910,令和04.05.19　令和11.05.31,,,,10,10,11,日本一西友西荻窪店　,東京都杉並区西荻南三丁目25番27号,株式会社日本一,飲食店営業,4杉保衛食第99号　,03-5303-7910,令和04.05.19　,令和11.05.31
SAWYER  CAFE　東京都杉並区松庵三丁目38番20号　KURA松庵102,本多玲子,飲食店営業,4杉保衛食第196号　03-5344-9336,令和04.05.30　令和10.05.31,,,,13,11,11,SAWYER  CAFE　,東京都杉並区松庵三丁目38番20号　KURA松庵102,本多玲子,飲食店営業,4杉保衛食第196号　,03-5344-9336,令和04.05.30　,令和10.05.31
件数：                    91件,,,,,,,,,,,,,,,,,,