https://docs.google.com/spreadsheets/d/1Qy3el1DFIpxtm3-VIAdZlBmEHual1CU39oB_urGxiyI/edit#gid=508940504,,,,,,,,,,,,,,,,,,,,,,,,,,,,,,,,,,,,,,,,,,,,,,,,,,,,,,,,,,,,
119,n処理終了,,,,,,,,,,d08_import_license_datas,完了,,,,,,,,,,,,,,,,,,,,,,,,,,,,,,,,,,,,,,,,,,,,,,,,
施設名,施設-住所1,施設-住所0,施設-住所2,施設-マンション名,施設-電話番号1,業種,申請者1,申請-電話番号1,申請年月日,確認番号,ここまで,,,,,,,,,,,,,,,,,,,,,,,,,,,,,,,,,,,,,,,,,,,,,,,,,
施設名称,,施設所在地,,,施設電話番号,業種,申請者氏名,申請者電話番号,届出年月日,届出番号,,管轄保健所,名称,市外局番,電話番号,施設の郵便番号,緯度,経度,施設の住所（元住所）,施設の住所（整備）,施設マンション名,施設-住所コード,施設-都道府県,施設-郡・政令市・市区町村名,施設-大字名・字名,申請年月日,開業年月日,許可年月日,許可期間開始日,許可期間終了日,申請法人,申請者氏名(個人名),申請者（開設者）の電話番号,申請者の住所（元住所）,申請者の住所（整備）,申請マンション名,申請-住所コード,申請-都道府県,申請-郡・政令市・市区町村名,申請-大字名・字名,確認番号,申請区分,業種,業態,その他,法人番号,シート名,産業分類大,産業分類中,産業分類小,産業分類詳細,facility_idを識別するための文字列,店舗コード,company_idを識別するための文字列,法人コード,ライセンスコード,検索用日付,整備名称,整備名称2,整備申請法人
ＴＡＫＵＭＩＦＡＲＭ,兵庫県,明石市魚住町清水１５２３,明石市魚住町清水１５２３,,,農産保存食料品製造・加工業,橋本 匠,,2021年11月1日,明保生第2305号,,306,ＴＡＫＵＭＩＦＡＲＭ,078,,,,,兵庫県　明石市魚住町清水１５２３,兵庫県明石市魚住町清水１５２３,,167162,28,28203,魚住町清水,2021/11/01,,,,,,橋本 匠,,,,,,,,,明保生第2305号,,農産保存食料品製造・加工業,,,,306_兵庫県_あかし保健所_食品衛生(届出)_2021年11月-2021年12月_末日_新規、廃止,E,9,93,,ＴＡＫＵＭＩＦＡＲＭ16716228203,a7fc8a2c-9f82-43c4-8552-374fab725ee9,,personal,0ef396ec-7e2e-4266-b7ba-f70716a81818,2021/11/01,ＴＡＫＵＭＩＦＡＲＭ,ＴＡＫＵＭＩＦＡＲＭ,
カフェモロゾフ　明石ビブレ店,兵庫県,明石市大久保町ゆりのき通１－３－２ 明石ビブレ２階,明石市大久保町ゆりのき通１－３－２,明石ビブレ２階,078-935-6332,その他の食料・飲料販売業,モロゾフ株式会社 代表取締役 山口 信二,078-822-5000,2021年11月1日,明保生第2304号,,306,カフェモロゾフ　明石ビブレ店,078,078-935-6332,,,,兵庫県　明石市大久保町ゆりのき通１－３－２,兵庫県明石市大久保町ゆりノき通１－３－２,明石ビブレ２階,167332,28,28203,大久保町ゆりのき通１,2021/11/01,,,,,モロゾフ株式会社 ,代表取締役 山口 信二,078-822-5000,,,,,,,,明保生第2304号,,その他の食料品製造・加工業,(包装),,,306_兵庫県_あかし保健所_食品衛生(届出)_2021年11月-2021年12月_末日_新規、廃止,E,9,99,,カフェモロゾフ明石ビブレ店078-935-633216733228203,28cb01ef-486d-4687-9074-275406c37669,モロゾフ株式会社,0bc1821a-4e53-4613-bfe5-46d5744b20a9,4b6332c3-8431-410b-adae-e3b00fc651be,2021/11/01,カフェモロゾフ　明石ビブレ店,カフェモロゾフ明石ビブレ店,モロゾフ株式会社
ケンタッキーフライドチキン山陽明石駅店,兵庫県,明石市大明石町１－４－１,明石市大明石町１－４－１,,078-919-2302,その他の食料・飲料販売業,山商株式会社 代表取締役 竹歳 芳治,078-646-8007,2021年11月1日,明保生第2306号,,306,ケンタッキーフライドチキン山陽明石駅店,078,078-919-2302,,,,兵庫県　明石市大明石町１－４－１,兵庫県明石市大明石町１－４－１,,167172,28,28203,大明石町１,2021/11/01,,,,,山商株式会社 ,代表取締役 竹歳 芳治,078-646-8007,,,,,,,,明保生第2306号,,その他の食料品製造・加工業,(包装),,,306_兵庫県_あかし保健所_食品衛生(届出)_2021年11月-2021年12月_末日_新規、廃止,E,9,99,,ケンタッキフライドチキン山陽明石駅店078-919-230216717228203,7c269e0b-e7b9-41c3-9b1f-9fe263ed39c2,山商株式会社,4d413cf9-a576-478b-9796-215db1d348b6,17d7de54-1111-471a-93f8-2abb17d52043,2021/11/01,ケンタッキーフライドチキン山陽明石駅店,ケンタッキフライドチキン山陽明石駅店,山商株式会社
Ｈａｎａ　Ｒａｎ　Ｆｏｏｄｓ,兵庫県,明石市西明石南町１－８－１９,明石市西明石南町１－８－１９,,078-925-0081,百貨店、総合スーパー,Ｈａｎａ　Ｒａｎ　Ｆｏｏｄｓ株式会社 代表取締役 グェン・ヴァン・トアン,,2021年11月2日,明保生第2302号,,306,Ｈａｎａ　Ｒａｎ　Ｆｏｏｄｓ,078,078-925-0081,,,,兵庫県　明石市西明石南町１－８－１９,兵庫県明石市西明石南町１－８－１９,,167254,28,28203,西明石南町１,2021/11/02,,,,,Ｈａｎａ　Ｒａｎ　Ｆｏｏｄｓ株式会社 ,代表取締役 グェン・ヴァン・トアン,,,,,,,,,明保生第2302号,,百貨店、総合スーパー,,,,306_兵庫県_あかし保健所_食品衛生(届出)_2021年11月-2021年12月_末日_新規、廃止,I,56,561,5611,ＨａｎａＲａｎＦｏｏｄｓ078-925-008116725428203,a4a3c37e-9465-4a6c-ac5f-61a9c09aee29,Ｈａｎａ　Ｒａｎ　Ｆｏｏｄｓ株式会社,067a3a72-efa4-4cfd-a80b-4f9975284316,7093011c-fc69-4e04-96f1-3676e1776a4f,2021/11/02,Ｈａｎａ　Ｒａｎ　Ｆｏｏｄｓ,ＨａｎａＲａｎＦｏｏｄｓ,Ｈａｎａ　Ｒａｎ　Ｆｏｏｄｓ株式会社
明舞書店,兵庫県,明石市松が丘３－２１,明石市松が丘３－２１,,078-939-3031,野菜果物販売業,岡﨑 俊郎,,2021年11月2日,明保生第2303号,,306,明舞書店,078,078-939-3031,,,,兵庫県　明石市松が丘３－２１,兵庫県明石市松が丘３－２１,,167291,28,28203,松が丘３,2021/11/02,,,,,,岡﨑 俊郎,,,,,,,,,明保生第2303号,,野菜果物販売業,,,,306_兵庫県_あかし保健所_食品衛生(届出)_2021年11月-2021年12月_末日_新規、廃止,I,58,582,,明舞書店078-939-303116729128203,ec9bf5e1-fa09-421c-a55f-4f0fc7608da0,,personal,4ce85d3f-7f12-42d5-9e68-ca0d2a7a2302,2021/11/02,明舞書店,明舞書店,
ガスト朝霧店,兵庫県,明石市大蔵八幡町１－３８,明石市大蔵八幡町１－３８,,078-919-2037,その他の食料・飲料販売業,株式会社すかいらーくレストランツ 代表取締役 大川原 利明,0422-37-5218,2021年11月4日,明保生第2307号,,306,ガスト朝霧店,078,078-919-2037,,,,兵庫県　明石市大蔵八幡町１－３８,兵庫県明石市大蔵八幡町１－３８,,167200,28,28203,大蔵八幡町,2021/11/04,,,,,株式会社すかいらーくレストランツ ,代表取締役 大川原 利明,0422-37-5218,,,,,,,,明保生第2307号,,その他の食料品製造・加工業,(包装),,,306_兵庫県_あかし保健所_食品衛生(届出)_2021年11月-2021年12月_末日_新規、廃止,E,9,99,,ガスト朝霧店078-919-203716720028203,ac01ef39-c7c5-44e5-b8b4-93dbf5d1686a,株式会社すかいらーくレストランツ　,096e5a40-3c9c-4cb8-82a7-75204bdd2395,90c67894-4be5-4021-b395-915a4ffee03e,2021/11/04,ガスト朝霧店,ガスト朝霧店,株式会社すかいらーくレストランツ　
六次産業アベイユ合同会社,兵庫県,明石市大久保町大窪６０１－５,明石市大久保町大窪６０１－５,,078-934-3919,農産保存食料品製造・加工業,六次産業アベイユ合同会社 代表社員 奥井 政幸,078-934-3919,2021年11月4日,明保生第2419号,,306,六次産業アベイユ合同会社,078,078-934-3919,,,,兵庫県　明石市大久保町大窪６０１－５,兵庫県明石市大久保町大窪６０１－５,,167175,28,28203,大久保町大窪,2021/11/04,,,,,六次産業アベイユ合同会社 ,代表社員 奥井 政幸,078-934-3919,,,,,,,,明保生第2419号,,農産保存食料品製造・加工業,,,,306_兵庫県_あかし保健所_食品衛生(届出)_2021年11月-2021年12月_末日_新規、廃止,E,9,93,,六次産業アベイユ合同会社078-934-391916717528203,3781aaa1-6d14-4adb-9fa9-1b9c505e2b19,六次産業アベイユ合同会社,91b73e11-979e-459e-81df-3387056058c8,b236d17a-650f-4c39-ae9f-921b9c34bc3c,2021/11/04,六次産業アベイユ合同会社,六次産業アベイユ合同会社,六次産業アベイユ合同会社
コーナン魚住店,兵庫県,明石市魚住町清水４２３,明石市魚住町清水４２３,,078-949-1957,百貨店、総合スーパー,コーナン商事株式会社 代表取締役 疋田 直太郎,06-6397-1621,2021年11月5日,明保生第2327号,,306,コーナン魚住店,078,078-949-1957,,,,兵庫県　明石市魚住町清水４２３,兵庫県明石市魚住町清水４２３,,167162,28,28203,魚住町清水,2021/11/05,,,,,コーナン商事株式会社 ,代表取締役 疋田 直太郎,06-6397-1621,,,,,,,,明保生第2327号,,百貨店、総合スーパー,,,,306_兵庫県_あかし保健所_食品衛生(届出)_2021年11月-2021年12月_末日_新規、廃止,I,56,561,5611,コナン魚住店078-949-195716716228203,08b9aae0-ca62-4b9a-b703-b705858c4294,コーナン商事株式会社,b6dd1e53-25b9-4fc9-abfa-21e7c96e4b33,2d03d5ec-afcd-4750-87cf-fea1aa190467,2021/11/05,コーナン魚住店,コナン魚住店,コーナン商事株式会社
デイサービススイッチオン彗星,兵庫県,明石市二見町西二見駅前２－１３８,明石市二見町西二見駅前２－１３８,,078-941-9701,集団給食,株式会社スイッチオンサービス 代表取締役 石川 智昭,072-777-3205,2021年11月5日,明保生第2328号,,306,デイサービススイッチオン彗星,078,078-941-9701,,,,兵庫県　明石市二見町西二見駅前２－１３８,兵庫県明石市二見町西二見駅前２－１３８,,167342,28,28203,二見町西二見駅前２,2021/11/05,,,,,株式会社スイッチオンサービス ,代表取締役 石川 智昭,072-777-3205,,,,,,,,明保生第2328号,,給食施設,,,,306_兵庫県_あかし保健所_食品衛生(届出)_2021年11月-2021年12月_末日_新規、廃止,M,77,,,デイサビススイッチオン彗星078-941-970116734228203,c2e4a02d-2236-457e-a938-92916561b3f7,株式会社スイッチオンサービス　,976a01f4-2b74-4d48-93a9-fee83cc055d3,ece3c771-f393-40c7-a72d-51cfb2313619,2021/11/05,デイサービススイッチオン彗星,デイサビススイッチオン彗星,株式会社スイッチオンサービス　
オリンピア明石ビブレ,兵庫県,明石市大久保町ゆりのき通１－３－２,明石市大久保町ゆりのき通１－３－２,,078-945-6626,その他の食料・飲料販売業,株式会社オリンピア 代表取締役 加藤 通浩,052-350-7090,2021年11月8日,明保生第2334号,,306,オリンピア明石ビブレ,078,078-945-6626,,,,兵庫県　明石市大久保町ゆりのき通１－３－２,兵庫県明石市大久保町ゆりノき通１－３－２,,167332,28,28203,大久保町ゆりのき通１,2021/11/08,,,,,株式会社オリンピア ,代表取締役 加藤 通浩,052-350-7090,,,,,,,,明保生第2334号,,その他の食料品製造・加工業,(包装),,,306_兵庫県_あかし保健所_食品衛生(届出)_2021年11月-2021年12月_末日_新規、廃止,E,9,99,,オリンピア明石ビブレ078-945-662616733228203,acc3aef0-b0bd-4510-bb5d-bd7c7316fea4,株式会社オリンピア　,794af223-1f10-40d2-ade5-ce36d3ff8353,e989eb02-7086-4ef6-9936-54eb1a8a1a4a,2021/11/08,オリンピア明石ビブレ,オリンピア明石ビブレ,株式会社オリンピア　
パントリー明石店,兵庫県,明石市大明石町１－４－２０,明石市大明石町１－４－２０,,078-911-3977,百貨店、総合スーパー,株式会社大近 代表取締役 中津 裕彦,06-6458-5261,2021年11月8日,明保生第2335号,,306,パントリー明石店,078,078-911-3977,,,,兵庫県　明石市大明石町１－４－２０,兵庫県明石市大明石町１－４－２０,,167172,28,28203,大明石町１,2021/11/08,,,,,株式会社大近 ,代表取締役 中津 裕彦,06-6458-5261,,,,,,,,明保生第2335号,,百貨店、総合スーパー,,,,306_兵庫県_あかし保健所_食品衛生(届出)_2021年11月-2021年12月_末日_新規、廃止,I,56,561,5611,パントリ明石店078-911-397716717228203,f1ed535d-bb9f-471f-bb6d-789448298fbb,株式会社大近　,703739c9-a1bd-4489-8cf2-003d1f55267e,cce752b0-0161-442d-bbd0-43176eba48c8,2021/11/08,パントリー明石店,パントリ明石店,株式会社大近　
ガスト明石大久保店,兵庫県,明石市魚住町金ケ崎大池東６３－２,明石市魚住町金ケ崎大池東６３－２,,078-938-2030,その他の食料・飲料販売業,株式会社すかいらーくレストランツ 代表取締役 大川原 利明,042-237-5218,2021年11月9日,明保生第2337号,,306,ガスト明石大久保店,078,078-938-2030,,,,兵庫県　明石市魚住町金ケ崎大池東６３－２,兵庫県明石市魚住町金が崎大池東６３－２,,167161,28,28203,魚住町金が崎,2021/11/09,,,,,株式会社すかいらーくレストランツ ,代表取締役 大川原 利明,042-237-5218,,,,,,,,明保生第2337号,,その他の食料品製造・加工業,(包装),,,306_兵庫県_あかし保健所_食品衛生(届出)_2021年11月-2021年12月_末日_新規、廃止,E,9,99,,ガスト明石大久保店078-938-203016716128203,a3bc6f64-70cc-4ea1-94c2-226c553d47ee,株式会社すかいらーくレストランツ　,096e5a40-3c9c-4cb8-82a7-75204bdd2395,15353c7f-123d-433b-9fc3-1617505eb2a8,2021/11/09,ガスト明石大久保店,ガスト明石大久保店,株式会社すかいらーくレストランツ　
しゃぶ葉　明石駅前店,兵庫県,明石市本町２－１－１ インティ明石２Ｆ,明石市本町２－１－１,インティ明石２Ｆ,078-919-6271,その他の食料・飲料販売業,株式会社すかいらーくレストランツ 代表取締役 大川原 利明,04-2237-5218,2021年11月9日,明保生第2338号,,306,しゃぶ葉　明石駅前店,078,078-919-6271,,,,兵庫県　明石市本町２－１－１,兵庫県明石市本町２－１－１,インティ明石２Ｆ,167287,28,28203,本町２,2021/11/09,,,,,株式会社すかいらーくレストランツ ,代表取締役 大川原 利明,04-2237-5218,,,,,,,,明保生第2338号,,その他の食料品製造・加工業,(包装),,,306_兵庫県_あかし保健所_食品衛生(届出)_2021年11月-2021年12月_末日_新規、廃止,E,9,99,,しゃぶ葉明石駅前店078-919-627116728728203,26ebcf35-d8e7-4360-850c-0c0c21003b90,株式会社すかいらーくレストランツ　,096e5a40-3c9c-4cb8-82a7-75204bdd2395,42595e5f-d58c-4733-9596-a5806260a2a0,2021/11/09,しゃぶ葉　明石駅前店,しゃぶ葉明石駅前店,株式会社すかいらーくレストランツ　
ヴィ・ド・フランス大久保店,兵庫県,明石市大久保町ゆりのき通１－３－１ ビエラ大久保２０１,明石市大久保町ゆりのき通１－３－１,ビエラ大久保２０１,078-937-0620,その他の食料・飲料販売業,株式会社ヴィ・ド・フランス 代表取締役 伊達 宏和,03-5679-8411,2021年11月9日,明保生第2339号,,306,ヴィ・ド・フランス大久保店,078,078-937-0620,,,,兵庫県　明石市大久保町ゆりのき通１－３－１,兵庫県明石市大久保町ゆりノき通１－３－１,ビエラ大久保２０１,167332,28,28203,大久保町ゆりのき通１,2021/11/09,,,,,株式会社ヴィ・ド・フランス ,代表取締役 伊達 宏和,03-5679-8411,,,,,,,,明保生第2339号,,その他の食料品製造・加工業,(包装),,,306_兵庫県_あかし保健所_食品衛生(届出)_2021年11月-2021年12月_末日_新規、廃止,E,9,99,,ヴィドフランス大久保店078-937-062016733228203,bf97298b-666f-45c1-971b-bba2bd73deea,株式会社ヴィ・ド・フランス　,22ec25d4-32a9-4f98-9838-fe45652cebf4,a3051583-2b20-4e64-a9e2-14616b73cdcc,2021/11/09,ヴィ・ド・フランス大久保店,ヴィドフランス大久保店,株式会社ヴィ・ド・フランス　
株式会社藤村工務店,兵庫県,明石市別所町３－２３ ココロ西明石１Ｂ,明石市別所町３－２３,ココロ西明石１Ｂ,078-939-8336,その他の食料品製造・加工業,株式会社藤村工務店 代表取締役 藤村 徹,078-939-8336,2021年11月11日,明保生第2394号,,306,株式会社藤村工務店,078,078-939-8336,,,,兵庫県　明石市別所町３－２３,兵庫県明石市別所町３－２３,ココロ西明石１Ｂ,167285,28,28203,別所町,2021/11/11,,,,,株式会社藤村工務店 ,代表取締役 藤村 徹,078-939-8336,,,,,,,,明保生第2394号,,その他の食料品製造・加工業,,,,306_兵庫県_あかし保健所_食品衛生(届出)_2021年11月-2021年12月_末日_新規、廃止,E,9,99,,株式会社藤村工務店078-939-833616728528203,8450beab-a6dd-4c74-86ec-3f9571e9a4c2,株式会社藤村工務店　,2cc77adb-012b-412f-8f01-e63989b5719c,081936ce-6944-4290-b860-5662c5514f36,2021/11/11,株式会社藤村工務店,株式会社藤村工務店,株式会社藤村工務店　
ＤＣＭダイキ明石店,兵庫県,明石市茶園場町１－２０,明石市茶園場町１－２０,,078-914-1177,その他の食料・飲料販売業,ＤＣＭ株式会社 代表取締役 石黒 靖規,03-5764-5211,2021年11月11日,明保生第2395号,,306,ＤＣＭダイキ明石店,078,078-914-1177,,,,兵庫県　明石市茶園場町１－２０,兵庫県明石市茶園場町１－２０,,167218,28,28203,茶園場町,2021/11/11,,,,,ＤＣＭ株式会社 ,代表取締役 石黒 靖規,03-5764-5211,,,,,,,,明保生第2395号,,その他の食料品製造・加工業,(包装),,,306_兵庫県_あかし保健所_食品衛生(届出)_2021年11月-2021年12月_末日_新規、廃止,E,9,99,,ＤＣＭダイキ明石店078-914-117716721828203,71db9886-677b-4944-9c7a-2ac3c2dc946d,ＤＣＭ株式会社,efcde75a-feca-4bb5-930a-d295c2dab650,6fa740d5-6c45-4ec4-bba3-3e47bbe861d7,2021/11/11,ＤＣＭダイキ明石店,ＤＣＭダイキ明石店,ＤＣＭ株式会社
株式会社鍵庄　魚住工場,兵庫県,明石市魚住町清水１１０３－１,明石市魚住町清水１１０３－１,,078-940-8282,その他,株式会社鍵庄 代表取締役 入江 惠子,078-945-5353,2021年11月12日,明保生第2508号,,306,株式会社鍵庄　魚住工場,078,078-940-8282,,,,兵庫県　明石市魚住町清水１１０３－１,兵庫県明石市魚住町清水１１０３－１,,167162,28,28203,魚住町清水,2021/11/12,,,,,株式会社鍵庄 ,代表取締役 入江 惠子,078-945-5353,,,,,,,,明保生第2508号,,その他,,,,306_兵庫県_あかし保健所_食品衛生(届出)_2021年11月-2021年12月_末日_新規、廃止,T,,,,株式会社鍵庄魚住工場078-940-828216716228203,ebb256f0-f30d-4458-a7e0-90f5bda4004b,株式会社鍵庄　,1ca52741-41f2-40b1-8678-42c16bbce0f7,08d3b2e4-7d1b-4bdf-984f-24e1f0496801,2021/11/12,株式会社鍵庄　魚住工場,株式会社鍵庄魚住工場,株式会社鍵庄　
ファミリーマート　明舞団地店,兵庫県,明石市松が丘２－４－１,明石市松が丘２－４－１,,078-915-2130,コンビニエンスストア,ウイング株式会社 代表取締役 佐藤 雅彦,06-6390-5658,2021年11月12日,明保生第2509号,,306,ファミリーマート　明舞団地店,078,078-915-2130,,,,兵庫県　明石市松が丘２－４－１,兵庫県明石市松が丘２－４－１,,167290,28,28203,松が丘２,2021/11/12,,,,,ウイング株式会社 ,代表取締役 佐藤 雅彦,06-6390-5658,,,,,,,,明保生第2509号,,コンビニエンスストア,,,,306_兵庫県_あかし保健所_食品衛生(届出)_2021年11月-2021年12月_末日_新規、廃止,I,58,589,5891,ファミリマト明舞団地店078-915-213016729028203,2ea8e0b5-60ec-485f-81d6-ebb6dfba888a,ウイング株式会社,b85d21c5-9d9f-4173-83e3-c508998021c8,945b373a-a7e2-4204-b91e-21918848b098,2021/11/12,ファミリーマート　明舞団地店,ファミリマト明舞団地店,ウイング株式会社
ケンタッキーフライドチキンイオン明石店,兵庫県,明石市大久保町ゆりのき通２－３－１,明石市大久保町ゆりのき通２－３－１,,078-938-3937,その他の食料・飲料販売業,株式会社アクシーズフーズ 代表取締役 伊地知 洋正,03-3816-1536,2021年11月15日,明保生第2352号,,306,ケンタッキーフライドチキンイオン明石店,078,078-938-3937,,,,兵庫県　明石市大久保町ゆりのき通２－３－１,兵庫県明石市大久保町ゆりノき通２－３－１,,167333,28,28203,大久保町ゆりのき通２,2021/11/15,,,,,株式会社アクシーズフーズ ,代表取締役 伊地知 洋正,03-3816-1536,,,,,,,,明保生第2352号,,その他の食料品製造・加工業,(包装),,,306_兵庫県_あかし保健所_食品衛生(届出)_2021年11月-2021年12月_末日_新規、廃止,E,9,99,,ケンタッキフライドチキンイオン明石店078-938-393716733328203,df8ef42c-4e98-4ca4-a212-901f2d0dbf5f,株式会社アクシーズフーズ　,dc48f2e1-aafb-4d97-bfcb-1ba6ecbaaafb,133a2ff4-eda7-4e55-82cc-9f62f5ca01b8,2021/11/15,ケンタッキーフライドチキンイオン明石店,ケンタッキフライドチキンイオン明石店,株式会社アクシーズフーズ　
ステーキガスト朝霧店,兵庫県,明石市大蔵八幡町１－３８－２,明石市大蔵八幡町１－３８－２,,078-919-2038,その他の食料・飲料販売業,株式会社すかいらーくレストランツ 代表取締役 大川原 利明,0422-37-5218,2021年11月15日,明保生第2353号,,306,ステーキガスト朝霧店,078,078-919-2038,,,,兵庫県　明石市大蔵八幡町１－３８－２,兵庫県明石市大蔵八幡町１－３８－２,,167200,28,28203,大蔵八幡町,2021/11/15,,,,,株式会社すかいらーくレストランツ ,代表取締役 大川原 利明,0422-37-5218,,,,,,,,明保生第2353号,,その他の食料品製造・加工業,(包装),,,306_兵庫県_あかし保健所_食品衛生(届出)_2021年11月-2021年12月_末日_新規、廃止,E,9,99,,ステキガスト朝霧店078-919-203816720028203,55d2ef26-7c1d-4f32-8ed2-fe976bbbb551,株式会社すかいらーくレストランツ　,096e5a40-3c9c-4cb8-82a7-75204bdd2395,a58fdd6e-8afe-4384-883b-f9e267bf7873,2021/11/15,ステーキガスト朝霧店,ステキガスト朝霧店,株式会社すかいらーくレストランツ　
明石江井島営業所,兵庫県,明石市大久保町江井島字池下９１９－１,明石市大久保町江井島字池下９１９－１,,078-948-3004,集団給食,株式会社ツクイ 代表取締役 高畠 毅,045-842-4183,2021年11月15日,明保生第2354号,,306,明石江井島営業所,078,078-948-3004,,,,兵庫県　明石市大久保町江井島字池下９１９－１,兵庫県明石市大久保町江井島字池下９１９－１,,167174,28,28203,大久保町江井島,2021/11/15,,,,,株式会社ツクイ ,代表取締役 高畠 毅,045-842-4183,,,,,,,,明保生第2354号,,給食施設,,,,306_兵庫県_あかし保健所_食品衛生(届出)_2021年11月-2021年12月_末日_新規、廃止,M,77,,,明石江井島営業所078-948-300416717428203,a2011b4f-caa3-436d-955d-b2983946d0af,株式会社ツクイ　,61b24309-43cb-44e7-a762-638f96563877,eb18dab6-fc81-4361-b106-0ef24d511bfc,2021/11/15,明石江井島営業所,明石江井島営業所,株式会社ツクイ　
兵庫県立明石学園,兵庫県,明石市魚住町清水２７４４,明石市魚住町清水２７４４,,078-942-1572,集団給食,兵庫県 知事 齋藤 元彦,078-341-7711,2021年11月16日,明保生第2349号,,306,兵庫県立明石学園,078,078-942-1572,,,,兵庫県　明石市魚住町清水２７４４,兵庫県明石市魚住町清水２７４４,,167162,28,28203,魚住町清水,2021/11/16,,,,,,兵庫県 知事 齋藤 元彦,078-341-7711,,,,,,,,明保生第2349号,,給食施設,,,,306_兵庫県_あかし保健所_食品衛生(届出)_2021年11月-2021年12月_末日_新規、廃止,M,77,,,兵庫県立明石学園078-942-157216716228203,119f1ce3-98fd-41b7-b6de-4ecfcae58b43,,personal,7bb3b574-6fb5-499e-84ed-a727a6f400bc,2021/11/16,兵庫県立明石学園,兵庫県立明石学園,
有限会社明植堂,兵庫県,明石市樽屋町１７－１０,明石市樽屋町１７－１０,,,その他の食料・飲料販売業,有限会社明植堂 代表取締役 植田 善仁,078-912-3600,2021年11月16日,明保生第2350号,,306,有限会社明植堂,078,,,,,兵庫県　明石市樽屋町１７－１０,兵庫県明石市樽屋町１７－１０,,167237,28,28203,樽屋町,2021/11/16,,,,,有限会社明植堂 ,代表取締役 植田 善仁,078-912-3600,,,,,,,,明保生第2350号,,その他の食料品製造・加工業,(包装),,,306_兵庫県_あかし保健所_食品衛生(届出)_2021年11月-2021年12月_末日_新規、廃止,E,9,99,,有限会社明植堂16723728203,c9e4a2da-4bf5-4573-a1aa-544575768185,有限会社明植堂　,6c3375b2-0264-4636-9d6a-673c2494c825,be35a85c-ac29-4114-b55f-50e35451afc2,2021/11/16,有限会社明植堂,有限会社明植堂,有限会社明植堂　
有限会社明植堂　ピオレ店,兵庫県,明石市大明石町１－１－２３,明石市大明石町１－１－２３,,,その他の食料・飲料販売業,有限会社明植堂 代表取締役 植田 善仁,078-912-3600,2021年11月16日,明保生第2351号,,306,有限会社明植堂　ピオレ店,078,,,,,兵庫県　明石市大明石町１－１－２３,兵庫県明石市大明石町１－１－２３,,167172,28,28203,大明石町１,2021/11/16,,,,,有限会社明植堂 ,代表取締役 植田 善仁,078-912-3600,,,,,,,,明保生第2351号,,その他の食料品製造・加工業,(包装),,,306_兵庫県_あかし保健所_食品衛生(届出)_2021年11月-2021年12月_末日_新規、廃止,E,9,99,,有限会社明植堂ピオレ店16717228203,67bb32d4-c0da-4e8e-a78f-9a76174629f3,有限会社明植堂　,6c3375b2-0264-4636-9d6a-673c2494c825,7cfa8bba-4b94-4a52-afe3-b6b39158a434,2021/11/16,有限会社明植堂　ピオレ店,有限会社明植堂ピオレ店,有限会社明植堂　
神戸大学附属特別支援学校,兵庫県,明石市大久保町大窪２７５２－４,明石市大久保町大窪２７５２－４,,078-936-5684,集団給食,国立大学法人神戸大学 学長 藤澤 正人,078-936-5684,2021年11月16日,明保生第2348号,,306,神戸大学附属特別支援学校,078,078-936-5684,,,,兵庫県　明石市大久保町大窪２７５２－４,兵庫県明石市大久保町大窪２７５２－４,,167175,28,28203,大久保町大窪,2021/11/16,,,,,国立大学法人神戸大学 学長 藤澤 正人,,078-936-5684,,,,,,,,明保生第2348号,,給食施設,,,,306_兵庫県_あかし保健所_食品衛生(届出)_2021年11月-2021年12月_末日_新規、廃止,M,77,,,神戸大学附属特別支援学校078-936-568416717528203,1298eaa5-78a0-4543-be52-eaa1834d037d,国立大学法人神戸大学　学長　藤澤　正人,ecc6c224-5951-4e31-a98d-6321ba9b54f5,3ece4158-f0b7-4a40-863b-adb6b4ac265e,2021/11/16,神戸大学附属特別支援学校,神戸大学附属特別支援学校,国立大学法人神戸大学　学長　藤澤　正人
ディスカウントストア プライスカット　明石大久保店,兵庫県,明石市大久保町西脇６４－１,明石市大久保町西脇６４－１,,078-935-4500,百貨店、総合スーパー,株式会社オークワ 代表取締役 大桑 弘嗣,073-425-2481,2021年11月17日,明保生第2425号,,306,ディスカウントストア プライスカット　明石大久保店,078,078-935-4500,,,,兵庫県　明石市大久保町西脇６４－１,兵庫県明石市大久保町西脇６４－１,,167179,28,28203,大久保町西脇,2021/11/17,,,,,株式会社オークワ ,代表取締役 大桑 弘嗣,073-425-2481,,,,,,,,明保生第2425号,,百貨店、総合スーパー,,,,306_兵庫県_あかし保健所_食品衛生(届出)_2021年11月-2021年12月_末日_新規、廃止,I,56,561,5611,ディスカウントストアプライスカット明石大久保店078-935-450016717928203,d7ac40de-f547-4970-bdc4-19d42eabea93,株式会社オークワ　,d019c431-8c30-4d4d-9007-ab4e8f6fa7c0,bf0c283c-3215-43bd-933b-7676606b8a34,2021/11/17,ディスカウントストア　プライスカット　明石大久保店,ディスカウントストアプライスカット明石大久保店,株式会社オークワ　
アン・ガトー大久保西店,兵庫県,明石市魚住町金ケ崎６３－１,明石市魚住町金ケ崎６３－１,,,その他の食料・飲料販売業,ＳｍｔＡｓｓｏｃｉａｔｅｓ株式会社 代表取締役 釋迦戸 貴之,06-7777-4259,2021年11月17日,明保生第2426号,,306,アン・ガトー大久保西店,078,,,,,兵庫県　明石市魚住町金ケ崎６３－１,兵庫県明石市魚住町金が崎６３－１,,167161,28,28203,魚住町金が崎,2021/11/17,,,,,ＳｍｔＡｓｓｏｃｉａｔｅｓ株式会社 ,代表取締役 釋迦戸 貴之,06-7777-4259,,,,,,,,明保生第2426号,,その他の食料品製造・加工業,(包装),,,306_兵庫県_あかし保健所_食品衛生(届出)_2021年11月-2021年12月_末日_新規、廃止,E,9,99,,アンガト大久保西店16716128203,92851951-6c5f-47b1-91d7-cffcbaaca56f,ＳｍｔＡｓｓｏｃｉａｔｅｓ株式会社,228e439c-41e1-4be6-b813-86038331ebef,3442931e-1bf9-46e6-920e-74175e94cad5,2021/11/17,アン・ガトー大久保西店,アンガト大久保西店,ＳｍｔＡｓｓｏｃｉａｔｅｓ株式会社
ダンマルシェ　明石店,兵庫県,明石市大明石町１－１－２３ ピオレ明石東館内,明石市大明石町１－１－２３,ピオレ明石東館内,078-920-8666,野菜果物販売業,株式会社中市大福堂 代表取締役 中市 浩嗣,078-923-3231,2021年11月18日,明保生第2385号,,306,ダンマルシェ　明石店,078,078-920-8666,,,,兵庫県　明石市大明石町１－１－２３,兵庫県明石市大明石町１－１－２３,ピオレ明石東館内,167172,28,28203,大明石町１,2021/11/18,,,,,株式会社中市大福堂 ,代表取締役 中市 浩嗣,078-923-3231,,,,,,,,明保生第2385号,,野菜果物販売業,,,,306_兵庫県_あかし保健所_食品衛生(届出)_2021年11月-2021年12月_末日_新規、廃止,I,58,582,,ダンマルシェ明石店078-920-866616717228203,7f1c4cb4-1dbd-49bc-8a93-9be9441049df,株式会社中市大福堂　,c6c062f8-e9d7-41c2-b4ca-6f0130b02846,5c09ca23-eeb2-4141-a219-6cb254ead452,2021/11/18,ダンマルシェ　明石店,ダンマルシェ明石店,株式会社中市大福堂　
ダンマルシェ　大久保北店,兵庫県,明石市大久保町茜１－３－２２,明石市大久保町茜１－３－２２,,078-934-8780,野菜果物販売業,株式会社中市大福堂 代表取締役 中市 浩嗣,078-923-3231,2021年11月18日,明保生第2391号,,306,ダンマルシェ　大久保北店,078,078-934-8780,,,,兵庫県　明石市大久保町茜１－３－２２,兵庫県明石市大久保町茜１－３－２２,,167355,28,28203,大久保町茜１,2021/11/18,,,,,株式会社中市大福堂 ,代表取締役 中市 浩嗣,078-923-3231,,,,,,,,明保生第2391号,,野菜果物販売業,,,,306_兵庫県_あかし保健所_食品衛生(届出)_2021年11月-2021年12月_末日_新規、廃止,I,58,582,,ダンマルシェ大久保北店078-934-878016735528203,066454be-5b5f-4c9c-b618-9e0d846cf541,株式会社中市大福堂　,c6c062f8-e9d7-41c2-b4ca-6f0130b02846,ede11ace-beb9-4cfb-a256-85420add35ad,2021/11/18,ダンマルシェ　大久保北店,ダンマルシェ大久保北店,株式会社中市大福堂　
ダンマルシェ　ＪＲ魚住店,兵庫県,明石市魚住町中尾６０７－１ ＪＲ魚住駅構内,明石市魚住町中尾６０７－１,ＪＲ魚住駅構内,078-947-7002,野菜果物販売業,株式会社中市大福堂 代表取締役 中市 浩嗣,078-923-3231,2021年11月18日,明保生第2386号,,306,ダンマルシェ　ＪＲ魚住店,078,078-947-7002,,,,兵庫県　明石市魚住町中尾６０７－１,兵庫県明石市魚住町中尾６０７－１,ＪＲ魚住駅構内,167164,28,28203,魚住町中尾,2021/11/18,,,,,株式会社中市大福堂 ,代表取締役 中市 浩嗣,078-923-3231,,,,,,,,明保生第2386号,,野菜果物販売業,,,,306_兵庫県_あかし保健所_食品衛生(届出)_2021年11月-2021年12月_末日_新規、廃止,I,58,582,,ダンマルシェＪＲ魚住店078-947-700216716428203,c5eecb15-57ef-4916-bf12-fe1d8d04c910,株式会社中市大福堂　,c6c062f8-e9d7-41c2-b4ca-6f0130b02846,36d0e6d1-2651-40db-b0d8-cb09b094164c,2021/11/18,ダンマルシェ　ＪＲ魚住店,ダンマルシェＪＲ魚住店,株式会社中市大福堂　
ダンマルシェ　西明石店,兵庫県,明石市松の内２－３－８,明石市松の内２－３－８,,078-927-8224,野菜果物販売業,株式会社中市大福堂 代表取締役 中市 浩嗣,078-923-3231,2021年11月18日,明保生第2387号,,306,ダンマルシェ　西明石店,078,078-927-8224,,,,兵庫県　明石市松の内２－３－８,兵庫県明石市松ノ内２－３－８,,167311,28,28203,松の内２,2021/11/18,,,,,株式会社中市大福堂 ,代表取締役 中市 浩嗣,078-923-3231,,,,,,,,明保生第2387号,,野菜果物販売業,,,,306_兵庫県_あかし保健所_食品衛生(届出)_2021年11月-2021年12月_末日_新規、廃止,I,58,582,,ダンマルシェ西明石店078-927-822416731128203,aa338064-98f9-423b-9013-88c43ab094aa,株式会社中市大福堂　,c6c062f8-e9d7-41c2-b4ca-6f0130b02846,7dc52cc3-c21b-4006-a3df-96851b9d3cf3,2021/11/18,ダンマルシェ　西明石店,ダンマルシェ西明石店,株式会社中市大福堂　
ダンマルシェ　本店,兵庫県,明石市硯町３－４－２３,明石市硯町３－４－２３,,078-923-3231,野菜果物販売業,株式会社中市大福堂 代表取締役 中市 浩嗣,078-923-3231,2021年11月18日,明保生第2389号,,306,ダンマルシェ　本店,078,078-923-3231,,,,兵庫県　明石市硯町３－４－２３,兵庫県明石市硯町３－４－２３,,167224,28,28203,硯町３,2021/11/18,,,,,株式会社中市大福堂 ,代表取締役 中市 浩嗣,078-923-3231,,,,,,,,明保生第2389号,,野菜果物販売業,,,,306_兵庫県_あかし保健所_食品衛生(届出)_2021年11月-2021年12月_末日_新規、廃止,I,58,582,,ダンマルシェ本店078-923-323116722428203,d06613b3-095f-4119-96a7-b430f6685262,株式会社中市大福堂　,c6c062f8-e9d7-41c2-b4ca-6f0130b02846,92847541-bdc4-4d15-8116-fb959f7a59b3,2021/11/18,ダンマルシェ　本店,ダンマルシェ本店,株式会社中市大福堂　
ダンマルシェ　朝霧台店,兵庫県,明石市朝霧台３７８３－１３６,明石市朝霧台３７８３－１３６,,078-555-7711,野菜果物販売業,株式会社中市大福堂 代表取締役 中市 浩嗣,078-923-3231,2021年11月18日,明保生第2390号,,306,ダンマルシェ　朝霧台店,078,078-555-7711,,,,兵庫県　明石市朝霧台３７８３－１３６,兵庫県明石市朝霧台３７８３－１３６,,167321,28,28203,朝霧台,2021/11/18,,,,,株式会社中市大福堂 ,代表取締役 中市 浩嗣,078-923-3231,,,,,,,,明保生第2390号,,野菜果物販売業,,,,306_兵庫県_あかし保健所_食品衛生(届出)_2021年11月-2021年12月_末日_新規、廃止,I,58,582,,ダンマルシェ朝霧台店078-555-771116732128203,c48846a1-c377-4032-a4a8-6769b752d75a,株式会社中市大福堂　,c6c062f8-e9d7-41c2-b4ca-6f0130b02846,67c4f512-e09a-4e70-bff1-79937b54d8df,2021/11/18,ダンマルシェ　朝霧台店,ダンマルシェ朝霧台店,株式会社中市大福堂　
ダンマルシェ　わかば店,兵庫県,明石市大久保町大久保町１３１１,明石市大久保町大久保町１３１１,,078-939-2367,野菜果物販売業,株式会社中市大福堂 代表取締役 中市 浩嗣,078-923-3231,2021年11月18日,明保生第2388号,,306,ダンマルシェ　わかば店,078,078-939-2367,,,,兵庫県　明石市大久保町大久保町１３１１,兵庫県明石市大久保町大久保町１３１１,,167176,28,28203,大久保町大久保町,2021/11/18,,,,,株式会社中市大福堂 ,代表取締役 中市 浩嗣,078-923-3231,,,,,,,,明保生第2388号,,野菜果物販売業,,,,306_兵庫県_あかし保健所_食品衛生(届出)_2021年11月-2021年12月_末日_新規、廃止,I,58,582,,ダンマルシェわかば店078-939-236716717628203,c9bc452f-5b46-46cc-8c8a-fa25e0aa656f,株式会社中市大福堂　,c6c062f8-e9d7-41c2-b4ca-6f0130b02846,401a9ef8-dc1f-4daa-a789-5e57367afe62,2021/11/18,ダンマルシェ　わかば店,ダンマルシェわかば店,株式会社中市大福堂　
カルディコーヒーファーム イトーヨーカドー明石店,兵庫県,明石市二見町西二見駅前１－１８ イトーヨーカドー明石１Ｆ,明石市二見町西二見駅前１－１８ ,イトーヨーカドー明石１Ｆ,078-944-8688,その他の食料・飲料販売業,株式会社キャメル珈琲 代表取締役 尾田 信夫,03-3412-5640,2021年11月18日,明保生第2392号,,306,カルディコーヒーファーム イトーヨーカドー明石店,078,078-944-8688,,,,兵庫県　明石市二見町西二見駅前１－１８ ,兵庫県明石市二見町西二見駅前１－１８,イトーヨーカドー明石１Ｆ,167341,28,28203,二見町西二見駅前１,2021/11/18,,,,,株式会社キャメル珈琲 ,代表取締役 尾田 信夫,03-3412-5640,,,,,,,,明保生第2392号,,その他の食料品製造・加工業,(包装),,,306_兵庫県_あかし保健所_食品衛生(届出)_2021年11月-2021年12月_末日_新規、廃止,E,9,99,,カルディコヒファムイトヨカド明石店078-944-868816734128203,c6ba9a26-1d2c-4bc3-b379-0c71d974411c,株式会社キャメル珈琲　,f0a034fd-5bd5-4f1f-afc4-763ae6743ac5,66157633-3151-412e-8e89-6237f2251abb,2021/11/18,カルディコーヒーファーム　イトーヨーカドー明石店,カルディコヒファムイトヨカド明石店,株式会社キャメル珈琲　
モンロワール西明石店,兵庫県,明石市小久保２－７－２０ プリコ西明石２Ｆ,明石市小久保２－７－２０,プリコ西明石２Ｆ,078-925-3339,その他の食料・飲料販売業,株式会社モンロワール 代表取締役 前内 芳文,078-862-1789,2021年11月18日,明保生第2393号,,306,モンロワール西明石店,078,078-925-3339,,,,兵庫県　明石市小久保２－７－２０,兵庫県明石市小久保２－７－２０,プリコ西明石２Ｆ,167213,28,28203,小久保２,2021/11/18,,,,,株式会社モンロワール ,代表取締役 前内 芳文,078-862-1789,,,,,,,,明保生第2393号,,その他の食料品製造・加工業,(包装),,,306_兵庫県_あかし保健所_食品衛生(届出)_2021年11月-2021年12月_末日_新規、廃止,E,9,99,,モンロワル西明石店078-925-333916721328203,2af4ac36-7949-4c43-8082-d0a2428b7b98,株式会社モンロワール　,5aca2adc-6c36-4549-8ebc-de044e1c8679,46fe2b48-e050-41d9-9fa2-6a18eb6bd6b8,2021/11/18,モンロワール西明石店,モンロワル西明石店,株式会社モンロワール　
星鈴ピエニ大久保園,兵庫県,明石市大久保町大窪１５７５－１,明石市大久保町大窪１５７５－１,,078-936-1001,集団給食,一般社団法人星鈴福祉会 代表理事 木村 正子,078-922-6621,2021年11月22日,明保生第2413号,,306,星鈴ピエニ大久保園,078,078-936-1001,,,,兵庫県　明石市大久保町大窪１５７５－１,兵庫県明石市大久保町大窪１５７５－１,,167175,28,28203,大久保町大窪,2021/11/22,,,,,一般社団法人星鈴福祉会 ,代表理事 木村 正子,078-922-6621,,,,,,,,明保生第2413号,,給食施設,,,,306_兵庫県_あかし保健所_食品衛生(届出)_2021年11月-2021年12月_末日_新規、廃止,M,77,,,星鈴ピエニ大久保園078-936-100116717528203,2fac25ed-4638-452f-864f-b0f74552ea3e,一般社団法人星鈴福祉会　,d4c96687-c620-4c33-8eb0-3e1132b5dc04,1d6d6565-8e98-4706-a07c-c75cc38ad1ab,2021/11/22,星鈴ピエニ大久保園,星鈴ピエニ大久保園,一般社団法人星鈴福祉会　
星鈴幼稚学舎,兵庫県,明石市明南町２－４－３４,明石市明南町２－４－３４,,078-922-6621,集団給食,一般社団法人星鈴福祉会 代表理事 木村 正子,078-922-6621,2021年11月22日,明保生第2414号,,306,星鈴幼稚学舎,078,078-922-6621,,,,兵庫県　明石市明南町２－４－３４,兵庫県明石市明南町２－４－３４,,167314,28,28203,明南町２,2021/11/22,,,,,一般社団法人星鈴福祉会 ,代表理事 木村 正子,078-922-6621,,,,,,,,明保生第2414号,,給食施設,,,,306_兵庫県_あかし保健所_食品衛生(届出)_2021年11月-2021年12月_末日_新規、廃止,M,77,,,星鈴幼稚学舎078-922-662116731428203,7fea4121-0c3e-4eaa-a315-91733bbc7bb7,一般社団法人星鈴福祉会　,d4c96687-c620-4c33-8eb0-3e1132b5dc04,e05d9783-8e5b-4e33-b070-73decfdf145d,2021/11/22,星鈴幼稚学舎,星鈴幼稚学舎,一般社団法人星鈴福祉会　
セブンイレブン明石野々上店,兵庫県,明石市野々上３－１３－８,明石市野々上３－１３－８,,078-922-8031,コンビニエンスストア,小畑 秀暢,,2021年11月24日,明保生第2420号,,306,セブンイレブン明石野々上店,078,078-922-8031,,,,兵庫県　明石市野々上３－１３－８,兵庫県明石市野々上３－１３－８,,167309,28,28203,野々上３,2021/11/24,,,,,,小畑 秀暢,,,,,,,,,明保生第2420号,,コンビニエンスストア,,,,306_兵庫県_あかし保健所_食品衛生(届出)_2021年11月-2021年12月_末日_新規、廃止,I,58,589,5891,セブンイレブン明石野上店078-922-803116730928203,3a7eb090-ed0b-4848-a562-bbc3d9c1a11b,,personal,54a60ed9-fe4f-48f9-a562-5c91c7ceb096,2021/11/24,セブンイレブン明石野々上店,セブンイレブン明石野上店,
白十字　大久保店,兵庫県,明石市大久保町大窪１５１９－９,明石市大久保町大窪１５１９－９,,078-938-6606,その他の食料・飲料販売業,株式会社白十字 代表取締役 二木 正久,086-296-7550,2021年11月24日,明保生第2511号,,306,白十字　大久保店,078,078-938-6606,,,,兵庫県　明石市大久保町大窪１５１９－９,兵庫県明石市大久保町大窪１５１９－９,,167175,28,28203,大久保町大窪,2021/11/24,,,,,株式会社白十字 ,代表取締役 二木 正久,086-296-7550,,,,,,,,明保生第2511号,,その他の食料品製造・加工業,(包装),,,306_兵庫県_あかし保健所_食品衛生(届出)_2021年11月-2021年12月_末日_新規、廃止,E,9,99,,白十字大久保店078-938-660616717528203,858fa87f-9279-4ff6-b336-29fad9396ae3,株式会社白十字　,439e4bea-c6e2-419f-bfaf-c36be081c077,5a2414d3-2105-4d48-82fa-8f082b90eb96,2021/11/24,白十字　大久保店,白十字大久保店,株式会社白十字　
すき家　明石西ＩＣ店,兵庫県,明石市魚住町清水２１２８－２,明石市魚住町清水２１２８－２,,,その他の食料・飲料販売業,株式会社すき家 代表取締役 浅沼 幹典,03-5783-8850,2021年11月25日,明保生第2416号,,306,すき家　明石西ＩＣ店,078,,,,,兵庫県　明石市魚住町清水２１２８－２,兵庫県明石市魚住町清水２１２８－２,,167162,28,28203,魚住町清水,2021/11/25,,,,,株式会社すき家 ,代表取締役 浅沼 幹典,03-5783-8850,,,,,,,,明保生第2416号,,その他の食料品製造・加工業,(包装),,,306_兵庫県_あかし保健所_食品衛生(届出)_2021年11月-2021年12月_末日_新規、廃止,E,9,99,,すき家明石西ＩＣ店16716228203,86fca341-44bf-4f03-b75a-65456a5ef068,株式会社すき家　,c7b6fbed-bd7a-49bc-809e-36eca60a1976,e99d78a4-be11-440b-87a1-425970116b8d,2021/11/25,すき家　明石西ＩＣ店,すき家明石西ＩＣ店,株式会社すき家　
すき家　２国明石天文町店,兵庫県,明石市天文町１－８－６,明石市天文町１－８－６,,,その他の食料・飲料販売業,株式会社すき家 代表取締役 浅沼 幹典,03-5783-8850,2021年11月25日,明保生第2417号,,306,すき家　２国明石天文町店,078,,,,,兵庫県　明石市天文町１－８－６,兵庫県明石市天文町１－８－６,,167240,28,28203,天文町１,2021/11/25,,,,,株式会社すき家 ,代表取締役 浅沼 幹典,03-5783-8850,,,,,,,,明保生第2417号,,その他の食料品製造・加工業,(包装),,,306_兵庫県_あかし保健所_食品衛生(届出)_2021年11月-2021年12月_末日_新規、廃止,E,9,99,,すき家２国明石天文町店16724028203,de17a7dc-6849-49e0-9888-a561aea24b47,株式会社すき家　,c7b6fbed-bd7a-49bc-809e-36eca60a1976,24618ea9-2b7b-4539-bba7-cdf99b72affd,2021/11/25,すき家　２国明石天文町店,すき家２国明石天文町店,株式会社すき家　
すき家　明石駅前店,兵庫県,明石市東仲ノ町１１－２９ 石ビル１Ｆ,明石市東仲ノ町１１－２９,石ビル１Ｆ,,その他の食料・飲料販売業,株式会社すき家 代表取締役 浅沼 幹典,03-5783-8850,2021年11月25日,明保生第2418号,,306,すき家　明石駅前店,078,,,,,兵庫県　明石市東仲ノ町１１－２９,兵庫県明石市東仲ノ町１１－２９,石ビル１Ｆ,167269,28,28203,東仲ノ町,2021/11/25,,,,,株式会社すき家 ,代表取締役 浅沼 幹典,03-5783-8850,,,,,,,,明保生第2418号,,その他の食料品製造・加工業,(包装),,,306_兵庫県_あかし保健所_食品衛生(届出)_2021年11月-2021年12月_末日_新規、廃止,E,9,99,,すき家明石駅前店16726928203,d0b2c01e-9c4f-40c2-8cd6-ebe0931966ec,株式会社すき家　,c7b6fbed-bd7a-49bc-809e-36eca60a1976,deb153e8-77f2-41a8-ad43-4ec3e72f7b99,2021/11/25,すき家　明石駅前店,すき家明石駅前店,株式会社すき家　
ＨＡＮＡ　ＲＡＮ,兵庫県,明石市二見町西二見１５７－５ ヒレストパレス２０１号,明石市二見町西二見１５７－５,ヒレストパレス２０１号,,魚介類販売業,Ｈａｎａ　Ｒａｎ　Ｆｏｏｄｓ株式会社 代表取締役 グェン・ヴァン・トアン,078-925-0081,2021年11月26日,明保生第2435号,,306,ＨＡＮＡ　ＲＡＮ,078,,,,,兵庫県　明石市二見町西二見１５７－５,兵庫県明石市二見町西二見１５７－５,ヒレストパレス２０１号,167279,28,28203,二見町西二見,2021/11/26,,,,,Ｈａｎａ　Ｒａｎ　Ｆｏｏｄｓ株式会社 ,代表取締役 グェン・ヴァン・トアン,078-925-0081,,,,,,,,明保生第2435号,,魚介類販売業,,,,306_兵庫県_あかし保健所_食品衛生(届出)_2021年11月-2021年12月_末日_新規、廃止,I,58,,,ＨＡＮＡＲＡＮ16727928203,4e39d73a-39f1-4192-9498-ee22e180530b,Ｈａｎａ　Ｒａｎ　Ｆｏｏｄｓ株式会社,067a3a72-efa4-4cfd-a80b-4f9975284316,498197f5-433a-4539-bbba-6fe18f2003fe,2021/11/26,ＨＡＮＡ　ＲＡＮ,ＨＡＮＡＲＡＮ,Ｈａｎａ　Ｒａｎ　Ｆｏｏｄｓ株式会社
ＨＡＮＡ　ＲＡＮ,兵庫県,明石市二見町西二見１５７－５ ヒレストパレス２０１号,明石市二見町西二見１５７－５,ヒレストパレス２０１号,,食肉販売業,Ｈａｎａ　Ｒａｎ　Ｆｏｏｄｓ株式会社 代表取締役 グェン・ヴァン・トアン,078-925-0081,2021年11月26日,明保生第2436号,,306,ＨＡＮＡ　ＲＡＮ,078,,,,,兵庫県　明石市二見町西二見１５７－５,兵庫県明石市二見町西二見１５７－５,ヒレストパレス２０１号,167279,28,28203,二見町西二見,2021/11/26,,,,,Ｈａｎａ　Ｒａｎ　Ｆｏｏｄｓ株式会社 ,代表取締役 グェン・ヴァン・トアン,078-925-0081,,,,,,,,明保生第2436号,,食肉販売業,,,,306_兵庫県_あかし保健所_食品衛生(届出)_2021年11月-2021年12月_末日_新規、廃止,I,58,583,,ＨＡＮＡＲＡＮ16727928203,4e39d73a-39f1-4192-9498-ee22e180530b,Ｈａｎａ　Ｒａｎ　Ｆｏｏｄｓ株式会社,067a3a72-efa4-4cfd-a80b-4f9975284316,f1d9fffa-40cd-4ba7-9612-42d419e9f244,2021/11/26,ＨＡＮＡ　ＲＡＮ,ＨＡＮＡＲＡＮ,Ｈａｎａ　Ｒａｎ　Ｆｏｏｄｓ株式会社
ＨＡＮＡ　ＲＡＮ,兵庫県,明石市二見町西二見１５７－５ ヒレストパレス２０１号,明石市二見町西二見１５７－５,ヒレストパレス２０１号,,その他の食料・飲料販売業,Ｈａｎａ　Ｒａｎ　Ｆｏｏｄｓ株式会社 代表取締役 グェン・ヴァン・トアン,078-925-0081,2021年11月26日,明保生第2437号,,306,ＨＡＮＡ　ＲＡＮ,078,,,,,兵庫県　明石市二見町西二見１５７－５,兵庫県明石市二見町西二見１５７－５,ヒレストパレス２０１号,167279,28,28203,二見町西二見,2021/11/26,,,,,Ｈａｎａ　Ｒａｎ　Ｆｏｏｄｓ株式会社 ,代表取締役 グェン・ヴァン・トアン,078-925-0081,,,,,,,,明保生第2437号,,その他の食料品製造・加工業,(包装),,,306_兵庫県_あかし保健所_食品衛生(届出)_2021年11月-2021年12月_末日_新規、廃止,E,9,99,,ＨＡＮＡＲＡＮ16727928203,4e39d73a-39f1-4192-9498-ee22e180530b,Ｈａｎａ　Ｒａｎ　Ｆｏｏｄｓ株式会社,067a3a72-efa4-4cfd-a80b-4f9975284316,c5afaf65-482d-4cc6-a57b-02d5ee718709,2021/11/26,ＨＡＮＡ　ＲＡＮ,ＨＡＮＡＲＡＮ,Ｈａｎａ　Ｒａｎ　Ｆｏｏｄｓ株式会社
オフィスグリコ冷凍冷蔵庫２８２６７４,兵庫県,明石市大久保町駅前２－９－９,明石市大久保町駅前２－９－９,,,その他の食料・飲料販売業,グリコチャネルクリエイト株式会社 代表取締役 西村 浩一,,2021年11月26日,明保生第2427号,,306,オフィスグリコ冷凍冷蔵庫２８２６７４,078,,,,,兵庫県　明石市大久保町駅前２－９－９,兵庫県明石市大久保町駅前２－９－９,,167347,28,28203,大久保町駅前２,2021/11/26,,,,,グリコチャネルクリエイト株式会社 ,代表取締役 西村 浩一,,,,,,,,,明保生第2427号,,その他の食料品製造・加工業,(包装),,,306_兵庫県_あかし保健所_食品衛生(届出)_2021年11月-2021年12月_末日_新規、廃止,E,9,99,,オフィスグリコ冷凍冷蔵庫２８２６７４16734728203,c28d92e1-ee45-492e-ab48-22a6b6cdc034,グリコチャネルクリエイト株式会社,110e5ddf-7a44-4d43-b13b-fd38fd6f1d6d,f539993e-9259-428d-af9a-b4d13504e35f,2021/11/26,オフィスグリコ冷凍冷蔵庫２８２６７４,オフィスグリコ冷凍冷蔵庫２８２６７４,グリコチャネルクリエイト株式会社
スーパーマーケット小西屋,兵庫県,明石市太寺大野町２７１０－１,明石市太寺大野町２７１０－１,,078-914-3801,野菜果物販売業,株式会社須磨青果 代表取締役 須磨 優子,078-969-2550,2021年11月26日,明保生第2428号,,306,スーパーマーケット小西屋,078,078-914-3801,,,,兵庫県　明石市太寺大野町２７１０－１,兵庫県明石市太寺大野町２７１０－１,,167230,28,28203,太寺大野町,2021/11/26,,,,,株式会社須磨青果 ,代表取締役 須磨 優子,078-969-2550,,,,,,,,明保生第2428号,,野菜果物販売業,,,,306_兵庫県_あかし保健所_食品衛生(届出)_2021年11月-2021年12月_末日_新規、廃止,I,58,582,,スパマケット小西屋078-914-380116723028203,07c40f33-e41f-4473-9b80-c498e8942102,株式会社須磨青果　,509987fb-9a25-47de-b2cb-5b53d6afbb40,725dc4eb-1fd9-409e-88e2-432d887bf362,2021/11/26,スーパーマーケット小西屋,スパマケット小西屋,株式会社須磨青果　
すき家　２国明石魚住店,兵庫県,明石市魚住町金ケ崎佃３２４－１,明石市魚住町金ケ崎佃３２４－１,,,その他の食料・飲料販売業,株式会社すき家 代表取締役 浅沼 幹典,03-5783-8850,2021年11月26日,明保生第2429号,,306,すき家　２国明石魚住店,078,,,,,兵庫県　明石市魚住町金ケ崎佃３２４－１,兵庫県明石市魚住町金が崎佃３２４－１,,167161,28,28203,魚住町金が崎,2021/11/26,,,,,株式会社すき家 ,代表取締役 浅沼 幹典,03-5783-8850,,,,,,,,明保生第2429号,,その他の食料品製造・加工業,(包装),,,306_兵庫県_あかし保健所_食品衛生(届出)_2021年11月-2021年12月_末日_新規、廃止,E,9,99,,すき家２国明石魚住店16716128203,aeec35d1-1da2-4832-9dfc-3f7b7c35c581,株式会社すき家　,c7b6fbed-bd7a-49bc-809e-36eca60a1976,812b6934-4ceb-4913-834e-bd3a964b8413,2021/11/26,すき家　２国明石魚住店,すき家２国明石魚住店,株式会社すき家　
明石二見営業所,兵庫県,明石市二見町東二見９８－１２,明石市二見町東二見９８－１２,,078-949-3320,集団給食,株式会社ツクイ 代表取締役 高畠 毅,045-842-4183,2021年11月26日,明保生第2501号,,306,明石二見営業所,078,078-949-3320,,,,兵庫県　明石市二見町東二見９８－１２,兵庫県明石市二見町東二見９８－１２,,167280,28,28203,二見町東二見,2021/11/26,,,,,株式会社ツクイ ,代表取締役 高畠 毅,045-842-4183,,,,,,,,明保生第2501号,,給食施設,,,,306_兵庫県_あかし保健所_食品衛生(届出)_2021年11月-2021年12月_末日_新規、廃止,M,77,,,明石二見営業所078-949-332016728028203,7372c5af-396c-4bf2-b021-08da529029c0,株式会社ツクイ　,61b24309-43cb-44e7-a762-638f96563877,ddacb97c-4a1e-4d0e-a9d4-0bc7d144265b,2021/11/26,明石二見営業所,明石二見営業所,株式会社ツクイ　
ゴダイドラッグ魚住店,兵庫県,明石市魚住町長坂寺２８４－１,明石市魚住町長坂寺２８４－１,,078-947-3777,百貨店、総合スーパー,ゴダイ株式会社 代表取締役 浦上 晃之,079-223-0303,2021年11月26日,明保生第2431号,,306,ゴダイドラッグ魚住店,078,078-947-3777,,,,兵庫県　明石市魚住町長坂寺２８４－１,兵庫県明石市魚住町長坂寺２８４－１,,167163,28,28203,魚住町長坂寺,2021/11/26,,,,,ゴダイ株式会社 ,代表取締役 浦上 晃之,079-223-0303,,,,,,,,明保生第2431号,,百貨店、総合スーパー,,,,306_兵庫県_あかし保健所_食品衛生(届出)_2021年11月-2021年12月_末日_新規、廃止,I,56,561,5611,ゴダイドラッグ魚住店078-947-377716716328203,2fc199ff-b083-4d94-8a66-6fa578b8fece,ゴダイ株式会社,1832b022-95d2-4c51-bd08-3e9e5c8fafcf,5fd8ebd9-ebb8-46f8-9990-94b54f276f19,2021/11/26,ゴダイドラッグ魚住店,ゴダイドラッグ魚住店,ゴダイ株式会社
ドラッグジャパン　明石店,兵庫県,明石市魚住町清水５５５,明石市魚住町清水５５５,,078-947-4140,百貨店、総合スーパー,株式会社スギ薬局 代表取締役 榊原 栄一,0562-45-2720,2021年11月26日,明保生第2432号,,306,ドラッグジャパン　明石店,078,078-947-4140,,,,兵庫県　明石市魚住町清水５５５,兵庫県明石市魚住町清水５５５,,167162,28,28203,魚住町清水,2021/11/26,,,,,株式会社スギ薬局 ,代表取締役 榊原 栄一,0562-45-2720,,,,,,,,明保生第2432号,,百貨店、総合スーパー,,,,306_兵庫県_あかし保健所_食品衛生(届出)_2021年11月-2021年12月_末日_新規、廃止,I,56,561,5611,ドラッグジャパン明石店078-947-414016716228203,2e282b7d-2a43-4fe4-9f36-20c55cf25d6b,株式会社スギ薬局　,fbe7ad4f-3a16-4add-bb6d-41fd98326a3f,20c999a7-6bb3-42e0-8693-ed1d0801f782,2021/11/26,ドラッグジャパン　明石店,ドラッグジャパン明石店,株式会社スギ薬局　
スシロー明石藤江店,兵庫県,明石市藤江１９３３－１,明石市藤江１９３３－１,,078-920-0360,魚介類販売業,株式会社あきんどスシロー 代表取締役 堀江 陽,06-6368-1001,2021年11月26日,明保生第2433号,,306,スシロー明石藤江店,078,078-920-0360,,,,兵庫県　明石市藤江１９３３－１,兵庫県明石市藤江１９３３－１,,167276,28,28203,藤江,2021/11/26,,,,,株式会社あきんどスシロー ,代表取締役 堀江 陽,06-6368-1001,,,,,,,,明保生第2433号,,魚介類販売業,,,,306_兵庫県_あかし保健所_食品衛生(届出)_2021年11月-2021年12月_末日_新規、廃止,I,58,,,スシロ明石藤江店078-920-036016727628203,1ca05e25-4cbc-408d-b7af-bf9d0547cede,株式会社あきんどスシロー　,ecf09d40-fb84-41b6-ba5b-f0385f837a18,e5611bdd-bea8-486f-953a-86b4dddba23a,2021/11/26,スシロー明石藤江店,スシロ明石藤江店,株式会社あきんどスシロー　
すき家明石大久保ＩＣ店,兵庫県,明石市大久保町大窪字大澤２７００－１,明石市大久保町大窪字大澤２７００－１,,,その他の食料・飲料販売業,株式会社すき家 代表取締役 浅沼 幹典,03-5783-8850,2021年11月26日,明保生第2434号,,306,すき家明石大久保ＩＣ店,078,,,,,兵庫県　明石市大久保町大窪字大澤２７００－１,兵庫県明石市大久保町大窪字大沢２７００－１,,167175,28,28203,大久保町大窪,2021/11/26,,,,,株式会社すき家 ,代表取締役 浅沼 幹典,03-5783-8850,,,,,,,,明保生第2434号,,その他の食料品製造・加工業,(包装),,,306_兵庫県_あかし保健所_食品衛生(届出)_2021年11月-2021年12月_末日_新規、廃止,E,9,99,,すき家明石大久保ＩＣ店16717528203,305b3d23-bee0-448e-b30b-28e30709ad56,株式会社すき家　,c7b6fbed-bd7a-49bc-809e-36eca60a1976,b5b1b19b-ffc5-446d-85c1-cee656c46d40,2021/11/26,すき家明石大久保ＩＣ店,すき家明石大久保ＩＣ店,株式会社すき家　
北野エース　西明石店,兵庫県,明石市小久保２－７－２０ プリコ西明石１階,明石市小久保２－７－２０,プリコ西明石１階,078-929-7101,百貨店、総合スーパー,株式会社エース 代表取締役 冨沢 高志,03-5639-1448,2021年11月29日,明保生第2456号,,306,北野エース　西明石店,078,078-929-7101,,,,兵庫県　明石市小久保２－７－２０,兵庫県明石市小久保２－７－２０,プリコ西明石１階,167213,28,28203,小久保２,2021/11/29,,,,,株式会社エース ,代表取締役 冨沢 高志,03-5639-1448,,,,,,,,明保生第2456号,,百貨店、総合スーパー,,,,306_兵庫県_あかし保健所_食品衛生(届出)_2021年11月-2021年12月_末日_新規、廃止,I,56,561,5611,北野エス西明石店078-929-710116721328203,95f662a6-cb7a-4fe3-83dc-5ab9aa334438,株式会社エース　,9ea729f6-d8ad-448b-8f95-74792fd449c9,f31ecb25-bca9-465f-a14e-836867df97be,2021/11/29,北野エース　西明石店,北野エス西明石店,株式会社エース　
元気あっぷ大久保 デイサービスセンター,兵庫県,明石市大久保町大窪１７４１－１,明石市大久保町大窪１７４１－１,,078-937-0750,集団給食,医療法人双葉会 理事長 土井 直,078-947-5311,2021年11月29日,明保生第2462号,,306,元気あっぷ大久保 デイサービスセンター,078,078-937-0750,,,,兵庫県　明石市大久保町大窪１７４１－１,兵庫県明石市大久保町大窪１７４１－１,,167175,28,28203,大久保町大窪,2021/11/29,,,,,医療法人双葉会 ,理事長 土井 直,078-947-5311,,,,,,,,明保生第2462号,,給食施設,,,,306_兵庫県_あかし保健所_食品衛生(届出)_2021年11月-2021年12月_末日_新規、廃止,M,77,,,元気あっぷ大久保デイサビスセンタ078-937-075016717528203,99f85388-df2d-4cc7-827e-c483a097deb7,医療法人双葉会　,06a01253-8a70-4c93-935b-337df469fdba,2df8aac6-c6d9-49a1-a1a3-1bde6ac1dc11,2021/11/29,元気あっぷ大久保　デイサービスセンター,元気あっぷ大久保デイサビスセンタ,医療法人双葉会　
西江井島デイサービスセンター,兵庫県,明石市大久保町西島７７４－４,明石市大久保町西島７７４－４,,078-948-2001,集団給食,医療法人双葉会 理事長 土井 直,078-947-5311,2021年11月29日,明保生第2461号,,306,西江井島デイサービスセンター,078,078-948-2001,,,,兵庫県　明石市大久保町西島７７４－４,兵庫県明石市大久保町西島７７４－４,,167178,28,28203,大久保町西島,2021/11/29,,,,,医療法人双葉会 ,理事長 土井 直,078-947-5311,,,,,,,,明保生第2461号,,給食施設,,,,306_兵庫県_あかし保健所_食品衛生(届出)_2021年11月-2021年12月_末日_新規、廃止,M,77,,,西江井島デイサビスセンタ078-948-200116717828203,736b556f-76f8-4538-9213-8e31f3191a29,医療法人双葉会　,06a01253-8a70-4c93-935b-337df469fdba,e9d8f290-0dbf-44ae-b0d9-f4e77587e8e5,2021/11/29,西江井島デイサービスセンター,西江井島デイサビスセンタ,医療法人双葉会　
医療法人双葉会　西江井島病院,兵庫県,明石市大久保町西島６５３,明石市大久保町西島６５３,,078-947-5311,集団給食,医療法人双葉会 理事長 土井 直,078-947-5311,2021年11月29日,明保生第2460号,,306,医療法人双葉会　西江井島病院,078,078-947-5311,,,,兵庫県　明石市大久保町西島６５３,兵庫県明石市大久保町西島６５３,,167178,28,28203,大久保町西島,2021/11/29,,,,,医療法人双葉会 ,理事長 土井 直,078-947-5311,,,,,,,,明保生第2460号,,給食施設,,,,306_兵庫県_あかし保健所_食品衛生(届出)_2021年11月-2021年12月_末日_新規、廃止,M,77,,,医療法人双葉会西江井島病院078-947-531116717828203,735ae8bd-4140-4b34-a9d1-2f0e596ce6f7,医療法人双葉会　,06a01253-8a70-4c93-935b-337df469fdba,f0c38178-b825-4772-9482-ad29ed092107,2021/11/29,医療法人双葉会　西江井島病院,医療法人双葉会西江井島病院,医療法人双葉会　
Ｃafé ＭＵＪＩピオレ明石,兵庫県,明石市大明石町１－１－２３ ピオレ明石西館１階,明石市大明石町１－１－２３,ピオレ明石西館１階,078-911-0026,野菜果物販売業,株式会社良品計画 代表取締役 堂前 宣夫,03-3989-4403,2021年11月29日,明保生第2507号,,306,Ｃafé ＭＵＪＩピオレ明石,078,078-911-0026,,,,兵庫県　明石市大明石町１－１－２３,兵庫県明石市大明石町１－１－２３,ピオレ明石西館１階,167172,28,28203,大明石町１,2021/11/29,,,,,株式会社良品計画 ,代表取締役 堂前 宣夫,03-3989-4403,,,,,,,,明保生第2507号,,野菜果物販売業,,,,306_兵庫県_あかし保健所_食品衛生(届出)_2021年11月-2021年12月_末日_新規、廃止,I,58,582,,ＣａｆeＭＵＪＩピオレ明石078-911-002616717228203,f0976fda-3f19-44aa-acfb-8a7a815c167e,株式会社良品計画　,c0107478-26fd-4277-8932-f08bd1fc7711,38ab56d8-0181-443f-99ca-82341a093b5a,2021/11/29,Ｃａｆé　ＭＵＪＩピオレ明石,ＣａｆeＭＵＪＩピオレ明石,株式会社良品計画　
エム・オー・エー商事　明石店,兵庫県,明石市旭が丘２１－２１,明石市旭が丘２１－２１,,078-927-1661,その他の食料・飲料販売業,株式会社エム・オー・エー商事 代表取締役 土江 誠,0557-84-2611,2021年11月29日,明保生第2514号,,306,エム・オー・エー商事　明石店,078,078-927-1661,,,,兵庫県　明石市旭が丘２１－２１,兵庫県明石市旭が丘２１－２１,,167312,28,28203,旭が丘,2021/11/29,,,,,株式会社エム・オー・エー商事 ,代表取締役 土江 誠,0557-84-2611,,,,,,,,明保生第2514号,,その他の食料品製造・加工業,(包装),,,306_兵庫県_あかし保健所_食品衛生(届出)_2021年11月-2021年12月_末日_新規、廃止,E,9,99,,エムオエ商事明石店078-927-166116731228203,ad668d81-7cfd-43b9-a948-c66f3569669d,株式会社エム・オー・エー商事　,f945f704-e7b6-451a-9eda-b30460007c16,d329975e-b1f1-4792-baa6-4463291f9172,2021/11/29,エム・オー・エー商事　明石店,エムオエ商事明石店,株式会社エム・オー・エー商事　
ﾐｽﾀ-ﾄﾞ-ﾅﾂ　ｲｵﾝ明石ｼｮｯﾌﾟ,兵庫県,明石市大久保町ゆりのき通３－３－１ イオン明石ＳＣ　１Ｆ,明石市大久保町ゆりのき通３－３－１ ,イオン明石ＳＣ １Ｆ,078-938-3336,その他の食料・飲料販売業,株式会社ルビフ 代表取締役 四宮 孝郎,06-6441-9119,2021年11月29日,明保生第2512号,,306,ﾐｽﾀ-ﾄﾞ-ﾅﾂ　ｲｵﾝ明石ｼｮｯﾌﾟ,078,078-938-3336,,,,兵庫県　明石市大久保町ゆりのき通３－３－１ ,兵庫県明石市大久保町ゆりノき通３－３－１,イオン明石ＳＣ １Ｆ,167334,28,28203,大久保町ゆりのき通３,2021/11/29,,,,,株式会社ルビフ ,代表取締役 四宮 孝郎,06-6441-9119,,,,,,,,明保生第2512号,,その他の食料品製造・加工業,(包装),,,306_兵庫県_あかし保健所_食品衛生(届出)_2021年11月-2021年12月_末日_新規、廃止,E,9,99,,ミスタドナツイオン明石ショップ078-938-333616733428203,f901feac-f116-4066-bb53-10f3b52ed63e,株式会社ルビフ　,9d6ecdb3-5cf8-481a-8bf3-231fbd93fc15,b83e4bbf-077e-4dbe-b2c9-a361bdb13990,2021/11/29,ミスタ－ド－ナツ　イオン明石ショップ,ミスタドナツイオン明石ショップ,株式会社ルビフ　
神戸ふたみ堂　明石ビブレ店,兵庫県,明石市大久保町ゆりのき通１－３－２ 明石ビブレ　１F,明石市大久保町ゆりのき通１－３－２,明石ビブレ １F,078-935-5749,その他の食料・飲料販売業,有限会社神戸ふたみ堂 代表取締役 岡本 益徳,078-652-3757,2021年11月29日,明保生第2538号,,306,神戸ふたみ堂　明石ビブレ店,078,078-935-5749,,,,兵庫県　明石市大久保町ゆりのき通１－３－２,兵庫県明石市大久保町ゆりノき通１－３－２,明石ビブレ １F,167332,28,28203,大久保町ゆりのき通１,2021/11/29,,,,,有限会社神戸ふたみ堂 ,代表取締役 岡本 益徳,078-652-3757,,,,,,,,明保生第2538号,,その他の食料品製造・加工業,(包装),,,306_兵庫県_あかし保健所_食品衛生(届出)_2021年11月-2021年12月_末日_新規、廃止,E,9,99,,神戸ふたみ堂明石ビブレ店078-935-574916733228203,2b378014-1cdd-4c62-8155-e42ab19286ff,有限会社神戸ふたみ堂　,b8fe5b45-23f8-4843-8023-677a6c99c210,8150e9ff-4f63-4cc4-81df-42d72e01aab0,2021/11/29,神戸ふたみ堂　明石ビブレ店,神戸ふたみ堂明石ビブレ店,有限会社神戸ふたみ堂　
ミャムミャム ボンボン フォーレ,兵庫県,明石市大明石町１－１－２３ ピオレ明石東館１Ｆ,明石市大明石町１－１－２３,ピオレ明石東館１Ｆ,078-911-0055,その他の食料・飲料販売業,株式会社ミャムミャム 代表取締役 井上 耕一,06-6426-0062,2021年11月29日,明保生第2531号,,306,ミャムミャム ボンボン フォーレ,078,078-911-0055,,,,兵庫県　明石市大明石町１－１－２３,兵庫県明石市大明石町１－１－２３,ピオレ明石東館１Ｆ,167172,28,28203,大明石町１,2021/11/29,,,,,株式会社ミャムミャム ,代表取締役 井上 耕一,06-6426-0062,,,,,,,,明保生第2531号,,その他の食料品製造・加工業,(包装),,,306_兵庫県_あかし保健所_食品衛生(届出)_2021年11月-2021年12月_末日_新規、廃止,E,9,99,,ミャムミャムボンボンフォレ078-911-005516717228203,89dd975e-08e2-4fe1-b370-d52b0f4175ed,株式会社ミャムミャム　,e58192bb-7ceb-49ba-a396-db04728b83c9,d4c27ed7-9373-49b2-8fcf-0dcfc59e5e1a,2021/11/29,ミャムミャム　ボンボン　フォーレ,ミャムミャムボンボンフォレ,株式会社ミャムミャム　
大栄堂本舗ピオレ明石店,兵庫県,明石市大明石町１－１－２３ ピオレ明石東館,明石市大明石町１－１－２３,ピオレ明石東館,078-918-7639,その他の食料・飲料販売業,有限会社大栄堂本舗 代表取締役 中井 淳史,078-923-0670,2021年11月29日,明保生第2532号,,306,大栄堂本舗ピオレ明石店,078,078-918-7639,,,,兵庫県　明石市大明石町１－１－２３,兵庫県明石市大明石町１－１－２３,ピオレ明石東館,167172,28,28203,大明石町１,2021/11/29,,,,,有限会社大栄堂本舗 ,代表取締役 中井 淳史,078-923-0670,,,,,,,,明保生第2532号,,その他の食料品製造・加工業,(包装),,,306_兵庫県_あかし保健所_食品衛生(届出)_2021年11月-2021年12月_末日_新規、廃止,E,9,99,,大栄堂本舗ピオレ明石店078-918-763916717228203,25ebbbe1-76eb-4013-bcaa-92a064b4dd8b,有限会社大栄堂本舗　,b99dc7c4-fca8-4502-b5b4-94a26c8ec35e,9cb07804-d537-48a0-82c8-8111380e607c,2021/11/29,大栄堂本舗ピオレ明石店,大栄堂本舗ピオレ明石店,有限会社大栄堂本舗　
ラ・ムー明石南店,兵庫県,明石市魚住町中尾５０８,明石市魚住町中尾５０８,,078-948-3661,百貨店、総合スーパー,大黒天物産株式会社 代表取締役 大賀 昭司,086-435-1100,2021年11月29日,明保生第2533号,,306,ラ・ムー明石南店,078,078-948-3661,,,,兵庫県　明石市魚住町中尾５０８,兵庫県明石市魚住町中尾５０８,,167164,28,28203,魚住町中尾,2021/11/29,,,,,大黒天物産株式会社 ,代表取締役 大賀 昭司,086-435-1100,,,,,,,,明保生第2533号,,百貨店、総合スーパー,,,,306_兵庫県_あかし保健所_食品衛生(届出)_2021年11月-2021年12月_末日_新規、廃止,I,56,561,5611,ラム明石南店078-948-366116716428203,32437fc1-50b0-42c0-a856-9be48cd52cf2,大黒天物産株式会社,c6bb808e-c652-42e5-98f9-25ac678d1b73,ce488628-3998-4c97-ba57-213666d7739f,2021/11/29,ラ・ムー明石南店,ラム明石南店,大黒天物産株式会社
ラ・ムー大蔵海岸店,兵庫県,明石市大蔵海岸通２－２,明石市大蔵海岸通２－２,,078-919-1270,百貨店、総合スーパー,大黒天物産株式会社 代表取締役 大賀 昭司,086-435-1100,2021年11月29日,明保生第2534号,,306,ラ・ムー大蔵海岸店,078,078-919-1270,,,,兵庫県　明石市大蔵海岸通２－２,兵庫県明石市大蔵海岸通２－２,,167336,28,28203,大蔵海岸通２,2021/11/29,,,,,大黒天物産株式会社 ,代表取締役 大賀 昭司,086-435-1100,,,,,,,,明保生第2534号,,百貨店、総合スーパー,,,,306_兵庫県_あかし保健所_食品衛生(届出)_2021年11月-2021年12月_末日_新規、廃止,I,56,561,5611,ラム大蔵海岸店078-919-127016733628203,ff916681-9e72-4d88-b960-57598e424ea8,大黒天物産株式会社,c6bb808e-c652-42e5-98f9-25ac678d1b73,eb3f68ff-204a-4c26-a618-a4e195a02740,2021/11/29,ラ・ムー大蔵海岸店,ラム大蔵海岸店,大黒天物産株式会社
ディオ明石店,兵庫県,明石市魚住町清水１５９５－２,明石市魚住町清水１５９５－２,,078-949-0765,百貨店、総合スーパー,大黒天物産株式会社 代表取締役 大賀 昭司,086-435-1100,2021年11月29日,明保生第2535号,,306,ディオ明石店,078,078-949-0765,,,,兵庫県　明石市魚住町清水１５９５－２,兵庫県明石市魚住町清水１５９５－２,,167162,28,28203,魚住町清水,2021/11/29,,,,,大黒天物産株式会社 ,代表取締役 大賀 昭司,086-435-1100,,,,,,,,明保生第2535号,,百貨店、総合スーパー,,,,306_兵庫県_あかし保健所_食品衛生(届出)_2021年11月-2021年12月_末日_新規、廃止,I,56,561,5611,ディオ明石店078-949-076516716228203,4c9e2539-5d12-4f80-acd4-8b7eebbe6264,大黒天物産株式会社,c6bb808e-c652-42e5-98f9-25ac678d1b73,f294f575-49da-493c-9a90-c794f53c2d68,2021/11/29,ディオ明石店,ディオ明石店,大黒天物産株式会社
なか卯２５０号明石魚住店,兵庫県,明石市魚住町中尾３７０－３,明石市魚住町中尾３７０－３,,078-948-2811,その他の食料・飲料販売業,株式会社なか卯 代表取締役 平山 賢太郎,03-6833-8820,2021年11月29日,明保生第2539号,,306,なか卯２５０号明石魚住店,078,078-948-2811,,,,兵庫県　明石市魚住町中尾３７０－３,兵庫県明石市魚住町中尾３７０－３,,167164,28,28203,魚住町中尾,2021/11/29,,,,,株式会社なか卯 ,代表取締役 平山 賢太郎,03-6833-8820,,,,,,,,明保生第2539号,,その他の食料品製造・加工業,(包装),,,306_兵庫県_あかし保健所_食品衛生(届出)_2021年11月-2021年12月_末日_新規、廃止,E,9,99,,なか卯２５０号明石魚住店078-948-281116716428203,7ea6c482-33ac-4a00-af0c-356b6edd90a0,株式会社なか卯　,18ec8b9e-b113-4d67-ae26-e6a16b3f4485,b7e5da39-9f1b-4f4a-9d04-8a687b2c1072,2021/11/29,なか卯２５０号明石魚住店,なか卯２５０号明石魚住店,株式会社なか卯　
パティスリー　リッチフィールド,兵庫県,明石市大明石町１－１－２３,明石市大明石町１－１－２３,,078-915-0337,その他の食料・飲料販売業,有限会社デセールフクハラ 代表取締役 福原 保子,078-996-7775,2021年11月30日,明保生第2438号,,306,パティスリー　リッチフィールド,078,078-915-0337,,,,兵庫県　明石市大明石町１－１－２３,兵庫県明石市大明石町１－１－２３,,167172,28,28203,大明石町１,2021/11/30,,,,,有限会社デセールフクハラ ,代表取締役 福原 保子,078-996-7775,,,,,,,,明保生第2438号,,その他の食料品製造・加工業,(包装),,,306_兵庫県_あかし保健所_食品衛生(届出)_2021年11月-2021年12月_末日_新規、廃止,E,9,99,,パティスリリッチフィルド078-915-033716717228203,af6ec0dd-d020-42e3-9852-450b3b7f0063,有限会社デセールフクハラ　,b865deb7-8af1-4a03-a143-d07f12bee78d,a9c38bc5-8882-4c0c-b8e6-d0ba7d947d82,2021/11/30,パティスリー　リッチフィールド,パティスリリッチフィルド,有限会社デセールフクハラ　
Ｍｉｎ　ｎａ　ｎｏ　パン,兵庫県,明石市二見町東二見１８３－１,明石市二見町東二見１８３－１,,,その他の食料・飲料販売業,有限会社エムプランニング 取締役 小川 淳,,2021年11月30日,明保生第2453号,,306,Ｍｉｎ　ｎａ　ｎｏ　パン,078,,,,,兵庫県　明石市二見町東二見１８３－１,兵庫県明石市二見町東二見１８３－１,,167280,28,28203,二見町東二見,2021/11/30,,,,,有限会社エムプランニング ,取締役 小川 淳,,,,,,,,,明保生第2453号,,その他の食料品製造・加工業,(包装),,,306_兵庫県_あかし保健所_食品衛生(届出)_2021年11月-2021年12月_末日_新規、廃止,E,9,99,,Ｍｉｎｎａｎｏパン16728028203,3c525055-d9d5-4e95-aabd-c94b0503ca4d,有限会社エムプランニング　,a39d0dcc-25a5-4e89-85ff-11788ad9295f,cc56a590-55ea-44fc-89f2-ea76cce89e81,2021/11/30,Ｍｉｎ　ｎａ　ｎｏ　パン,Ｍｉｎｎａｎｏパン,有限会社エムプランニング　
淡路屋　西明石店,兵庫県,明石市小久保２－７－２０,明石市小久保２－７－２０,,078-925-6723,弁当販売業,株式会社淡路屋 代表取締役 寺本 督,078-431-1682,2021年11月30日,明保生第2468号,,306,淡路屋　西明石店,078,078-925-6723,,,,兵庫県　明石市小久保２－７－２０,兵庫県明石市小久保２－７－２０,,167213,28,28203,小久保２,2021/11/30,,,,,株式会社淡路屋 ,代表取締役 寺本 督,078-431-1682,,,,,,,,明保生第2468号,,弁当販売業,,,,306_兵庫県_あかし保健所_食品衛生(届出)_2021年11月-2021年12月_末日_新規、廃止,I,58,581,5811,淡路屋西明石店078-925-672316721328203,126c7160-bd77-42f9-ad3d-14289ce9d2f4,株式会社淡路屋　,834a012f-c978-43e6-b794-aa9ec6aff911,0e11b78a-dfce-42f8-af7c-f9bdd3e645dc,2021/11/30,淡路屋　西明石店,淡路屋西明石店,株式会社淡路屋　
ワッフル・ケーキの店Ｒ．Ｌ,兵庫県,明石市大明石町１－１－２３ ピオレ明石東館１Ｆ,明石市大明石町１－１－２３,ピオレ明石東館１Ｆ,078-917-0007,その他の食料・飲料販売業,株式会社新保哲也アトリエ 代表取締役 新保 哲也,,2021年11月30日,明保生第2470号,,306,ワッフル・ケーキの店Ｒ．Ｌ,078,078-917-0007,,,,兵庫県　明石市大明石町１－１－２３,兵庫県明石市大明石町１－１－２３,ピオレ明石東館１Ｆ,167172,28,28203,大明石町１,2021/11/30,,,,,株式会社新保哲也アトリエ ,代表取締役 新保 哲也,,,,,,,,,明保生第2470号,,その他の食料品製造・加工業,(包装),,,306_兵庫県_あかし保健所_食品衛生(届出)_2021年11月-2021年12月_末日_新規、廃止,E,9,99,,ワッフルケキの店ＲＬ078-917-000716717228203,f670bddf-3ff5-4895-85f0-a4e3c2d27526,株式会社新保哲也アトリエ　,dde08c9e-610f-4aee-b26a-46b5b1e3fd9b,b6d1fe52-0d5f-4ccc-b5ca-74e50c758727,2021/11/30,ワッフル・ケーキの店Ｒ．Ｌ,ワッフルケキの店ＲＬ,株式会社新保哲也アトリエ　
なか卯２国明石大久保店,兵庫県,明石市大久保町大窪５４７－２,明石市大久保町大窪５４７－２,,078-938-6533,その他の食料・飲料販売業,株式会社なか卯 代表取締役 平山 賢太郎,03-6833-8820,2021年11月30日,明保生第2471号,,306,なか卯２国明石大久保店,078,078-938-6533,,,,兵庫県　明石市大久保町大窪５４７－２,兵庫県明石市大久保町大窪５４７－２,,167175,28,28203,大久保町大窪,2021/11/30,,,,,株式会社なか卯 ,代表取締役 平山 賢太郎,03-6833-8820,,,,,,,,明保生第2471号,,その他の食料品製造・加工業,(包装),,,306_兵庫県_あかし保健所_食品衛生(届出)_2021年11月-2021年12月_末日_新規、廃止,E,9,99,,なか卯２国明石大久保店078-938-653316717528203,bc07e97c-d927-490b-9b07-79aec25170f7,株式会社なか卯　,18ec8b9e-b113-4d67-ae26-e6a16b3f4485,384990bd-0c3d-496f-94be-08399734f974,2021/11/30,なか卯２国明石大久保店,なか卯２国明石大久保店,株式会社なか卯　
ヒューマンライフケア明石の湯,兵庫県,明石市材木町１１－２０ メゾンラメール１階,明石市材木町１１－２０,メゾンラメール１階,078-915-0390,集団給食,ヒューマンライフケア株式会社 代表取締役 瀬戸口 信也,03-6846-0223,2021年11月30日,明保生第2517号,,306,ヒューマンライフケア明石の湯,078,078-915-0390,,,,兵庫県　明石市材木町１１－２０,兵庫県明石市材木町１１－２０,メゾンラメール１階,167220,28,28203,材木町,2021/11/30,,,,,ヒューマンライフケア株式会社 ,代表取締役 瀬戸口 信也,03-6846-0223,,,,,,,,明保生第2517号,,給食施設,,,,306_兵庫県_あかし保健所_食品衛生(届出)_2021年11月-2021年12月_末日_新規、廃止,M,77,,,ヒュマンライフケア明石の湯078-915-039016722028203,046abe47-a5d9-4b25-a34a-8791c573962b,ヒューマンライフケア株式会社,cba7844b-03dd-44ba-a5a3-6d1d9a12c0ea,777c2b08-f25c-4b78-90be-e9548aaaebe3,2021/11/30,ヒューマンライフケア明石の湯,ヒュマンライフケア明石の湯,ヒューマンライフケア株式会社
ｍａｍａｎｙｕｋｉ　ピオレ明石店,兵庫県,明石市大明石町１－１－２３ ピオレ明石東館１階,明石市大明石町１－１－２３,ピオレ明石東館１階,078-995-9913,その他の食料・飲料販売業,株式会社maman yukiリテールサービス 代表取締役 田中 武弘,079-735-8210,2021年11月30日,明保生第2472号,,306,ｍａｍａｎｙｕｋｉ　ピオレ明石店,078,078-995-9913,,,,兵庫県　明石市大明石町１－１－２３,兵庫県明石市大明石町１－１－２３,ピオレ明石東館１階,167172,28,28203,大明石町１,2021/11/30,,,,,株式会社maman yukiリテールサービス ,代表取締役 田中 武弘,079-735-8210,,,,,,,,明保生第2472号,,その他の食料品製造・加工業,(包装),,,306_兵庫県_あかし保健所_食品衛生(届出)_2021年11月-2021年12月_末日_新規、廃止,E,9,99,,ｍａｍａｎｙｕｋｉピオレ明石店078-995-991316717228203,e9f3d87f-68bf-4490-97ad-997af67f4484,株式会社ｍａｍａｎ　ｙｕｋｉリテールサービス　,4c455e4d-8daf-4c6a-95d7-a6e2fcb8855a,da2dd47c-51b0-402d-a04d-b9b951863854,2021/11/30,ｍａｍａｎｙｕｋｉ　ピオレ明石店,ｍａｍａｎｙｕｋｉピオレ明石店,株式会社ｍａｍａｎ　ｙｕｋｉリテールサービス　
丸源ラーメン　明石店,兵庫県,明石市大久保町西脇小藪１２５－１,明石市大久保町西脇小藪１２５－１,,078-938-0066,その他の食料・飲料販売業,株式会社サンパーク 代表取締役 高木 健,06-6388-0389,2021年11月30日,明保生第2469号,,306,丸源ラーメン　明石店,078,078-938-0066,,,,兵庫県　明石市大久保町西脇小藪１２５－１,兵庫県明石市大久保町西脇小薮１２５－１,,167179,28,28203,大久保町西脇,2021/11/30,,,,,株式会社サンパーク ,代表取締役 高木 健,06-6388-0389,,,,,,,,明保生第2469号,,その他の食料品製造・加工業,(包装),,,306_兵庫県_あかし保健所_食品衛生(届出)_2021年11月-2021年12月_末日_新規、廃止,E,9,99,,丸源ラメン明石店078-938-006616717928203,6ea17a6c-541e-42e2-bac4-96ec11361fb4,株式会社サンパーク　,4564669b-b026-4649-9679-baad9152bb90,1e968335-3b90-4c2b-ad22-d03bd591bcdc,2021/11/30,丸源ラーメン　明石店,丸源ラメン明石店,株式会社サンパーク　
ローソンストア１００明石小久保店,兵庫県,明石市小久保１－４－５,明石市小久保１－４－５,,078-921-2899,コンビニエンスストア,井上 秀一,,2021年12月1日,明保生第2447号,,306,ローソンストア１００明石小久保店,078,078-921-2899,,,,兵庫県　明石市小久保１－４－５,兵庫県明石市小久保１－４－５,,167212,28,28203,小久保１,2021/12/01,,,,,,井上 秀一,,,,,,,,,明保生第2447号,,コンビニエンスストア,,,,306_兵庫県_あかし保健所_食品衛生(届出)_2021年11月-2021年12月_末日_新規、廃止,I,58,589,5891,ロソンストア１００明石小久保店078-921-289916721228203,9a9c7d38-38f2-4a18-8774-94338c98a87e,,personal,6a65980c-9cfa-4583-8cdd-b98bb9dfa08c,2021/12/01,ローソンストア１００明石小久保店,ロソンストア１００明石小久保店,
ローソンストア１００　明石本町店,兵庫県,明石市本町２－１－１,明石市本町２－１－１,,078-915-1899,コンビニエンスストア,井上 秀一,,2021年12月1日,明保生第2448号,,306,ローソンストア１００　明石本町店,078,078-915-1899,,,,兵庫県　明石市本町２－１－１,兵庫県明石市本町２－１－１,,167287,28,28203,本町２,2021/12/01,,,,,,井上 秀一,,,,,,,,,明保生第2448号,,コンビニエンスストア,,,,306_兵庫県_あかし保健所_食品衛生(届出)_2021年11月-2021年12月_末日_新規、廃止,I,58,589,5891,ロソンストア１００明石本町店078-915-189916728728203,6aaf00b6-6f89-4727-9198-7b710f321a03,,personal,4aa141a7-4e3e-4378-a53d-f14b17b2e50d,2021/12/01,ローソンストア１００　明石本町店,ロソンストア１００明石本町店,
ビッグボーイ　明石大久保店,兵庫県,明石市大久保町西脇字大池ノ東３７５－１,明石市大久保町西脇字大池ノ東３７５－１,,078-938-6263,その他の食料・飲料販売業,株式会社ビッグボーイジャパン 代表取締役 長久保 文康,03-6833-8001,2021年12月1日,明保生第2449号,,306,ビッグボーイ　明石大久保店,078,078-938-6263,,,,兵庫県　明石市大久保町西脇字大池ノ東３７５－１,兵庫県明石市大久保町西脇字大池ノ東３７５－１,,167179,28,28203,大久保町西脇,2021/12/01,,,,,株式会社ビッグボーイジャパン ,代表取締役 長久保 文康,03-6833-8001,,,,,,,,明保生第2449号,,その他の食料品製造・加工業,(包装),,,306_兵庫県_あかし保健所_食品衛生(届出)_2021年11月-2021年12月_末日_新規、廃止,E,9,99,,ビッグボイ明石大久保店078-938-626316717928203,2b9c01c7-36ce-4067-a275-6703962623ae,株式会社ビッグボーイジャパン　,b037e51a-8cbc-4b84-a56a-10da309009f6,948fc5a2-6b48-4d11-8665-301241ed318a,2021/12/01,ビッグボーイ　明石大久保店,ビッグボイ明石大久保店,株式会社ビッグボーイジャパン　
国立大学法人　神戸大学附属小学校,兵庫県,明石市山下町３－４,明石市山下町３－４,,078-912-1642,集団給食,国立大学法人神戸大学 学長 藤澤 正人,078-881-1212,2021年12月2日,明保生第2463号,,306,国立大学法人　神戸大学附属小学校,078,078-912-1642,,,,兵庫県　明石市山下町３－４,兵庫県明石市山下町３－４,,167299,28,28203,山下町,2021/12/02,,,,,国立大学法人神戸大学 学長 藤澤 正人,,078-881-1212,,,,,,,,明保生第2463号,,給食施設,,,,306_兵庫県_あかし保健所_食品衛生(届出)_2021年11月-2021年12月_末日_新規、廃止,M,77,,,国立大学法人神戸大学附属小学校078-912-164216729928203,581c3b88-b916-4e0e-b41e-0a7ae9a123c3,国立大学法人神戸大学　学長　藤澤　正人,ecc6c224-5951-4e31-a98d-6321ba9b54f5,37be4504-09e6-4916-956a-2250fc7b8635,2021/12/02,国立大学法人神戸大学附属小学校,国立大学法人神戸大学附属小学校,国立大学法人神戸大学　学長　藤澤　正人
珈琲　木熊家,兵庫県,明石市松の内２－５－２ 松の内ビル１Ｆ,明石市松の内２－５－２, 松の内ビル１Ｆ,078-923-5811,農産保存食料品製造・加工業,熊取谷 礼子,,2021年12月2日,明保生第2454号,,306,珈琲　木熊家,078,078-923-5811,,,,兵庫県　明石市松の内２－５－２,兵庫県明石市松ノ内２－５－２, 松の内ビル１Ｆ,167311,28,28203,松の内２,2021/12/02,,,,,,熊取谷 礼子,,,,,,,,,明保生第2454号,,農産保存食料品製造・加工業,,,,306_兵庫県_あかし保健所_食品衛生(届出)_2021年11月-2021年12月_末日_新規、廃止,E,9,93,,珈琲木熊家078-923-581116731128203,d71dee78-8621-4391-a634-e45a4d7e5034,,personal,64a06899-178c-4dc4-ba6b-623cc6e7a0e6,2021/12/02,珈琲　木熊家,珈琲木熊家,
ＢＡＵＭ　ＢÄＲ　ＨＡＵＳ,兵庫県,明石市松の内２－５－２ 松ノ内ビル１Ｆ,明石市松の内２－５－２, 松ノ内ビル１Ｆ,078-923-5811,農産保存食料品製造・加工業,熊取谷 優子,,2021年12月2日,明保生第2455号,,306,ＢＡＵＭ　ＢÄＲ　ＨＡＵＳ,078,078-923-5811,,,,兵庫県　明石市松の内２－５－２,兵庫県明石市松ノ内２－５－２, 松ノ内ビル１Ｆ,167311,28,28203,松の内２,2021/12/02,,,,,,熊取谷 優子,,,,,,,,,明保生第2455号,,農産保存食料品製造・加工業,,,,306_兵庫県_あかし保健所_食品衛生(届出)_2021年11月-2021年12月_末日_新規、廃止,E,9,93,,ＢＡＵＭＢAＲＨＡＵＳ078-923-581116731128203,e5db5376-74e3-40f2-bba9-fe7c7017926c,,personal,2ae9aee4-21a7-4cd1-a0d4-b800bfcb08f8,2021/12/02,ＢＡＵＭ　ＢÄＲ　ＨＡＵＳ,ＢＡＵＭＢAＲＨＡＵＳ,
小川珈琲　明石店,兵庫県,明石市大久保町ゆりのき通３－３－１,明石市大久保町ゆりのき通３－３－１,,078-934-1339,その他の食料・飲料販売業,松田 修二,,2021年12月3日,明保生第2510号,,306,小川珈琲　明石店,078,078-934-1339,,,,兵庫県　明石市大久保町ゆりのき通３－３－１,兵庫県明石市大久保町ゆりノき通３－３－１,,167334,28,28203,大久保町ゆりのき通３,2021/12/03,,,,,,松田 修二,,,,,,,,,明保生第2510号,,その他の食料品製造・加工業,(包装),,,306_兵庫県_あかし保健所_食品衛生(届出)_2021年11月-2021年12月_末日_新規、廃止,E,9,99,,小川珈琲明石店078-934-133916733428203,0624f932-fa16-49c1-8e9e-d87c81635079,,personal,3475168c-aa75-4877-87ad-8a2124135a65,2021/12/03,小川珈琲　明石店,小川珈琲明石店,
たけいも,兵庫県,明石市松の内１－４－１８,明石市松の内１－４－１８,,,野菜果物販売業,有限会社竹鶴 取締役 中野 耕三,078-927-3691,2021年12月6日,明保生第2439号,,306,たけいも,078,,,,,兵庫県　明石市松の内１－４－１８,兵庫県明石市松ノ内１－４－１８,,167310,28,28203,松の内１,2021/12/06,,,,,有限会社竹鶴 ,取締役 中野 耕三,078-927-3691,,,,,,,,明保生第2439号,,野菜果物販売業,,,,306_兵庫県_あかし保健所_食品衛生(届出)_2021年11月-2021年12月_末日_新規、廃止,I,58,582,,たけいも16731028203,1ba032e2-32ce-4613-aa89-63b234520753,有限会社竹鶴　,eeb28e2d-e917-4a5f-bcf4-08462b4aa484,30c43bcc-5202-456f-9bbb-bbc474d987ca,2021/12/06,たけいも,たけいも,有限会社竹鶴　
株式会社万代　明石硯町店,兵庫県,明石市硯町３－１２－４０,明石市硯町３－１２－４０,,078-925-3100,百貨店、総合スーパー,株式会社万代 代表取締役 阿部 秀行,066-720-3305,2021年12月6日,明保生第2445号,,306,株式会社万代　明石硯町店,078,078-925-3100,,,,兵庫県　明石市硯町３－１２－４０,兵庫県明石市硯町３－１２－４０,,167224,28,28203,硯町３,2021/12/06,,,,,株式会社万代 ,代表取締役 阿部 秀行,066-720-3305,,,,,,,,明保生第2445号,,百貨店、総合スーパー,,,,306_兵庫県_あかし保健所_食品衛生(届出)_2021年11月-2021年12月_末日_新規、廃止,I,56,561,5611,株式会社万代明石硯町店078-925-310016722428203,4b5b7e93-bb81-4e9d-afb5-3b6d72d35dd2,株式会社万代　,6c9a5a0e-bddf-4356-acbe-a35927da36e5,ebb9eaa5-838c-46a6-aadb-c913ab230aef,2021/12/06,株式会社万代　明石硯町店,株式会社万代明石硯町店,株式会社万代　
ピオレ明石,兵庫県,明石市大明石町１－１－２３,明石市大明石町１－１－２３,,078-920-9310,その他の食料・飲料販売業,株式会社モンロワール 代表取締役 前内 芳文,078-862-1789,2021年12月6日,明保生第2446号,,306,ピオレ明石,078,078-920-9310,,,,兵庫県　明石市大明石町１－１－２３,兵庫県明石市大明石町１－１－２３,,167172,28,28203,大明石町１,2021/12/06,,,,,株式会社モンロワール ,代表取締役 前内 芳文,078-862-1789,,,,,,,,明保生第2446号,,その他の食料品製造・加工業,(包装),,,306_兵庫県_あかし保健所_食品衛生(届出)_2021年11月-2021年12月_末日_新規、廃止,E,9,99,,ピオレ明石078-920-931016717228203,68a6f862-675c-4b8e-a1f1-f25e0d3b0ee0,株式会社モンロワール　,5aca2adc-6c36-4549-8ebc-de044e1c8679,148e9de2-b212-4983-9511-5e700136a797,2021/12/06,ピオレ明石,ピオレ明石,株式会社モンロワール　
リーフあかし,兵庫県,明石市硯町３－１１－２４,明石市硯町３－１１－２４,,078-992-3000,その他の食料品製造・加工業,一般社団法人リーフガーデン 代表理事 松本 浩和,078-992-3000,2021年12月6日,明保生第2452号,,306,リーフあかし,078,078-992-3000,,,,兵庫県　明石市硯町３－１１－２４,兵庫県明石市硯町３－１１－２４,,167224,28,28203,硯町３,2021/12/06,,,,,一般社団法人リーフガーデン ,代表理事 松本 浩和,078-992-3000,,,,,,,,明保生第2452号,,その他の食料品製造・加工業,,,,306_兵庫県_あかし保健所_食品衛生(届出)_2021年11月-2021年12月_末日_新規、廃止,E,9,99,,リフあかし078-992-300016722428203,b8e1f863-de7a-4e7b-825b-c8041bb54053,一般社団法人リーフガーデン　,e196e773-5d88-415a-9565-a7650785a844,ff833cd0-0832-489b-bb74-75fe50d4f7bf,2021/12/06,リーフあかし,リフあかし,一般社団法人リーフガーデン　
Ｎ°１２３,兵庫県,明石市西明石南町１－７－１６,明石市西明石南町１－７－１６,,,その他の食料・飲料販売業,尾上 由紀,,2021年12月7日,明保生第2502号,,306,Ｎ°１２３,078,,,,,兵庫県　明石市西明石南町１－７－１６,兵庫県明石市西明石南町１－７－１６,,167254,28,28203,西明石南町１,2021/12/07,,,,,,尾上 由紀,,,,,,,,,明保生第2502号,,その他の食料品製造・加工業,(包装),,,306_兵庫県_あかし保健所_食品衛生(届出)_2021年11月-2021年12月_末日_新規、廃止,E,9,99,,Ｎ１２３16725428203,71b1abda-2260-473b-bb26-ed6d1d042152,,personal,5c5603ba-55d1-4d70-a4ac-e7b16d9c604c,2021/12/07,Ｎ°１２３,Ｎ１２３,
ＰＩＴＩＮ,兵庫県,明石市大久保町駅前１－１１－８ 水田ビル,明石市大久保町駅前１－１１－８, 水田ビル,078-915-7540,弁当販売業,梶田 大和,,2021年12月7日,明保生第2450号,,306,ＰＩＴＩＮ,078,078-915-7540,,,,兵庫県　明石市大久保町駅前１－１１－８,兵庫県明石市大久保町駅前１－１１－８, 水田ビル,167346,28,28203,大久保町駅前１,2021/12/07,,,,,,梶田 大和,,,,,,,,,明保生第2450号,,弁当販売業,,,,306_兵庫県_あかし保健所_食品衛生(届出)_2021年11月-2021年12月_末日_新規、廃止,I,58,581,5811,ＰＩＴＩＮ078-915-754016734628203,142cdb66-e83d-4629-8ab7-4f540b1b32da,,personal,a3223882-57e1-4f01-9b5f-922067fab957,2021/12/07,ＰＩＴＩＮ,ＰＩＴＩＮ,
ピザーラ西明石店,兵庫県,明石市小久保３－１８－１ ハーモニーハイツ１Ｆ,明石市小久保３－１８－１,ハーモニーハイツ１Ｆ,078-927-5858,その他の食料・飲料販売業,株式会社フォーシーズ 代表取締役 浅野 秀則,03-3409-6000,2021年12月7日,明保生第2451号,,306,ピザーラ西明石店,078,078-927-5858,,,,兵庫県　明石市小久保３－１８－１,兵庫県明石市小久保３－１８－１,ハーモニーハイツ１Ｆ,167214,28,28203,小久保３,2021/12/07,,,,,株式会社フォーシーズ ,代表取締役 浅野 秀則,03-3409-6000,,,,,,,,明保生第2451号,,その他の食料品製造・加工業,(包装),,,306_兵庫県_あかし保健所_食品衛生(届出)_2021年11月-2021年12月_末日_新規、廃止,E,9,99,,ピザラ西明石店078-927-585816721428203,3b22c490-411c-4dac-96a5-e1122c4258d4,株式会社フォーシーズ　,b5649cc1-095e-424d-b718-57fd93af9856,f440fa42-2a65-40c9-9e16-e13bde470555,2021/12/07,ピザーラ西明石店,ピザラ西明石店,株式会社フォーシーズ　
ＴＲＥＡＳＵＲＥ,兵庫県,明石市中崎２－４－１－１３１２,明石市中崎２－４－１,１３１２,,その他の食料品製造・加工業,清水 マリ,,2021年12月9日,明保生第2457号,,306,ＴＲＥＡＳＵＲＥ,078,,,,,兵庫県　明石市中崎２－４－１,兵庫県明石市中崎２－４－１,１３１２,167245,28,28203,中崎２,2021/12/09,,,,,,清水 マリ,,,,,,,,,明保生第2457号,,その他の食料品製造・加工業,,,,306_兵庫県_あかし保健所_食品衛生(届出)_2021年11月-2021年12月_末日_新規、廃止,E,9,99,,ＴＲＥＡＳＵＲＥ16724528203,13f9ae92-71c0-4564-9672-c9ae62bab6c6,,personal,edebc1fd-d7a6-43d5-9549-890c7b190cdc,2021/12/09,ＴＲＥＡＳＵＲＥ,ＴＲＥＡＳＵＲＥ,
食彩館ひのき,兵庫県,明石市大久保町ゆりのき通３－３－１,明石市大久保町ゆりのき通３－３－１,,078-962-5850,その他の食料・飲料販売業,山居 由典,,2021年12月9日,明保生第2458号,,306,食彩館ひのき,078,078-962-5850,,,,兵庫県　明石市大久保町ゆりのき通３－３－１,兵庫県明石市大久保町ゆりノき通３－３－１,,167334,28,28203,大久保町ゆりのき通３,2021/12/09,,,,,,山居 由典,,,,,,,,,明保生第2458号,,その他の食料品製造・加工業,(包装),,,306_兵庫県_あかし保健所_食品衛生(届出)_2021年11月-2021年12月_末日_新規、廃止,E,9,99,,食彩館ひのき078-962-585016733428203,7239e7e3-1952-4e18-b474-3f81804d7948,,personal,377c6664-40dd-4c59-aca0-d90a3cd2f262,2021/12/09,食彩館ひのき,食彩館ひのき,
新鋭ミート株式会社　明石営業所,兵庫県,明石市魚住町住吉２－４－３６,明石市魚住町住吉２－４－３６,,078-915-8356,食肉販売業,新鋭ミート株式会社 代表取締役 谷尾 一也,0949-26-8111,2021年12月10日,明保生第2464号,,306,新鋭ミート株式会社　明石営業所,078,078-915-8356,,,,兵庫県　明石市魚住町住吉２－４－３６,兵庫県明石市魚住町住吉２－４－３６,,167326,28,28203,魚住町住吉２,2021/12/10,,,,,新鋭ミート株式会社 ,代表取締役 谷尾 一也,0949-26-8111,,,,,,,,明保生第2464号,,食肉販売業,,,,306_兵庫県_あかし保健所_食品衛生(届出)_2021年11月-2021年12月_末日_新規、廃止,I,58,583,,新鋭ミト株式会社明石営業所078-915-835616732628203,58b773d8-58f5-46b5-a5c8-0e505b08dcdb,新鋭ミート株式会社,206564df-ea3e-4143-88b9-6ebff536be13,176479c2-6fe1-4a35-8884-cc3c2b8617ae,2021/12/10,新鋭ミート株式会社明石営業所,新鋭ミト株式会社明石営業所,新鋭ミート株式会社
はま寿司　明石魚住店,兵庫県,明石市魚住町清水２１２４－１,明石市魚住町清水２１２４－１,,078-942-8655,その他の食料・飲料販売業,株式会社はま寿司 代表取締役 遠藤 哲郎,03-6833-8032,2021年12月14日,明保生第2504号,,306,はま寿司　明石魚住店,078,078-942-8655,,,,兵庫県　明石市魚住町清水２１２４－１,兵庫県明石市魚住町清水２１２４－１,,167162,28,28203,魚住町清水,2021/12/14,,,,,株式会社はま寿司 ,代表取締役 遠藤 哲郎,03-6833-8032,,,,,,,,明保生第2504号,,その他の食料品製造・加工業,(包装),,,306_兵庫県_あかし保健所_食品衛生(届出)_2021年11月-2021年12月_末日_新規、廃止,E,9,99,,はま寿司明石魚住店078-942-865516716228203,9941fdb9-3333-436d-82ef-407351c72539,株式会社はま寿司　,a1fb2d94-4db8-40bc-8e9a-150420be2c8c,ab459792-391f-430b-81b0-e8a8eaad9de8,2021/12/14,はま寿司　明石魚住店,はま寿司明石魚住店,株式会社はま寿司　
はま寿司イオン明石店,兵庫県,明石市大久保町ゆりのき通２－３－１,明石市大久保町ゆりのき通２－３－１,,078-938-3035,その他の食料・飲料販売業,株式会社はま寿司 代表取締役 遠藤 哲郎,03-6833-8032,2021年12月14日,明保生第2503号,,306,はま寿司イオン明石店,078,078-938-3035,,,,兵庫県　明石市大久保町ゆりのき通２－３－１,兵庫県明石市大久保町ゆりノき通２－３－１,,167333,28,28203,大久保町ゆりのき通２,2021/12/14,,,,,株式会社はま寿司 ,代表取締役 遠藤 哲郎,03-6833-8032,,,,,,,,明保生第2503号,,その他の食料品製造・加工業,(包装),,,306_兵庫県_あかし保健所_食品衛生(届出)_2021年11月-2021年12月_末日_新規、廃止,E,9,99,,はま寿司イオン明石店078-938-303516733328203,c3d5ad2c-0d3f-49a5-bca6-185132165793,株式会社はま寿司　,a1fb2d94-4db8-40bc-8e9a-150420be2c8c,5ba10953-b98d-4c45-a999-265cd3711d0b,2021/12/14,はま寿司イオン明石店,はま寿司イオン明石店,株式会社はま寿司　
ファクトリーシン明石ビブレ店,兵庫県,明石市大久保町ゆりのき通１－３－２ 明石ビブレ１F,明石市大久保町ゆりのき通１－３－２,明石ビブレ１F,078-934-3255,その他の食料・飲料販売業,株式会社シンケールス 代表取締役 樫山 博司,078-272-6111,2021年12月14日,明保生第2466号,,306,ファクトリーシン明石ビブレ店,078,078-934-3255,,,,兵庫県　明石市大久保町ゆりのき通１－３－２,兵庫県明石市大久保町ゆりノき通１－３－２,明石ビブレ１F,167332,28,28203,大久保町ゆりのき通１,2021/12/14,,,,,株式会社シンケールス ,代表取締役 樫山 博司,078-272-6111,,,,,,,,明保生第2466号,,その他の食料品製造・加工業,(包装),,,306_兵庫県_あかし保健所_食品衛生(届出)_2021年11月-2021年12月_末日_新規、廃止,E,9,99,,ファクトリシン明石ビブレ店078-934-325516733228203,3aba99c7-2717-47bb-8c37-0ba45711aa22,株式会社シンケールス　,78501520-c9d5-4f9b-9058-474424ca6b45,ae722e43-7a3e-4e61-b4b5-bd92c58f6686,2021/12/14,ファクトリーシン明石ビブレ店,ファクトリシン明石ビブレ店,株式会社シンケールス　
濃い恋いちご,兵庫県,明石市大久保町高丘２－１７－３,明石市大久保町高丘２－１７－３,,,農産保存食料品製造・加工業,大西 優作,,2021年12月15日,明保生第2467号,,306,濃い恋いちご,078,,,,,兵庫県　明石市大久保町高丘２－１７－３,兵庫県明石市大久保町高丘２－１７－３,,167186,28,28203,大久保町高丘２,2021/12/15,,,,,,大西 優作,,,,,,,,,明保生第2467号,,農産保存食料品製造・加工業,,,,306_兵庫県_あかし保健所_食品衛生(届出)_2021年11月-2021年12月_末日_新規、廃止,E,9,93,,濃い恋いちご16718628203,981f6fe9-7fda-46b8-8302-03844c6d9dc6,,personal,3907b917-437d-4217-9c46-332ad246eb6a,2021/12/15,濃い恋いちご,濃い恋いちご,
Ｅｕｐｈｏｒｉａ,兵庫県,明石市西新町２－１－６－９２６,明石市西新町２－１－６,９２６,,調味料製造・加工業,松本 麻友美,,2021年12月16日,明保生第2515号,,306,Ｅｕｐｈｏｒｉａ,078,,,,,兵庫県　明石市西新町２－１－６,兵庫県明石市西新町２－１－６,９２６,167259,28,28203,西新町２,2021/12/16,,,,,,松本 麻友美,,,,,,,,,明保生第2515号,,調味料製造・加工業,,,,306_兵庫県_あかし保健所_食品衛生(届出)_2021年11月-2021年12月_末日_新規、廃止,E,9,94,,Ｅｕｐｈｏｒｉａ16725928203,61de0245-480a-410a-ac74-f13bc2381c6e,,personal,77a8aad3-bc66-4f39-875e-4886f7c430c4,2021/12/16,Ｅｕｐｈｏｒｉａ,Ｅｕｐｈｏｒｉａ,
明石土山病院,兵庫県,明石市魚住町清水２７４４－３０,明石市魚住町清水２７４４－３０,,078-942-1021,集団給食,医療法人社団正仁会 理事長 太田 正幸,078-942-1021,2021年12月17日,明保生第2500号,,306,明石土山病院,078,078-942-1021,,,,兵庫県　明石市魚住町清水２７４４－３０,兵庫県明石市魚住町清水２７４４－３０,,167162,28,28203,魚住町清水,2021/12/17,,,,,医療法人社団正仁会 ,理事長 太田 正幸,078-942-1021,,,,,,,,明保生第2500号,,給食施設,,,,306_兵庫県_あかし保健所_食品衛生(届出)_2021年11月-2021年12月_末日_新規、廃止,M,77,,,明石土山病院078-942-102116716228203,3c087b9a-e957-4ad9-9a41-9175a947c124,医療法人社団正仁会　,0a12efdb-c082-419b-8e1f-817a466b805e,6fbfa39b-76d8-452f-bd1d-0d99d841cc7e,2021/12/17,明石土山病院,明石土山病院,医療法人社団正仁会　
株式会社ＤＯＮＤＯＮ,兵庫県,明石市藤江２０２９－１ 神果神戸青果（株）内,明石市藤江２０２９－１,神果神戸青果（株）内,078-671-5512,野菜果物販売業,株式会社ＤＯＮＤＯＮ 代表取締役 原田 俊一,078-671-5512,2021年12月21日,明保生第2506号,,306,株式会社ＤＯＮＤＯＮ,078,078-671-5512,,,,兵庫県　明石市藤江２０２９－１,兵庫県明石市藤江２０２９－１,神果神戸青果（株）内,167276,28,28203,藤江,2021/12/21,,,,,株式会社ＤＯＮＤＯＮ ,代表取締役 原田 俊一,078-671-5512,,,,,,,,明保生第2506号,,野菜果物販売業,,,,306_兵庫県_あかし保健所_食品衛生(届出)_2021年11月-2021年12月_末日_新規、廃止,I,58,582,,株式会社ＤＯＮＤＯＮ078-671-551216727628203,a87def37-d4b6-40c9-a563-ea50e9566f53,株式会社ＤＯＮＤＯＮ　,20479aef-2619-4dfc-9ab4-53645e13353e,f6d9c4ec-57bb-4b5f-a359-6a912ff223b7,2021/12/21,株式会社ＤＯＮＤＯＮ,株式会社ＤＯＮＤＯＮ,株式会社ＤＯＮＤＯＮ　
伊藤園　イトーヨーカドー明石店,兵庫県,明石市二見町西二見駅前１－１８,明石市二見町西二見駅前１－１８,,078-942-2675,その他の食料・飲料販売業,株式会社伊藤園 代表取締役 本庄 大介,03-5371-7111,2021年12月21日,明保生第2505号,,306,伊藤園　イトーヨーカドー明石店,078,078-942-2675,,,,兵庫県　明石市二見町西二見駅前１－１８,兵庫県明石市二見町西二見駅前１－１８,,167341,28,28203,二見町西二見駅前１,2021/12/21,,,,,株式会社伊藤園 ,代表取締役 本庄 大介,03-5371-7111,,,,,,,,明保生第2505号,,その他の食料品製造・加工業,(包装),,,306_兵庫県_あかし保健所_食品衛生(届出)_2021年11月-2021年12月_末日_新規、廃止,E,9,99,,伊藤園イトヨカド明石店078-942-267516734128203,071f665a-d053-4409-af30-4e0e8c679f2c,株式会社伊藤園　,7fbc8782-521b-4054-8568-7b3c48e5526a,92fb2ae5-cf42-42f1-90ec-afc1f7c1b409,2021/12/21,伊藤園　イトーヨーカドー明石店,伊藤園イトヨカド明石店,株式会社伊藤園　
明石市立王子小学校,兵庫県,明石市王子１－１－１,明石市王子１－１－１,,078-918-5465,集団給食,明石市 市長 泉 房穂,078-912-1111,2021年12月23日,明保生第2518号,,306,明石市立王子小学校,078,078-918-5465,,,,兵庫県　明石市王子１－１－１,兵庫県明石市王子１－１－１,,167170,28,28203,王子１,2021/12/23,,,,,,明石市 市長 泉 房穂,078-912-1111,,,,,,,,明保生第2518号,,給食施設,,,,306_兵庫県_あかし保健所_食品衛生(届出)_2021年11月-2021年12月_末日_新規、廃止,M,77,,,明石市立王子小学校078-918-546516717028203,c4949cb7-8840-4ae1-82bb-31f96e52bc97,,personal,cd73d2a4-d06d-4326-8152-20fc23b0f0f1,2021/12/23,明石市立王子小学校,明石市立王子小学校,
明石市立貴崎小学校,兵庫県,明石市貴崎５－５－５２,明石市貴崎５－５－５２,,078-918-5685,集団給食,明石市 市長 泉 房穂,078-912-1111,2021年12月23日,明保生第2519号,,306,明石市立貴崎小学校,078,078-918-5685,,,,兵庫県　明石市貴崎５－５－５２,兵庫県明石市貴崎５－５－５２,,167209,28,28203,貴崎５,2021/12/23,,,,,,明石市 市長 泉 房穂,078-912-1111,,,,,,,,明保生第2519号,,給食施設,,,,306_兵庫県_あかし保健所_食品衛生(届出)_2021年11月-2021年12月_末日_新規、廃止,M,77,,,明石市立貴崎小学校078-918-568516720928203,85e94f10-1858-497f-858f-72988496f35b,,personal,6dc60ea9-2f37-415b-870f-665e479785d2,2021/12/23,明石市立貴崎小学校,明石市立貴崎小学校,
明石市立高丘西小学校,兵庫県,明石市大久保町高丘７－２３,明石市大久保町高丘７－２３,,078-918-5735,集団給食,明石市 市長 泉 房穂,078-912-1111,2021年12月23日,明保生第2520号,,306,明石市立高丘西小学校,078,078-918-5735,,,,兵庫県　明石市大久保町高丘７－２３,兵庫県明石市大久保町高丘７－２３,,167191,28,28203,大久保町高丘７,2021/12/23,,,,,,明石市 市長 泉 房穂,078-912-1111,,,,,,,,明保生第2520号,,給食施設,,,,306_兵庫県_あかし保健所_食品衛生(届出)_2021年11月-2021年12月_末日_新規、廃止,M,77,,,明石市立高丘西小学校078-918-573516719128203,3d37359c-4c6d-440e-b19c-ab9b0236b89f,,personal,06aadf9a-3f46-4180-86e2-c508459df6e1,2021/12/23,明石市立高丘西小学校,明石市立高丘西小学校,
株式会社　テクノシンセイ　にんにく工房,兵庫県,明石市大久保町八木１７０－１,明石市大久保町八木１７０－１,,078-942-1467,野菜果物販売業,株式会社テクノシンセイ 代表取締役 木村 健一,078-942-1467,2021年12月23日,明保生第2527号,,306,株式会社　テクノシンセイ　にんにく工房,078,078-942-1467,,,,兵庫県　明石市大久保町八木１７０－１,兵庫県明石市大久保町八木１７０－１,,167184,28,28203,大久保町八木,2021/12/23,,,,,株式会社テクノシンセイ ,代表取締役 木村 健一,078-942-1467,,,,,,,,明保生第2527号,,野菜果物販売業,,,,306_兵庫県_あかし保健所_食品衛生(届出)_2021年11月-2021年12月_末日_新規、廃止,I,58,582,,株式会社テクノシンセイにんにく工房078-942-146716718428203,aaf694ce-ceb1-4e3c-b174-804e4c93a751,株式会社テクノシンセイ　,ff648058-0671-4d51-b441-682d2c7580ca,e07f0041-e5a2-47e9-9bb3-8d194d2d8a8e,2021/12/23,株式会社テクノシンセイ　にんにく工房,株式会社テクノシンセイにんにく工房,株式会社テクノシンセイ　
いとう農園,兵庫県,明石市和坂２－１１－１４,明石市和坂２－１１－１４,,,農産保存食料品製造・加工業,伊藤 能之,,2021年12月23日,明保生第2528号,,306,いとう農園,078,,,,,兵庫県　明石市和坂２－１１－１４,兵庫県明石市和坂２－１１－１４,,167301,28,28203,和坂２,2021/12/23,,,,,,伊藤 能之,,,,,,,,,明保生第2528号,,農産保存食料品製造・加工業,,,,306_兵庫県_あかし保健所_食品衛生(届出)_2021年11月-2021年12月_末日_新規、廃止,E,9,93,,いとう農園16730128203,cb435b2e-48b4-4318-970e-36e7049e3b85,,personal,bc3eacf1-93b7-4082-ba1a-d03d7569e545,2021/12/23,いとう農園,いとう農園,
明石市立高丘東小学校,兵庫県,明石市大久保町高丘３－２,明石市大久保町高丘３－２,,078-918-5730,集団給食,明石市 市長 泉 房穂,078-912-1111,2021年12月23日,明保生第2521号,,306,明石市立高丘東小学校,078,078-918-5730,,,,兵庫県　明石市大久保町高丘３－２,兵庫県明石市大久保町高丘３－２,,167187,28,28203,大久保町高丘３,2021/12/23,,,,,,明石市 市長 泉 房穂,078-912-1111,,,,,,,,明保生第2521号,,給食施設,,,,306_兵庫県_あかし保健所_食品衛生(届出)_2021年11月-2021年12月_末日_新規、廃止,M,77,,,明石市立高丘東小学校078-918-573016718728203,97b58e81-24a8-41d8-b897-b23ae75b1d9e,,personal,8d22faf0-b1eb-44fe-b741-930f740acdbb,2021/12/23,明石市立高丘東小学校,明石市立高丘東小学校,
明石市立松が丘小学校,兵庫県,明石市松が丘３－１－１,明石市松が丘３－１－１,,078-918-5435,集団給食,明石市 市長 泉 房穂,078-912-1111,2021年12月23日,明保生第2522号,,306,明石市立松が丘小学校,078,078-918-5435,,,,兵庫県　明石市松が丘３－１－１,兵庫県明石市松が丘３－１－１,,167291,28,28203,松が丘３,2021/12/23,,,,,,明石市 市長 泉 房穂,078-912-1111,,,,,,,,明保生第2522号,,給食施設,,,,306_兵庫県_あかし保健所_食品衛生(届出)_2021年11月-2021年12月_末日_新規、廃止,M,77,,,明石市立松が丘小学校078-918-543516729128203,c8102dec-4f77-4beb-a3a4-dae088fa42a1,,personal,c787df1f-3cd9-46ee-8cb4-63c63b732650,2021/12/23,明石市立松が丘小学校,明石市立松が丘小学校,
明石市立大観小学校,兵庫県,明石市大明石町２－８－３０,明石市大明石町２－８－３０,,078-918-5460,集団給食,明石市 市長 泉 房穂,078-912-1111,2021年12月23日,明保生第2523号,,306,明石市立大観小学校,078,078-918-5460,,,,兵庫県　明石市大明石町２－８－３０,兵庫県明石市大明石町２－８－３０,,167173,28,28203,大明石町２,2021/12/23,,,,,,明石市 市長 泉 房穂,078-912-1111,,,,,,,,明保生第2523号,,給食施設,,,,306_兵庫県_あかし保健所_食品衛生(届出)_2021年11月-2021年12月_末日_新規、廃止,M,77,,,明石市立大観小学校078-918-546016717328203,84af2dd5-0c56-4ba2-94dd-b60e1998284b,,personal,7f1fd239-e524-472d-b574-ffc5c973f3b3,2021/12/23,明石市立大観小学校,明石市立大観小学校,
明石市立谷八木小学校,兵庫県,明石市大久保町谷八木８７８,明石市大久保町谷八木８７８,,078-918-5750,集団給食,明石市 市長 泉 房穂,078-912-1111,2021年12月23日,明保生第2524号,,306,明石市立谷八木小学校,078,078-918-5750,,,,兵庫県　明石市大久保町谷八木８７８,兵庫県明石市大久保町谷八木８７８,,167177,28,28203,大久保町谷八木,2021/12/23,,,,,,明石市 市長 泉 房穂,078-912-1111,,,,,,,,明保生第2524号,,給食施設,,,,306_兵庫県_あかし保健所_食品衛生(届出)_2021年11月-2021年12月_末日_新規、廃止,M,77,,,明石市立谷八木小学校078-918-575016717728203,4f06388c-53d3-40d6-af41-c78c070a8690,,personal,569ec945-572b-4e85-b6e3-7c942e088ee4,2021/12/23,明石市立谷八木小学校,明石市立谷八木小学校,
明石市立中崎小学校,兵庫県,明石市中崎１－４－１,明石市中崎１－４－１,,078-918-5455,集団給食,明石市 市長 泉 房穂,078-912-1111,2021年12月23日,明保生第2525号,,306,明石市立中崎小学校,078,078-918-5455,,,,兵庫県　明石市中崎１－４－１,兵庫県明石市中崎１－４－１,,167244,28,28203,中崎１,2021/12/23,,,,,,明石市 市長 泉 房穂,078-912-1111,,,,,,,,明保生第2525号,,給食施設,,,,306_兵庫県_あかし保健所_食品衛生(届出)_2021年11月-2021年12月_末日_新規、廃止,M,77,,,明石市立中崎小学校078-918-545516724428203,fa4347fc-122b-4270-baf1-a422a0c24b7e,,personal,684e6fc5-3623-464e-8ab6-cbdeeeb26738,2021/12/23,明石市立中崎小学校,明石市立中崎小学校,
明石市立和坂小学校,兵庫県,明石市和坂２－１２－１,明石市和坂２－１２－１,,078-918-5480,集団給食,明石市 市長 泉 房穂,078-912-1111,2021年12月23日,明保生第2526号,,306,明石市立和坂小学校,078,078-918-5480,,,,兵庫県　明石市和坂２－１２－１,兵庫県明石市和坂２－１２－１,,167301,28,28203,和坂２,2021/12/23,,,,,,明石市 市長 泉 房穂,078-912-1111,,,,,,,,明保生第2526号,,給食施設,,,,306_兵庫県_あかし保健所_食品衛生(届出)_2021年11月-2021年12月_末日_新規、廃止,M,77,,,明石市立和坂小学校078-918-548016730128203,224659bc-0582-48c8-86dd-70fea21cf701,,personal,13204f81-be4f-48e2-aa75-c8715d49daf4,2021/12/23,明石市立和坂小学校,明石市立和坂小学校,
ｒｉｃｃｏ保育園,兵庫県,明石市大久保町谷八木１３１３,明石市大久保町谷八木１３１３,,078-938-0150,集団給食,社会福祉法人ウィステリア 理事長 藤田 勇,078-938-0150,2021年12月24日,明保生第2516号,,306,ｒｉｃｃｏ保育園,078,078-938-0150,,,,兵庫県　明石市大久保町谷八木１３１３,兵庫県明石市大久保町谷八木１３１３,,167177,28,28203,大久保町谷八木,2021/12/24,,,,,社会福祉法人ウィステリア ,理事長 藤田 勇,078-938-0150,,,,,,,,明保生第2516号,,給食施設,,,,306_兵庫県_あかし保健所_食品衛生(届出)_2021年11月-2021年12月_末日_新規、廃止,M,77,,,ｒｉｃｃｏ保育園078-938-015016717728203,a54f8097-ce79-4c81-a37c-6394b739b07f,社会福祉法人ウィステリア　,d64482b2-9e1e-4604-b97f-fdbdd80c9a56,2d8cc8c2-2182-4bab-975c-771e1554db8c,2021/12/24,ｒｉｃｃｏ保育園,ｒｉｃｃｏ保育園,社会福祉法人ウィステリア　
医療法人社団　五誓会　あさひ病院,兵庫県,明石市林崎町２－１－３１,明石市林崎町２－１－３１,,078-924-1111,集団給食,医療法人社団五誓会 理事長 兵頭 建樹,078-924-1111,2021年12月28日,明保生第2529号,,306,医療法人社団　五誓会　あさひ病院,078,078-924-1111,,,,兵庫県　明石市林崎町２－１－３１,兵庫県明石市林崎町２－１－３１,,167266,28,28203,林崎町２,2021/12/28,,,,,医療法人社団五誓会 ,理事長 兵頭 建樹,078-924-1111,,,,,,,,明保生第2529号,,給食施設,,,,306_兵庫県_あかし保健所_食品衛生(届出)_2021年11月-2021年12月_末日_新規、廃止,M,77,,,医療法人社団五誓会あさひ病院078-924-111116726628203,ebe08cdc-5831-4f4a-b279-802cb4a183c3,医療法人社団五誓会　,62501cb8-571a-4809-9ce2-8e5217baf4bd,17238749-fcb9-4616-8d58-9c61a745bfd0,2021/12/28,医療法人社団　五誓会　あさひ病院,医療法人社団五誓会あさひ病院,医療法人社団五誓会　
ＹｏｕｔｈＣｏｆｆｅｅ,兵庫県,明石市大明石町２－２－３,明石市大明石町２－２－３,,,コーヒー（飲料を除く）製造・加工業,橋本 翔,,2021年12月28日,明保生第2530号,,306,ＹｏｕｔｈＣｏｆｆｅｅ,078,,,,,兵庫県　明石市大明石町２－２－３,兵庫県明石市大明石町２－２－３,,167173,28,28203,大明石町２,2021/12/28,,,,,,橋本 翔,,,,,,,,,明保生第2530号,,コーヒー製造・加工業,,,,306_兵庫県_あかし保健所_食品衛生(届出)_2021年11月-2021年12月_末日_新規、廃止,E,10,103,1032,ＹｏｕｔｈＣｏｆｆｅｅ16717328203,35bb16fe-6574-4609-981b-ed093e39adcc,,personal,2b0359f8-96eb-4ccb-8fc0-5892432d85ab,2021/12/28,ＹｏｕｔｈＣｏｆｆｅｅ,ＹｏｕｔｈＣｏｆｆｅｅ,