https://docs.google.com/spreadsheets/d/1Qy3el1DFIpxtm3-VIAdZlBmEHual1CU39oB_urGxiyI/edit#gid=508940504,,,,,,,,,,,,,,,,,,,,,,,,,,,,,,,,,,,,,,,,,,,,,,,,,,,,,,,,,,,,,,,,,,,,,,,,,,,
53,n処理終了,,,,,,,,,,,,,,,,,,,,,,,,,d08_import_license_datas,完了,,,,,,,,,,,,,,,,,,,,,,,,,,,,,,,,,,,,,,,,,,,,,,,,
,,施設名,,施設-住所0,施設-住所1,施設-マンション名,,,業種,,施設-電話番号1,業態,,,申請者1,,申請-住所0,申請-住所1,申請-マンション名,確認番号,,,許可期間開始日,許可期間終了日,許可年月日,ここまで,,,,,,,,,,,,,,,,,,,,,,,,,,,,,,,,,,,,,,,,,,,,,,,,,
"名称・屋号
営業所所在地",,,,,,,"業種
施設電話",,,,,種目,"申請者氏名
法人住所",,,,,,,許可番号,"開始年月日
終了年月日",,,,許可年月日,,管轄保健所,名称,市外局番,電話番号,施設の郵便番号,緯度,経度,施設の住所（元住所）,施設の住所（整備）,施設マンション名,施設-住所コード,施設-都道府県,施設-郡・政令市・市区町村名,施設-大字名・字名,申請年月日,開業年月日,許可年月日,許可期間開始日,許可期間終了日,申請法人,申請者氏名(個人名),申請者（開設者）の電話番号,申請者の住所（元住所）,申請者の住所（整備）,申請マンション名,申請-住所コード,申請-都道府県,申請-郡・政令市・市区町村名,申請-大字名・字名,確認番号,申請区分,業種,業態,その他,法人番号,シート名,産業分類大,産業分類中,産業分類小,産業分類詳細,facility_idを識別するための文字列,店舗コード,company_idを識別するための文字列,法人コード,ライセンスコード,検索用日付,整備名称,整備名称2,整備申請法人
"カナリー豊中工場
豊中市島江町１丁目３－２５",9,"カナリー豊中工場
","
豊中市島江町１丁目３－２５",豊中市島江町１丁目３－２５,豊中市島江町１丁目３－２５,,"水産製品製造業
06-6842-7901",8,水産製品製造業,"
06-6842-7901",06-6842-7901,,"株式会社カナリー  代表取締役  坂井  弘道
大阪府大阪市福島区玉川１丁目２－６０",24,"株式会社カナリー  代表取締役  坂井  弘道
","
大阪府大阪市福島区玉川１丁目２－６０",大阪府大阪市福島区玉川１丁目２－６０,大阪府大阪市福島区玉川１丁目２－６０,,32030467,"R04.01.18
R10.01.31",10,"R04.01.18
","
R10.01.31",R04.01.18,,287,"カナリー豊中工場
",06,06-6842-7901,,,,豊中市島江町１丁目３－２５,大阪府豊中市島江町１丁目３－２５,,157348,27,27203,島江町１,,,2022/01/18,2022/01/18,2028/01/31,株式会社カナリー  ,代表取締役  坂井  弘道,,大阪府大阪市福島区玉川１丁目２－６０,大阪府大阪市福島区玉川１丁目２－６０,,154282,大阪府,大阪市福島区,玉川１,32030467,,水産製品製造業,,,,287_大阪府_豊中市保健所_食品衛生()_2021年12月-2022年01月_末日,E,9,92,,カナリ豊中工場06-6842-790115734827203,3520ef01-c350-4bae-b2e2-5bb7242a921c,株式会社カナリー　154282,38a6786b-94a1-42aa-9567-c10e1fef0790,1ecc549d-8daf-43ff-a08b-7c3425ac20d1,2022/01/18,カナリー豊中工場,カナリ豊中工場,株式会社カナリー　
"からあげ専門店　最鳥　庄内店
豊中市庄内西町３丁目１－５サンパティオ１階",15,"からあげ専門店　最鳥　庄内店
","
豊中市庄内西町３丁目１－５サンパティオ１階",豊中市庄内西町３丁目１－５サンパティオ１階,豊中市庄内西町３丁目１－５,サンパティオ１階,飲食店営業,,飲食店営業,,,,"株式会社エフシーワン  代表取締役  高好　章二
大阪府大阪市住之江区平林北２丁目７－８１　",25,"株式会社エフシーワン  代表取締役  高好　章二
","
大阪府大阪市住之江区平林北２丁目７－８１　",大阪府大阪市住之江区平林北２丁目７－８１　,大阪府大阪市住之江区平林北２丁目７－８１,,32030498,"R04.01.14
R10.01.31",10,"R04.01.14
","
R10.01.31",R04.01.14,,287,"からあげ専門店　最鳥　庄内店
",06,,,,,豊中市庄内西町３丁目１－５,大阪府豊中市庄内西町３丁目１－５,サンパティオ１階,157367,27,27203,庄内西町３,,,2022/01/14,2022/01/14,2028/01/31,株式会社エフシーワン  ,代表取締役  高好　章二,,大阪府大阪市住之江区平林北２丁目７－８１,大阪府大阪市住ノ江区平林北２丁目７－８１,,155666,大阪府,大阪市住之江区,平林北２,32030498,,飲食店営業,,,,287_大阪府_豊中市保健所_食品衛生()_2021年12月-2022年01月_末日,M,76,,,からあげ専門店最鳥庄内店15736727203,e117bf16-bf7b-4b78-ac45-f34b86042f80,株式会社エフシーワン　155666,89602e0a-f269-4f19-8b3a-8efbfb1fe98f,15c37879-97fa-4496-a5a5-96a73dbff35c,2022/01/14,からあげ専門店　最鳥　庄内店,からあげ専門店最鳥庄内店,株式会社エフシーワン　
"であいランド
豊中市春日町３丁目６－８",7,"であいランド
","
豊中市春日町３丁目６－８",豊中市春日町３丁目６－８,豊中市春日町３丁目６－８,,"飲食店営業
06-6845-4618",6,"飲食店営業
","
06-6845-4618",06-6845-4618,,"特定非営利活動法人であい  理事  竹内　裕子
大阪府豊中市春日町３丁目６－８",24,"特定非営利活動法人であい  理事  竹内　裕子
","
大阪府豊中市春日町３丁目６－８",大阪府豊中市春日町３丁目６－８,大阪府豊中市春日町３丁目６－８,,32030510,"R04.01.06
R10.01.31",10,"R04.01.06
","
R10.01.31",R04.01.06,,287,"であいランド
",06,06-6845-4618,,,,豊中市春日町３丁目６－８,大阪府豊中市春日町３丁目６－８,,157302,27,27203,春日町３,,,2022/01/06,2022/01/06,2028/01/31,特定非営利活動法人であい  理事  竹内　裕子,理事　 竹内　裕子,,大阪府豊中市春日町３丁目６－８,大阪府豊中市春日町３丁目６－８,,157302,大阪府,豊中市,春日町３,32030510,,飲食店営業,,,,287_大阪府_豊中市保健所_食品衛生()_2021年12月-2022年01月_末日,M,76,,,であいランド06-6845-461815730227203,6f6f8661-1d28-46f1-8649-694b914e206a,特定非営利活動法人であい　理事　竹内　裕子157302,fd2e02d5-5a40-49b5-a884-9cab6bfffc69,855b92dd-79a2-4f20-827b-302ac7e0df32,2022/01/06,であいランド,であいランド,特定非営利活動法人であい　理事　竹内　裕子
"Ｉｚｕｍｉ　Ｂｕｒｇ　豊中店
豊中市中桜塚２丁目３１－１中桜塚中央ビル　１０２号",15,"Ｉｚｕｍｉ　Ｂｕｒｇ　豊中店
","
豊中市中桜塚２丁目３１－１中桜塚中央ビル　１０２号",豊中市中桜塚２丁目３１－１中桜塚中央ビル　１０２号,豊中市中桜塚２丁目３１－１,中桜塚中央ビル １０２号,飲食店営業,,飲食店営業,,,,"株式会社三喜  代表取締役  中野　敏克
大阪府大阪市西区千代崎２丁目８－９",21,"株式会社三喜  代表取締役  中野　敏克
","
大阪府大阪市西区千代崎２丁目８－９",大阪府大阪市西区千代崎２丁目８－９,大阪府大阪市西区千代崎２丁目８－９,,32030514,"R04.01.11
R10.01.31",10,"R04.01.11
","
R10.01.31",R04.01.11,,287,"Ｉｚｕｍｉ　Ｂｕｒｇ　豊中店
",06,,,,,豊中市中桜塚２丁目３１－１,大阪府豊中市中桜塚２丁目３１－１,中桜塚中央ビル １０２号,157451,27,27203,中桜塚２,,,2022/01/11,2022/01/11,2028/01/31,株式会社三喜  ,代表取締役  中野　敏克,,大阪府大阪市西区千代崎２丁目８－９,大阪府大阪市西区千代崎２丁目８－９,,154408,大阪府,大阪市西区,千代崎２,32030514,,飲食店営業,,,,287_大阪府_豊中市保健所_食品衛生()_2021年12月-2022年01月_末日,M,76,,,ＩｚｕｍｉＢｕｒｇ豊中店15745127203,9990bc25-ac2a-4726-a736-0487fb0786b8,株式会社三喜　154408,27f6bfe5-ddd0-49ce-89c8-e6939e5746e4,2a349371-524e-418d-8e25-14041c27c7d9,2022/01/11,Ｉｚｕｍｉ　Ｂｕｒｇ　豊中店,ＩｚｕｍｉＢｕｒｇ豊中店,株式会社三喜　
"備長炭焼肉　えん
豊中市上新田３丁目２－７　１Ｆ",9,"備長炭焼肉　えん
","
豊中市上新田３丁目２－７　１Ｆ",豊中市上新田３丁目２－７　１Ｆ,豊中市上新田３丁目２－７,１Ｆ,"飲食店営業
06-6873-8088",6,"飲食店営業
","
06-6873-8088",06-6873-8088,,"株式会社ＳｕｎＴｏｎｅ  代表取締役  西島　麗奈
大阪府豊中市上新田３丁目２－７",26,"株式会社ＳｕｎＴｏｎｅ  代表取締役  西島　麗奈
","
大阪府豊中市上新田３丁目２－７",大阪府豊中市上新田３丁目２－７,大阪府豊中市上新田３丁目２－７,,32030515,"R04.01.12
R10.01.31",10,"R04.01.12
","
R10.01.31",R04.01.12,,287,"備長炭焼肉　えん
",06,06-6873-8088,,,,豊中市上新田３丁目２－７,大阪府豊中市上新田３丁目２－７,１Ｆ,157310,27,27203,上新田３,,,2022/01/12,2022/01/12,2028/01/31,株式会社ＳｕｎＴｏｎｅ  ,代表取締役  西島　麗奈,,大阪府豊中市上新田３丁目２－７,大阪府豊中市上新田３丁目２－７,,157310,大阪府,豊中市,上新田３,32030515,,飲食店営業,,,,287_大阪府_豊中市保健所_食品衛生()_2021年12月-2022年01月_末日,M,76,,,備長炭焼肉えん06-6873-808815731027203,00287_af780d2e-002a-48ca-a4e9-a2c0a1a73f25,株式会社ＳｕｎＴｏｎｅ　157310,3bbab4b7-e709-4843-b2c0-2ea5f3f86ed3,6ce4c4c4-37ab-4424-a185-fd6a47b75892,2022/01/12,備長炭焼肉　えん,備長炭焼肉えん,株式会社ＳｕｎＴｏｎｅ　
"備長炭焼肉　えん
豊中市上新田３丁目２－７　１Ｆ",9,"備長炭焼肉　えん
","
豊中市上新田３丁目２－７　１Ｆ",豊中市上新田３丁目２－７　１Ｆ,豊中市上新田３丁目２－７,１Ｆ,"食肉販売業
06-6873-8088",6,"食肉販売業
","
06-6873-8088",06-6873-8088,,"株式会社ＳｕｎＴｏｎｅ  代表取締役  西島　麗奈
大阪府豊中市上新田３丁目２－７",26,"株式会社ＳｕｎＴｏｎｅ  代表取締役  西島　麗奈
","
大阪府豊中市上新田３丁目２－７",大阪府豊中市上新田３丁目２－７,大阪府豊中市上新田３丁目２－７,,32030516,"R04.01.12
R10.01.31",10,"R04.01.12
","
R10.01.31",R04.01.12,,287,"備長炭焼肉　えん
",06,06-6873-8088,,,,豊中市上新田３丁目２－７,大阪府豊中市上新田３丁目２－７,１Ｆ,157310,27,27203,上新田３,,,2022/01/12,2022/01/12,2028/01/31,株式会社ＳｕｎＴｏｎｅ  ,代表取締役  西島　麗奈,,大阪府豊中市上新田３丁目２－７,大阪府豊中市上新田３丁目２－７,,157310,大阪府,豊中市,上新田３,32030516,,食肉販売業,,,,287_大阪府_豊中市保健所_食品衛生()_2021年12月-2022年01月_末日,I,58,583,,備長炭焼肉えん06-6873-808815731027203,00287_af780d2e-002a-48ca-a4e9-a2c0a1a73f25,株式会社ＳｕｎＴｏｎｅ　157310,3bbab4b7-e709-4843-b2c0-2ea5f3f86ed3,982010ca-2fe5-4917-b46d-3280d32474fd,2022/01/12,備長炭焼肉　えん,備長炭焼肉えん,株式会社ＳｕｎＴｏｎｅ　
"ｃｈｏｕ　ｃｈｏｕ　唐
豊中市本町３丁目１４－３",12,"ｃｈｏｕ　ｃｈｏｕ　唐
","
豊中市本町３丁目１４－３",豊中市本町３丁目１４－３,豊中市本町３丁目１４－３,,飲食店営業,,飲食店営業,,,,"岡本　繁之    
",10,"岡本　繁之    
","
",,,,32030517,"R04.01.07
R10.01.31",10,"R04.01.07
","
R10.01.31",R04.01.07,,287,"ｃｈｏｕ　ｃｈｏｕ　唐
",06,,,,,豊中市本町３丁目１４－３,大阪府豊中市本町３丁目１４－３,,157556,27,27203,本町３,,,2022/01/07,2022/01/07,2028/01/31,,岡本　繁之    ,,,,,,,,,32030517,,飲食店営業,,,,287_大阪府_豊中市保健所_食品衛生()_2021年12月-2022年01月_末日,M,76,,,ｃｈｏｕｃｈｏｕ唐15755627203,2f2b6a47-10f4-47d1-9781-40e76c2dab0b,,personal,442c0258-04d1-4c4a-8218-b4ad93a46e38,2022/01/07,ｃｈｏｕ　ｃｈｏｕ　唐,ｃｈｏｕｃｈｏｕ唐,
"豊中工場
豊中市清風荘２丁目４－２３",5,"豊中工場
","
豊中市清風荘２丁目４－２３",豊中市清風荘２丁目４－２３,豊中市清風荘２丁目４－２３,,"菓子製造業
06-6842-2218",6,"菓子製造業
","
06-6842-2218",06-6842-2218,,"株式会社バルニバービオーガスト  代表取締役  田中　亮平
兵庫県淡路市尾崎１７９８－３",30,"株式会社バルニバービオーガスト  代表取締役  田中　亮平
","
兵庫県淡路市尾崎１７９８－３",兵庫県淡路市尾崎１７９８－３,兵庫県淡路市尾崎１７９８－３,,32030518,"R04.01.05
R10.01.31",10,"R04.01.05
","
R10.01.31",R04.01.05,,287,"豊中工場
",06,06-6842-2218,,,,豊中市清風荘２丁目４－２３,大阪府豊中市清風荘２丁目４－２３,,157400,27,27203,清風荘２,,,2022/01/05,2022/01/05,2028/01/31,株式会社バルニバービオーガスト  ,代表取締役  田中　亮平,,兵庫県淡路市尾崎１７９８－３,兵庫県淡路市尾崎１７９８－３,,171004,兵庫県,淡路市,尾崎,32030518,,菓子製造業,,,,287_大阪府_豊中市保健所_食品衛生()_2021年12月-2022年01月_末日,E,9,,,豊中工場06-6842-221815740027203,00287_88f3cb51-17ab-439f-9d63-56ec26c5debb,株式会社バルニバービオーガスト　171004,5418a3d4-2d84-4e47-be35-bdb4cde205e7,44b50516-c40f-4171-bc06-ca0b708aa080,2022/01/05,豊中工場,豊中工場,株式会社バルニバービオーガスト　
"カラオケ　だりやみ処　カンモーレ
豊中市庄内西町２丁目２２－３７",17,"カラオケ　だりやみ処　カンモーレ
","
豊中市庄内西町２丁目２２－３７",豊中市庄内西町２丁目２２－３７,豊中市庄内西町２丁目２２－３７,,"飲食店営業
06-6333-0033",6,"飲食店営業
","
06-6333-0033",06-6333-0033,,"清水　孝保    
",10,"清水　孝保    
","
",,,,32030519,"R04.01.13
R10.01.31",10,"R04.01.13
","
R10.01.31",R04.01.13,,287,"カラオケ　だりやみ処　カンモーレ
",06,06-6333-0033,,,,豊中市庄内西町２丁目２２－３７,大阪府豊中市庄内西町２丁目２２－３７,,157366,27,27203,庄内西町２,,,2022/01/13,2022/01/13,2028/01/31,,清水　孝保    ,,,,,,,,,32030519,,飲食店営業,,,,287_大阪府_豊中市保健所_食品衛生()_2021年12月-2022年01月_末日,M,76,,,カラオケだりやみ処カンモレ06-6333-003315736627203,b3f08e57-6d39-473f-9279-ae7f04207265,,personal,76e5e29c-1e1a-42a8-a01b-09b464c9207c,2022/01/13,カラオケ　だりやみ処　カンモーレ,カラオケだりやみ処カンモレ,
"ＪＡＧＧＥＲ’Ｓ
豊中市庄内東町２丁目２－２３－２Ｆ",9,"ＪＡＧＧＥＲ’Ｓ
","
豊中市庄内東町２丁目２－２３－２Ｆ",豊中市庄内東町２丁目２－２３－２Ｆ,豊中市庄内東町２丁目２－２３,２Ｆ,飲食店営業,,飲食店営業,,,,"藤本　達也    
",10,"藤本　達也    
","
",,,,32030520,"R04.01.05
R10.01.31",10,"R04.01.05
","
R10.01.31",R04.01.05,,287,"ＪＡＧＧＥＲ’Ｓ
",06,,,,,豊中市庄内東町２丁目２－２３,大阪府豊中市庄内東町２丁目２－２３,２Ｆ,157371,27,27203,庄内東町２,,,2022/01/05,2022/01/05,2028/01/31,,藤本　達也    ,,,,,,,,,32030520,,飲食店営業,,,,287_大阪府_豊中市保健所_食品衛生()_2021年12月-2022年01月_末日,M,76,,,ＪＡＧＧＥＲＳ15737127203,21bfb591-7d50-4d94-92a2-2f6f03baaaf5,,personal,73bdd62b-e838-4bfb-97e1-43c2935838c7,2022/01/05,ＪＡＧＧＥＲ＇Ｓ,ＪＡＧＧＥＲＳ,
"海鮮屋台　おくまん　岡町店
豊中市岡町北１丁目２－２０　メゾン清涼１Ｆ",14,"海鮮屋台　おくまん　岡町店
","
豊中市岡町北１丁目２－２０　メゾン清涼１Ｆ",豊中市岡町北１丁目２－２０　メゾン清涼１Ｆ,豊中市岡町北１丁目２－２０,メゾン清涼１Ｆ,"飲食店営業
06-6843-6002",6,"飲食店営業
","
06-6843-6002",06-6843-6002,,"株式会社こうむら  代表取締役  香村　達信
大阪府大阪市北区中崎西１丁目４－２２",23,"株式会社こうむら  代表取締役  香村　達信
","
大阪府大阪市北区中崎西１丁目４－２２",大阪府大阪市北区中崎西１丁目４－２２,大阪府大阪市北区中崎西１丁目４－２２,,32030521,"R04.01.17
R10.01.31",10,"R04.01.17
","
R10.01.31",R04.01.17,,287,"海鮮屋台　おくまん　岡町店
",06,06-6843-6002,,,,豊中市岡町北１丁目２－２０,大阪府豊中市岡町北１丁目２－２０,メゾン清涼１Ｆ,157289,27,27203,岡町北１,,,2022/01/17,2022/01/17,2028/01/31,株式会社こうむら  ,代表取締役  香村　達信,,大阪府大阪市北区中崎西１丁目４－２２,大阪府大阪市北区中崎西１丁目４－２２,,155877,大阪府,大阪市北区,中崎西１,32030521,,飲食店営業,,,,287_大阪府_豊中市保健所_食品衛生()_2021年12月-2022年01月_末日,M,76,,,海鮮屋台おくまん岡町店06-6843-600215728927203,22715e97-7703-404d-98d5-20ce2727c86b,株式会社こうむら　155877,fd2acf31-fb3c-4757-8c37-0309353e0a83,64dfff73-ab7e-4fa5-9c45-2d2aa6609fc0,2022/01/17,海鮮屋台　おくまん　岡町店,海鮮屋台おくまん岡町店,株式会社こうむら　
"ファミリーマート緑地公園駅東店
豊中市東寺内町１２－３９",16,"ファミリーマート緑地公園駅東店
","
豊中市東寺内町１２－３９",豊中市東寺内町１２－３９,豊中市東寺内町１２－３９,,"飲食店営業
06-6310-6756",6,"飲食店営業
","
06-6310-6756",06-6310-6756,,"株式会社真和ファミリー  代表取締役  古田　広幸
大阪府豊中市利倉東１丁目１－３０－６１１",26,"株式会社真和ファミリー  代表取締役  古田　広幸
","
大阪府豊中市利倉東１丁目１－３０－６１１",大阪府豊中市利倉東１丁目１－３０－６１１,大阪府豊中市利倉東１丁目１－３０－６１１,,32030522,"R04.01.05
R10.01.31",10,"R04.01.05
","
R10.01.31",R04.01.05,,287,"ファミリーマート緑地公園駅東店
",06,06-6310-6756,,,,豊中市東寺内町１２－３９,大阪府豊中市東寺内町１２－３９,,157506,27,27203,東寺内町,,,2022/01/05,2022/01/05,2028/01/31,株式会社真和ファミリー  ,代表取締役  古田　広幸,,大阪府豊中市利倉東１丁目１－３０－６１１,大阪府豊中市利倉東１丁目１－３０－６１１,,157441,大阪府,豊中市,利倉東１,32030522,,飲食店営業,,,,287_大阪府_豊中市保健所_食品衛生()_2021年12月-2022年01月_末日,M,76,,,ファミリマト緑地公園駅東店06-6310-675615750627203,00287_13129740-a685-494d-bc11-077abaeb7069,株式会社真和ファミリー　157441,cdf1ab83-2217-4fb4-ab00-ff64c5976cba,1fa4782c-c5e5-4a5c-abbe-92a9a1e9f93f,2022/01/05,ファミリーマート緑地公園駅東店,ファミリマト緑地公園駅東店,株式会社真和ファミリー　
"ローソン豊中上野東店
豊中市上野東３丁目１７－１２",11,"ローソン豊中上野東店
","
豊中市上野東３丁目１７－１２",豊中市上野東３丁目１７－１２,豊中市上野東３丁目１７－１２,,"飲食店営業
06-6853-8383",6,"飲食店営業
","
06-6853-8383",06-6853-8383,,"中島　裕美    
",10,"中島　裕美    
","
",,,,32030523,"R04.01.07
R10.01.31",10,"R04.01.07
","
R10.01.31",R04.01.07,,287,"ローソン豊中上野東店
",06,06-6853-8383,,,,豊中市上野東３丁目１７－１２,大阪府豊中市上野東３丁目１７－１２,,157276,27,27203,上野東３,,,2022/01/07,2022/01/07,2028/01/31,,中島　裕美    ,,,,,,,,,32030523,,飲食店営業,,,,287_大阪府_豊中市保健所_食品衛生()_2021年12月-2022年01月_末日,M,76,,,ロソン豊中上野東店06-6853-838315727627203,00287_238de2e3-0a08-4815-b00e-7780b07a5b8c,,personal,66c895af-70c1-467c-ad2d-e5e8ab9639b6,2022/01/07,ローソン豊中上野東店,ロソン豊中上野東店,
"しんみね屋
豊中市螢池東町２丁目６－６蛍池サンビル１Ｆ南",6,"しんみね屋
","
豊中市螢池東町２丁目６－６蛍池サンビル１Ｆ南",豊中市螢池東町２丁目６－６蛍池サンビル１Ｆ南,豊中市螢池東町２丁目６－６,蛍池サンビル１Ｆ南,"飲食店営業
06-6855-8291",6,"飲食店営業
","
06-6855-8291",06-6855-8291,,"日髙　伸二    
",10,"日髙　伸二    
","
",,,,32030524,"R04.01.18
R10.01.31",10,"R04.01.18
","
R10.01.31",R04.01.18,,287,"しんみね屋
",06,06-6855-8291,,,,豊中市螢池東町２丁目６－６,大阪府豊中市蛍池東町２丁目６－６,蛍池サンビル１Ｆ南,157546,27,27203,蛍池東町２,,,2022/01/18,2022/01/18,2028/01/31,,日髙　伸二    ,,,,,,,,,32030524,,飲食店営業,,,,287_大阪府_豊中市保健所_食品衛生()_2021年12月-2022年01月_末日,M,76,,,しんみね屋06-6855-829115754627203,ebe9e613-13fe-47f0-b183-d9ac36f6fcb7,,personal,921afe61-5f8f-4565-94cb-953dc73caf70,2022/01/18,しんみね屋,しんみね屋,
"ライフ庄内店
豊中市庄内栄町５丁目５－１０",7,"ライフ庄内店
","
豊中市庄内栄町５丁目５－１０",豊中市庄内栄町５丁目５－１０,豊中市庄内栄町５丁目５－１０,,"飲食店営業
06-6336-7751",6,"飲食店営業
","
06-6336-7751",06-6336-7751,,"株式会社ライフコーポレーション  代表取締役  岩崎  高治
東京都中央区日本橋本町３丁目６－２",31,"株式会社ライフコーポレーション  代表取締役  岩崎  高治
","
東京都中央区日本橋本町３丁目６－２",東京都中央区日本橋本町３丁目６－２,東京都中央区日本橋本町３丁目６－２,,32030525,"R04.01.06
R10.01.31",10,"R04.01.06
","
R10.01.31",R04.01.06,,287,"ライフ庄内店
",06,06-6336-7751,,,,豊中市庄内栄町５丁目５－１０,大阪府豊中市庄内栄町５丁目５－１０,,157361,27,27203,庄内栄町５,,,2022/01/06,2022/01/06,2028/01/31,株式会社ライフコーポレーション  ,代表取締役  岩崎  高治,,東京都中央区日本橋本町３丁目６－２,東京都中央区日本橋本町３丁目６－２,,73013,東京都,中央区,日本橋本町３,32030525,,飲食店営業,,,,287_大阪府_豊中市保健所_食品衛生()_2021年12月-2022年01月_末日,M,76,,,ライフ庄内店06-6336-775115736127203,00287_e7430dab-2c4f-4d23-abbb-01eff3e8975d,株式会社ライフコーポレーション　73013,d552d072-f605-420e-a943-3844b1d00b5b,ecefcd92-9606-42b7-8049-903ea0a3e45f,2022/01/06,ライフ庄内店,ライフ庄内店,株式会社ライフコーポレーション　
"ローヤルパントリー
豊中市曽根東町１丁目２－４",10,"ローヤルパントリー
","
豊中市曽根東町１丁目２－４",豊中市曽根東町１丁目２－４,豊中市曽根東町１丁目２－４,,飲食店営業,,飲食店営業,,,,"谷口　忠久    
",10,"谷口　忠久    
","
",,,,32030526,"R04.01.31
R10.01.31",10,"R04.01.31
","
R10.01.31",R04.01.31,,287,"ローヤルパントリー
",06,,,,,豊中市曽根東町１丁目２－４,大阪府豊中市曽根東町１丁目２－４,,157411,27,27203,曽根東町１,,,2022/01/31,2022/01/31,2028/01/31,,谷口　忠久    ,,,,,,,,,32030526,,飲食店営業,,,,287_大阪府_豊中市保健所_食品衛生()_2021年12月-2022年01月_末日,M,76,,,ロヤルパントリ15741127203,00287_e94f80d1-7fa6-4e66-82ff-dc2845fd3066,,personal,47ade14c-32b3-4224-84e5-dc5565763cd2,2022/01/31,ローヤルパントリー,ロヤルパントリ,
"ＤｉＰ　ＲＡＳＮＡ　ＩＮＤＩＡＮ　ＲＥＳｔａｕｒａｎｔ
豊中市柴原町２丁目３－１５－１０５",28,"ＤｉＰ　ＲＡＳＮＡ　ＩＮＤＩＡＮ　ＲＥＳｔａｕｒａｎｔ
","
豊中市柴原町２丁目３－１５－１０５",豊中市柴原町２丁目３－１５－１０５,豊中市柴原町２丁目３－１５－１０５,,"飲食店営業
06-4865-5333",6,"飲食店営業
","
06-4865-5333",06-4865-5333,,"ＫＡＮＤＥＬ　ＧＯＰＡＬ　ＰＲＡＳＡＤ    
",24,"ＫＡＮＤＥＬ　ＧＯＰＡＬ　ＰＲＡＳＡＤ    
","
",,,,32030527,"R04.01.07
R10.01.31",10,"R04.01.07
","
R10.01.31",R04.01.07,,287,"ＤｉＰ　ＲＡＳＮＡ　ＩＮＤＩＡＮ　ＲＥＳｔａｕｒａｎｔ
",06,06-4865-5333,,,,豊中市柴原町２丁目３－１５－１０５,大阪府豊中市柴原町２丁目３－１５－１０５,,157344,27,27203,柴原町２,,,2022/01/07,2022/01/07,2028/01/31,,ＫＡＮＤＥＬ　ＧＯＰＡＬ　ＰＲＡＳＡＤ    ,,,,,,,,,32030527,,飲食店営業,,,,287_大阪府_豊中市保健所_食品衛生()_2021年12月-2022年01月_末日,M,76,,,ＤｉＰＲＡＳＮＡＩＮＤＩＡＮＲＥＳｔａｕｒａｎｔ06-4865-533315734427203,00287_df175d58-bfd2-4d54-9e1b-626ce2b8473e,,personal,2fdb7f15-1afa-4d75-ba60-67b32459ec8b,2022/01/07,ＤｉＰ　ＲＡＳＮＡ　ＩＮＤＩＡＮ　ＲＥＳｔａｕｒａｎｔ,ＤｉＰＲＡＳＮＡＩＮＤＩＡＮＲＥＳｔａｕｒａｎｔ,
"株式会社ファーマーズ
豊中市若竹町２丁目１８－２４",11,"株式会社ファーマーズ
","
豊中市若竹町２丁目１８－２４",豊中市若竹町２丁目１８－２４,豊中市若竹町２丁目１８－２４,,"食肉販売業
06-6866-5565",6,"食肉販売業
","
06-6866-5565",06-6866-5565,,"株式会社ファーマーズ  代表取締役  宮田　朝之
大阪府豊中市若竹町２丁目１８－２４",25,"株式会社ファーマーズ  代表取締役  宮田　朝之
","
大阪府豊中市若竹町２丁目１８－２４",大阪府豊中市若竹町２丁目１８－２４,大阪府豊中市若竹町２丁目１８－２４,,32030528,"R04.01.06
R10.01.31",10,"R04.01.06
","
R10.01.31",R04.01.06,,287,"株式会社ファーマーズ
",06,06-6866-5565,,,,豊中市若竹町２丁目１８－２４,大阪府豊中市若竹町２丁目１８－２４,,157594,27,27203,若竹町２,,,2022/01/06,2022/01/06,2028/01/31,株式会社ファーマーズ  ,代表取締役  宮田　朝之,,大阪府豊中市若竹町２丁目１８－２４,大阪府豊中市若竹町２丁目１８－２４,,157594,大阪府,豊中市,若竹町２,32030528,,食肉販売業,,,,287_大阪府_豊中市保健所_食品衛生()_2021年12月-2022年01月_末日,I,58,583,,株式会社ファマズ06-6866-556515759427203,00287_99002107-c604-4c4e-87c4-23fbd59f317f,株式会社ファーマーズ　157594,ec084415-56d1-4010-8156-86e193873165,a5e1926b-c55d-448b-bc07-dc1584914333,2022/01/06,株式会社ファーマーズ,株式会社ファマズ,株式会社ファーマーズ　
"串かつ　山本
豊中市岡上の町３丁目２－３",7,"串かつ　山本
","
豊中市岡上の町３丁目２－３",豊中市岡上の町３丁目２－３,豊中市岡上の町３丁目２－３,,"飲食店営業
06-6151-3139",6,"飲食店営業
","
06-6151-3139",06-6151-3139,,"株式会社ライフプランニング  代表取締役  白石　健児
大阪府豊中市岡上の町３丁目２－３",28,"株式会社ライフプランニング  代表取締役  白石　健児
","
大阪府豊中市岡上の町３丁目２－３",大阪府豊中市岡上の町３丁目２－３,大阪府豊中市岡上の町３丁目２－３,,32030529,"R04.01.07
R10.01.31",10,"R04.01.07
","
R10.01.31",R04.01.07,,287,"串かつ　山本
",06,06-6151-3139,,,,豊中市岡上の町３丁目２－３,大阪府豊中市岡上ノ町３丁目２－３,,157286,27,27203,岡上の町３,,,2022/01/07,2022/01/07,2028/01/31,株式会社ライフプランニング  ,代表取締役  白石　健児,,大阪府豊中市岡上の町３丁目２－３,大阪府豊中市岡上ノ町３丁目２－３,,157286,大阪府,豊中市,岡上の町３,32030529,,飲食店営業,,,,287_大阪府_豊中市保健所_食品衛生()_2021年12月-2022年01月_末日,M,76,,,串かつ山本06-6151-313915728627203,00287_d811c6ad-0bdb-490e-8b84-6274e346edca,株式会社ライフプランニング　157286,f9b5f84d-faf9-4a91-913d-d120521c36b8,d1e5d85d-db33-42ee-8964-8d26ee055d72,2022/01/07,串かつ　山本,串かつ山本,株式会社ライフプランニング　
"セブン－イレブン豊中新千里北町店
豊中市新千里北町３丁目１－２",17,"セブン－イレブン豊中新千里北町店
","
豊中市新千里北町３丁目１－２",豊中市新千里北町３丁目１－２,豊中市新千里北町３丁目１－２,,"飲食店営業
06-6832-7811",6,"飲食店営業
","
06-6832-7811",06-6832-7811,,"田村　一英    
",10,"田村　一英    
","
",,,,32030530,"R04.01.07
R10.01.31",10,"R04.01.07
","
R10.01.31",R04.01.07,,287,"セブン－イレブン豊中新千里北町店
",06,06-6832-7811,,,,豊中市新千里北町３丁目１－２,大阪府豊中市新千里北町３丁目１－２,,157386,27,27203,新千里北町３,,,2022/01/07,2022/01/07,2028/01/31,,田村　一英    ,,,,,,,,,32030530,,飲食店営業,,,,287_大阪府_豊中市保健所_食品衛生()_2021年12月-2022年01月_末日,M,76,,,セブンイレブン豊中新千里北町店06-6832-781115738627203,00287_81b2389b-119c-4e90-9c00-327ff019104a,,personal,efbbea91-23aa-4b16-98d4-79e412c30548,2022/01/07,セブンイレブン豊中新千里北町店,セブンイレブン豊中新千里北町店,
"風
豊中市玉井町１丁目２－１駅前ビルディング　Ｂ１Ｆ",2,"風
","
豊中市玉井町１丁目２－１駅前ビルディング　Ｂ１Ｆ",豊中市玉井町１丁目２－１駅前ビルディング　Ｂ１Ｆ,豊中市玉井町１丁目２－１,駅前ビルディング Ｂ１Ｆ,飲食店営業,,飲食店営業,,,,"株式会社トリニティ  代表取締役  前田　正憲
大阪府豊中市本町３丁目１－３８",24,"株式会社トリニティ  代表取締役  前田　正憲
","
大阪府豊中市本町３丁目１－３８",大阪府豊中市本町３丁目１－３８,大阪府豊中市本町３丁目１－３８,,32030531,"R04.01.13
R10.01.31",10,"R04.01.13
","
R10.01.31",R04.01.13,,287,"風
",06,,,,,豊中市玉井町１丁目２－１,大阪府豊中市玉井町１丁目２－１,駅前ビルディング Ｂ１Ｆ,157423,27,27203,玉井町１,,,2022/01/13,2022/01/13,2028/01/31,株式会社トリニティ  ,代表取締役  前田　正憲,,大阪府豊中市本町３丁目１－３８,大阪府豊中市本町３丁目１－３８,,157556,大阪府,豊中市,本町３,32030531,,飲食店営業,,,,287_大阪府_豊中市保健所_食品衛生()_2021年12月-2022年01月_末日,M,76,,,風15742327203,00287_f3661637-6577-46d0-906c-b1e2a2bb82d6,株式会社トリニティ　157556,94d0c130-b7c3-4cfd-be19-4e115934eba0,314b8954-5570-4eb0-b926-0bfccf2bc747,2022/01/13,風,風,株式会社トリニティ　
"ラウンジ　ポッケ
豊中市曽根東町２丁目４－４４",9,"ラウンジ　ポッケ
","
豊中市曽根東町２丁目４－４４",豊中市曽根東町２丁目４－４４,豊中市曽根東町２丁目４－４４,,"飲食店営業
06-6862-3271",6,"飲食店営業
","
06-6862-3271",06-6862-3271,,"清水　正美    
",10,"清水　正美    
","
",,,,32030532,"R04.01.07
R10.01.31",10,"R04.01.07
","
R10.01.31",R04.01.07,,287,"ラウンジ　ポッケ
",06,06-6862-3271,,,,豊中市曽根東町２丁目４－４４,大阪府豊中市曽根東町２丁目４－４４,,157412,27,27203,曽根東町２,,,2022/01/07,2022/01/07,2028/01/31,,清水　正美    ,,,,,,,,,32030532,,飲食店営業,,,,287_大阪府_豊中市保健所_食品衛生()_2021年12月-2022年01月_末日,M,76,,,ラウンジポッケ06-6862-327115741227203,00287_a0b3b2eb-3e01-4a00-b10a-9d068a654da5,,personal,e73ac467-3418-4db5-959d-5d6cc8e94d24,2022/01/07,ラウンジ　ポッケ,ラウンジポッケ,
"吉田株式会社
豊中市勝部１丁目２－３２",7,"吉田株式会社
","
豊中市勝部１丁目２－３２",豊中市勝部１丁目２－３２,豊中市勝部１丁目２－３２,,"飲食店営業
06-6841-3456",6,"飲食店営業
","
06-6841-3456",06-6841-3456,,"吉田株式会社  代表取締役  吉田　日士光
大阪府豊中市勝部１丁目２－３２",22,"吉田株式会社  代表取締役  吉田　日士光
","
大阪府豊中市勝部１丁目２－３２",大阪府豊中市勝部１丁目２－３２,大阪府豊中市勝部１丁目２－３２,,32030533,"R04.01.07
R10.01.31",10,"R04.01.07
","
R10.01.31",R04.01.07,,287,"吉田株式会社
",06,06-6841-3456,,,,豊中市勝部１丁目２－３２,大阪府豊中市勝部１丁目２－３２,,157305,27,27203,勝部１,,,2022/01/07,2022/01/07,2028/01/31,吉田株式会社  ,代表取締役  吉田　日士光,,大阪府豊中市勝部１丁目２－３２,大阪府豊中市勝部１丁目２－３２,,157305,大阪府,豊中市,勝部１,32030533,,飲食店営業,,,,287_大阪府_豊中市保健所_食品衛生()_2021年12月-2022年01月_末日,M,76,,,吉田株式会社06-6841-345615730527203,00287_da9732a4-0469-4a58-b67e-d4cc110ac964,吉田株式会社157305,569a5a10-7b0c-423e-b344-850be972987f,9dfe6caa-150f-4669-be92-1438c65eed66,2022/01/07,吉田株式会社,吉田株式会社,吉田株式会社
"こゆき
豊中市末広町２丁目７－１",4,"こゆき
","
豊中市末広町２丁目７－１",豊中市末広町２丁目７－１,豊中市末広町２丁目７－１,,飲食店営業,,飲食店営業,,,,"中野　明    
",9,"中野　明    
","
",,,,32030534,"R04.01.11
R10.01.31",10,"R04.01.11
","
R10.01.31",R04.01.11,,287,"こゆき
",06,,,,,豊中市末広町２丁目７－１,大阪府豊中市末広町２丁目７－１,,157397,27,27203,末広町２,,,2022/01/11,2022/01/11,2028/01/31,,中野　明    ,,,,,,,,,32030534,,飲食店営業,,,,287_大阪府_豊中市保健所_食品衛生()_2021年12月-2022年01月_末日,M,76,,,こゆき15739727203,00287_273c3eef-ac73-47d8-8826-6ba5c14069be,,personal,693f675f-061c-4105-9586-b14eb1a3c32f,2022/01/11,こゆき,こゆき,
"じゃんぼ總本店　服部天神駅前店
豊中市服部豊町１丁目１－１",16,"じゃんぼ總本店　服部天神駅前店
","
豊中市服部豊町１丁目１－１",豊中市服部豊町１丁目１－１,豊中市服部豊町１丁目１－１,,"飲食店営業
06-6151-4555",6,"飲食店営業
","
06-6151-4555",06-6151-4555,,"ドリームアドバンス株式会社  代表取締役  門田　幸誠
大阪府東大阪市大蓮南４丁目２３－２３",28,"ドリームアドバンス株式会社  代表取締役  門田　幸誠
","
大阪府東大阪市大蓮南４丁目２３－２３",大阪府東大阪市大蓮南４丁目２３－２３,大阪府東大阪市大蓮南４丁目２３－２３,,32030535,"R04.01.27
R10.01.31",10,"R04.01.27
","
R10.01.31",R04.01.27,,287,"じゃんぼ總本店　服部天神駅前店
",06,06-6151-4555,,,,豊中市服部豊町１丁目１－１,大阪府豊中市服部豊町１丁目１－１,,157487,27,27203,服部豊町１,,,2022/01/27,2022/01/27,2028/01/31,ドリームアドバンス株式会社  ,代表取締役  門田　幸誠,,大阪府東大阪市大蓮南４丁目２３－２３,大阪府東大阪市大蓮南４丁目２３－２３,,161778,大阪府,東大阪市,大蓮南４,32030535,,飲食店営業,,,,287_大阪府_豊中市保健所_食品衛生()_2021年12月-2022年01月_末日,M,76,,,じゃんぼ總本店服部天神駅前店06-6151-455515748727203,6d13b5e2-3a5d-4fab-8af1-cc1d2eb22699,ドリームアドバンス株式会社161778,a81e9d45-c415-4a93-b32d-59e1d7a9457e,e6c6af5c-6903-4b4b-9c06-15d4e7603dde,2022/01/27,じゃんぼ總本店　服部天神駅前店,じゃんぼ總本店服部天神駅前店,ドリームアドバンス株式会社
"オアシス
豊中市螢池西町３丁目５５５　大阪国際空港北ターミナルビル１階",5,"オアシス
","
豊中市螢池西町３丁目５５５　大阪国際空港北ターミナルビル１階",豊中市螢池西町３丁目５５５　大阪国際空港北ターミナルビル１階,豊中市螢池西町３丁目５５５,大阪国際空港北ターミナルビル１階,"飲食店営業
06-6856-7430",6,"飲食店営業
","
06-6856-7430",06-6856-7430,,"株式会社朝日エアポートサービス  代表取締役  髙津　利明
大阪府大阪市北区中之島２丁目３－１８",30,"株式会社朝日エアポートサービス  代表取締役  髙津　利明
","
大阪府大阪市北区中之島２丁目３－１８",大阪府大阪市北区中之島２丁目３－１８,大阪府大阪市北区中之島２丁目３－１８,,32030536,"R04.01.07
R10.01.31",10,"R04.01.07
","
R10.01.31",R04.01.07,,287,"オアシス
",06,06-6856-7430,,,,豊中市螢池西町３丁目５５５,大阪府豊中市蛍池西町３丁目５５５,大阪国際空港北ターミナルビル１階,157544,27,27203,蛍池西町３,,,2022/01/07,2022/01/07,2028/01/31,株式会社朝日エアポートサービス  ,代表取締役  髙津　利明,,大阪府大阪市北区中之島２丁目３－１８,大阪府大阪市北区中ノ島２丁目３－１８,,155882,大阪府,大阪市北区,中ノ島２,32030536,,飲食店営業,,,,287_大阪府_豊中市保健所_食品衛生()_2021年12月-2022年01月_末日,M,76,,,オアシス06-6856-743015754427203,00287_cac1a2c0-a3c8-474e-be60-18c507bee133,株式会社朝日エアポートサービス　155882,b5254de1-8550-4fba-9b35-d8058562e542,f6a2b65b-83c5-4cf9-81cb-8d27a5240d53,2022/01/07,オアシス,オアシス,株式会社朝日エアポートサービス　
"赤春園
豊中市服部元町１丁目４－６",4,"赤春園
","
豊中市服部元町１丁目４－６",豊中市服部元町１丁目４－６,豊中市服部元町１丁目４－６,,"飲食店営業
06-6864-2279",6,"飲食店営業
","
06-6864-2279",06-6864-2279,,"大矢　民夫    
",10,"大矢　民夫    
","
",,,,32030537,"R04.01.12
R10.01.31",10,"R04.01.12
","
R10.01.31",R04.01.12,,287,"赤春園
",06,06-6864-2279,,,,豊中市服部元町１丁目４－６,大阪府豊中市服部元町１丁目４－６,,157485,27,27203,服部元町１,,,2022/01/12,2022/01/12,2028/01/31,,大矢　民夫    ,,,,,,,,,32030537,,飲食店営業,,,,287_大阪府_豊中市保健所_食品衛生()_2021年12月-2022年01月_末日,M,76,,,赤春園06-6864-227915748527203,00287_857c8c7c-89d2-442e-87ad-4a8606d0a647,,personal,5ef550cf-9e8a-4e83-8901-11ef4e015a1b,2022/01/12,赤春園,赤春園,
"なか卯　豊中少路店
豊中市少路１丁目１－２５",10,"なか卯　豊中少路店
","
豊中市少路１丁目１－２５",豊中市少路１丁目１－２５,豊中市少路１丁目１－２５,,"飲食店営業
06-6840-9512",6,"飲食店営業
","
06-6840-9512",06-6840-9512,,"株式会社なか卯  代表取締役  平山　賢太郎
東京都港区港南２丁目１８－１",23,"株式会社なか卯  代表取締役  平山　賢太郎
","
東京都港区港南２丁目１８－１",東京都港区港南２丁目１８－１,東京都港区港南２丁目１８－１,,32030538,"R04.01.13
R10.01.31",10,"R04.01.13
","
R10.01.31",R04.01.13,,287,"なか卯　豊中少路店
",06,06-6840-9512,,,,豊中市少路１丁目１－２５,大阪府豊中市少路１丁目１－２５,,157350,27,27203,少路１,,,2022/01/13,2022/01/13,2028/01/31,株式会社なか卯  ,代表取締役  平山　賢太郎,,東京都港区港南２丁目１８－１,東京都港区港南２丁目１８－１,,73073,東京都,港区,港南２,32030538,,飲食店営業,,,,287_大阪府_豊中市保健所_食品衛生()_2021年12月-2022年01月_末日,M,76,,,なか卯豊中少路店06-6840-951215735027203,00287_a2608124-0dc2-45ef-ba2b-805f90f044ac,株式会社なか卯　73073,9edc7b0c-efc2-4482-bc99-1e7b9010830c,1f7a2dbd-a088-4fc4-a8f7-8f2377a3cc5d,2022/01/13,なか卯　豊中少路店,なか卯豊中少路店,株式会社なか卯　
"松屋・マイカリー食堂豊中熊野町店
豊中市熊野町１丁目１－８",17,"松屋・マイカリー食堂豊中熊野町店
","
豊中市熊野町１丁目１－８",豊中市熊野町１丁目１－８,豊中市熊野町１丁目１－８,,飲食店営業,,飲食店営業,,,,"株式会社松屋フーズ  代表取締役  瓦葺　一利
東京都武蔵野市中町１丁目１４－５",24,"株式会社松屋フーズ  代表取締役  瓦葺　一利
","
東京都武蔵野市中町１丁目１４－５",東京都武蔵野市中町１丁目１４－５,東京都武蔵野市中町１丁目１４－５,,32030539,"R04.01.31
R10.01.31",10,"R04.01.31
","
R10.01.31",R04.01.31,,287,"松屋・マイカリー食堂豊中熊野町店
",06,,,,,豊中市熊野町１丁目１－８,大阪府豊中市熊野町１丁目１－８,,157324,27,27203,熊野町１,,,2022/01/31,2022/01/31,2028/01/31,株式会社松屋フーズ  ,代表取締役  瓦葺　一利,,東京都武蔵野市中町１丁目１４－５,東京都武蔵野市中町１丁目１４－５,,76309,東京都,武蔵野市,中町１,32030539,,飲食店営業,,,,287_大阪府_豊中市保健所_食品衛生()_2021年12月-2022年01月_末日,M,76,,,松屋マイカリ食堂豊中熊野町店15732427203,c28484d6-bc59-456d-aaef-a8577949c189,株式会社松屋フーズ　76309,6af7fd92-c84b-4709-83e1-1274c6284ec3,503ea3db-7ee4-4898-89c1-707fb55a7fee,2022/01/31,松屋・マイカリー食堂豊中熊野町店,松屋マイカリ食堂豊中熊野町店,株式会社松屋フーズ　
"ナガサキの鐘　豊中店
豊中市小曽根４丁目２－８",11,"ナガサキの鐘　豊中店
","
豊中市小曽根４丁目２－８",豊中市小曽根４丁目２－８,豊中市小曽根４丁目２－８,,"飲食店営業
06-6334-7961",6,"飲食店営業
","
06-6334-7961",06-6334-7961,,"株式会社龍嘻飯店  代表取締役  永尾  嘉基
兵庫県尼崎市末広町１丁目８－１",24,"株式会社龍嘻飯店  代表取締役  永尾  嘉基
","
兵庫県尼崎市末広町１丁目８－１",兵庫県尼崎市末広町１丁目８－１,兵庫県尼崎市末広町１丁目８－１,,32030540,"R04.01.13
R10.01.31",10,"R04.01.13
","
R10.01.31",R04.01.13,,287,"ナガサキの鐘　豊中店
",06,06-6334-7961,,,,豊中市小曽根４丁目２－８,大阪府豊中市小曽根４丁目２－８,,157298,27,27203,小曽根４,,,2022/01/13,2022/01/13,2028/01/31,株式会社龍嘻飯店  ,代表取締役  永尾  嘉基,,兵庫県尼崎市末広町１丁目８－１,兵庫県尼崎市末広町１丁目８－１,,166837,兵庫県,尼崎市,末広町１,32030540,,飲食店営業,,,,287_大阪府_豊中市保健所_食品衛生()_2021年12月-2022年01月_末日,M,76,,,ナガサキの鐘豊中店06-6334-796115729827203,00287_77d9302f-3d04-4075-adba-007a72de0837,株式会社龍嘻飯店　166837,ee82ae62-c660-4146-8a69-2b56df367906,eaf19851-ff2a-412c-bda8-f58969d211ff,2022/01/13,ナガサキの鐘　豊中店,ナガサキの鐘豊中店,株式会社龍嘻飯店　
"びーふらっと
豊中市螢池東町１丁目３－１５",7,"びーふらっと
","
豊中市螢池東町１丁目３－１５",豊中市螢池東町１丁目３－１５,豊中市螢池東町１丁目３－１５,,"飲食店営業
06-6855-3039",6,"飲食店営業
","
06-6855-3039",06-6855-3039,,"阪本　泰子    
",10,"阪本　泰子    
","
",,,,32030541,"R04.01.13
R10.01.31",10,"R04.01.13
","
R10.01.31",R04.01.13,,287,"びーふらっと
",06,06-6855-3039,,,,豊中市螢池東町１丁目３－１５,大阪府豊中市蛍池東町１丁目３－１５,,157545,27,27203,蛍池東町１,,,2022/01/13,2022/01/13,2028/01/31,,阪本　泰子    ,,,,,,,,,32030541,,飲食店営業,,,,287_大阪府_豊中市保健所_食品衛生()_2021年12月-2022年01月_末日,M,76,,,びふらっと06-6855-303915754527203,00287_a0970017-e261-4856-b671-055992e1b456,,personal,3630fd54-f9bf-4a08-9892-752a129a780d,2022/01/13,びーふらっと,びふらっと,
"関西リハビリテーション病院事業所
豊中市桜の町３丁目１１－１",17,"関西リハビリテーション病院事業所
","
豊中市桜の町３丁目１１－１",豊中市桜の町３丁目１１－１,豊中市桜の町３丁目１１－１,,飲食店営業,,飲食店営業,,,,"藏ウェルフェアサービス株式会社  代表取締役  藤岡　和子
大阪府大阪市中央区淡路町３丁目１－５",30,"藏ウェルフェアサービス株式会社  代表取締役  藤岡　和子
","
大阪府大阪市中央区淡路町３丁目１－５",大阪府大阪市中央区淡路町３丁目１－５,大阪府大阪市中央区淡路町３丁目１－５,,32030543,"R04.01.18
R10.01.31",10,"R04.01.18
","
R10.01.31",R04.01.18,,287,"関西リハビリテーション病院事業所
",06,,,,,豊中市桜の町３丁目１１－１,大阪府豊中市桜ノ町３丁目１１－１,,157334,27,27203,桜の町３,,,2022/01/18,2022/01/18,2028/01/31,藏ウェルフェアサービス株式会社  ,代表取締役  藤岡　和子,,大阪府大阪市中央区淡路町３丁目１－５,大阪府大阪市中央区淡路町３丁目１－５,,155953,大阪府,大阪市中央区,淡路町３,32030543,,飲食店営業,,,,287_大阪府_豊中市保健所_食品衛生()_2021年12月-2022年01月_末日,M,76,,,関西リハビリテション病院事業所15733427203,d72a6b3d-d7bc-445a-aeeb-e5db55107df2,藏ウェルフェアサービス株式会社155953,83fc964a-46d8-4004-ab78-d7d3b8fb3e82,0143b019-a86b-4fd7-a8c9-1566cf4cdccb,2022/01/18,関西リハビリテーション病院事業所,関西リハビリテション病院事業所,藏ウェルフェアサービス株式会社
"味福
豊中市庄内西町２丁目２８－１３",3,"味福
","
豊中市庄内西町２丁目２８－１３",豊中市庄内西町２丁目２８－１３,豊中市庄内西町２丁目２８－１３,,"飲食店営業
06-6331-7167",6,"飲食店営業
","
06-6331-7167",06-6331-7167,,"大松　晋弥    
",10,"大松　晋弥    
","
",,,,32030544,"R04.01.17
R10.01.31",10,"R04.01.17
","
R10.01.31",R04.01.17,,287,"味福
",06,06-6331-7167,,,,豊中市庄内西町２丁目２８－１３,大阪府豊中市庄内西町２丁目２８－１３,,157366,27,27203,庄内西町２,,,2022/01/17,2022/01/17,2028/01/31,,大松　晋弥    ,,,,,,,,,32030544,,飲食店営業,,,,287_大阪府_豊中市保健所_食品衛生()_2021年12月-2022年01月_末日,M,76,,,味福06-6331-716715736627203,00287_82700b4f-2ce4-4b2c-9987-9a19fabfc1ac,,personal,c740b1dc-6277-4c52-be26-b3210f3b28d4,2022/01/17,味福,味福,
"ペコーラパーラ
豊中市今在家町２０－６",8,"ペコーラパーラ
","
豊中市今在家町２０－６",豊中市今在家町２０－６,豊中市今在家町２０－６,,"飲食店営業
06-7509-4804",6,"飲食店営業
","
06-7509-4804",06-7509-4804,,"長原　涼子    
",10,"長原　涼子    
","
",,,,32030545,"R04.01.19
R10.01.31",10,"R04.01.19
","
R10.01.31",R04.01.19,,287,"ペコーラパーラ
",06,06-7509-4804,,,,豊中市今在家町２０－６,大阪府豊中市今在家町２０－６,,157267,27,27203,今在家町,,,2022/01/19,2022/01/19,2028/01/31,,長原　涼子    ,,,,,,,,,32030545,,飲食店営業,,,,287_大阪府_豊中市保健所_食品衛生()_2021年12月-2022年01月_末日,M,76,,,ペコラパラ06-7509-480415726727203,74fc3314-69bf-4b14-a806-74ed73711cbf,,personal,346722cb-5547-4ca4-ad49-0105c88c937b,2022/01/19,ペコーラパーラ,ペコラパラ,
"ペコーラパーラ
豊中市今在家町２０－６",8,"ペコーラパーラ
","
豊中市今在家町２０－６",豊中市今在家町２０－６,豊中市今在家町２０－６,,"菓子製造業
06-7509-4804",6,"菓子製造業
","
06-7509-4804",06-7509-4804,,"長原　涼子    
",10,"長原　涼子    
","
",,,,32030546,"R04.01.19
R10.01.31",10,"R04.01.19
","
R10.01.31",R04.01.19,,287,"ペコーラパーラ
",06,06-7509-4804,,,,豊中市今在家町２０－６,大阪府豊中市今在家町２０－６,,157267,27,27203,今在家町,,,2022/01/19,2022/01/19,2028/01/31,,長原　涼子    ,,,,,,,,,32030546,,菓子製造業,,,,287_大阪府_豊中市保健所_食品衛生()_2021年12月-2022年01月_末日,E,9,,,ペコラパラ06-7509-480415726727203,74fc3314-69bf-4b14-a806-74ed73711cbf,,personal,80009987-7a4a-4fa7-bfa4-d7d08e5dcc84,2022/01/19,ペコーラパーラ,ペコラパラ,
"味琴商店
豊中市豊南町西３丁目６－９－１０４",5,"味琴商店
","
豊中市豊南町西３丁目６－９－１０４",豊中市豊南町西３丁目６－９－１０４,豊中市豊南町西３丁目６－９－１０４,,漬物製造業,,漬物製造業,,,,"峠　飛鳥    
",9,"峠　飛鳥    
","
",,,,32030547,"R04.01.24
R10.01.31",10,"R04.01.24
","
R10.01.31",R04.01.24,,287,"味琴商店
",06,,,,,豊中市豊南町西３丁目６－９－１０４,大阪府豊中市豊南町西３丁目６－９－１０４,,157522,27,27203,豊南町西３,,,2022/01/24,2022/01/24,2028/01/31,,峠　飛鳥    ,,,,,,,,,32030547,,漬物製造業,,,,287_大阪府_豊中市保健所_食品衛生()_2021年12月-2022年01月_末日,E,9,,,味琴商店15752227203,882aae5c-c6aa-47ee-9ae6-0e796af8198c,,personal,7a62c402-c9c9-4c80-b1a8-3a31f4e989c9,2022/01/24,味琴商店,味琴商店,
"ｍａｇｏコロっ
豊中市中桜塚２丁目２７－８－１０２",8,"ｍａｇｏコロっ
","
豊中市中桜塚２丁目２７－８－１０２",豊中市中桜塚２丁目２７－８－１０２,豊中市中桜塚２丁目２７－８－１０２,,"食肉販売業
06-6845-5190",6,"食肉販売業
","
06-6845-5190",06-6845-5190,,"合同食品株式会社  代表取締役  和田　友宏
大阪府豊中市名神口１丁目１５－２",23,"合同食品株式会社  代表取締役  和田　友宏
","
大阪府豊中市名神口１丁目１５－２",大阪府豊中市名神口１丁目１５－２,大阪府豊中市名神口１丁目１５－２,,32030548,"R04.01.19
R10.01.31",10,"R04.01.19
","
R10.01.31",R04.01.19,,287,"ｍａｇｏコロっ
",06,06-6845-5190,,,,豊中市中桜塚２丁目２７－８－１０２,大阪府豊中市中桜塚２丁目２７－８－１０２,,157451,27,27203,中桜塚２,,,2022/01/19,2022/01/19,2028/01/31,合同食品株式会社  ,代表取締役  和田　友宏,,大阪府豊中市名神口１丁目１５－２,大阪府豊中市名神口１丁目１５－２,,157586,大阪府,豊中市,名神口１,32030548,,食肉販売業,,,,287_大阪府_豊中市保健所_食品衛生()_2021年12月-2022年01月_末日,I,58,583,,ｍａｇｏコロっ06-6845-519015745127203,00287_ec1e5dc5-1bda-461d-8dc7-0ca93c0ce8e4,合同食品株式会社157586,c11e4aab-7b9f-47f8-9be4-acb83cd226ee,ec0f43b1-c537-4908-bd4f-1df2ab9fbc11,2022/01/19,ｍａｇｏコロっ,ｍａｇｏコロっ,合同食品株式会社
"チャールスとん
豊中市向丘２丁目１０－１０　リ・ライフビル２Ｆ",8,"チャールスとん
","
豊中市向丘２丁目１０－１０　リ・ライフビル２Ｆ",豊中市向丘２丁目１０－１０　リ・ライフビル２Ｆ,豊中市向丘２丁目１０－１０,リ・ライフビル２Ｆ,"飲食店営業
06-6848-2206",6,"飲食店営業
","
06-6848-2206",06-6848-2206,,"西谷　彰太郎    
",11,"西谷　彰太郎    
","
",,,,32030549,"R04.01.11
R10.01.31",10,"R04.01.11
","
R10.01.31",R04.01.11,,287,"チャールスとん
",06,06-6848-2206,,,,豊中市向丘２丁目１０－１０,大阪府豊中市向丘２丁目１０－１０,リ・ライフビル２Ｆ,157584,27,27203,向丘２,,,2022/01/11,2022/01/11,2028/01/31,,西谷　彰太郎    ,,,,,,,,,32030549,,飲食店営業,,,,287_大阪府_豊中市保健所_食品衛生()_2021年12月-2022年01月_末日,M,76,,,チャルスとん06-6848-220615758427203,00287_2648859f-ba38-4da2-8a4c-9217d6837760,,personal,45cb9897-b2ad-425d-8bf7-8c79d3dc8a12,2022/01/11,チャールスとん,チャルスとん,
"Ａｔｅｌｉｅｒ　ｒｉｃｃｉｏ
豊中市南桜塚３丁目３－３１－２",15,"Ａｔｅｌｉｅｒ　ｒｉｃｃｉｏ
","
豊中市南桜塚３丁目３－３１－２",豊中市南桜塚３丁目３－３１－２,豊中市南桜塚３丁目３－３１－２,,"菓子製造業
06-6853-0230",6,"菓子製造業
","
06-6853-0230",06-6853-0230,,"山下　清世子    
",11,"山下　清世子    
","
",,,,32030551,"R04.01.24
R10.01.31",10,"R04.01.24
","
R10.01.31",R04.01.24,,287,"Ａｔｅｌｉｅｒ　ｒｉｃｃｉｏ
",06,06-6853-0230,,,,豊中市南桜塚３丁目３－３１－２,大阪府豊中市南桜塚３丁目３－３１－２,,157574,27,27203,南桜塚３,,,2022/01/24,2022/01/24,2028/01/31,,山下　清世子    ,,,,,,,,,32030551,,菓子製造業,,,,287_大阪府_豊中市保健所_食品衛生()_2021年12月-2022年01月_末日,E,9,,,Ａｔｅｌｉｅｒｒｉｃｃｉｏ06-6853-023015757427203,47e5d0ef-8c68-414e-81c8-3f51af44917b,,personal,302a1c2e-0149-4ecf-97cd-1b2604c9b344,2022/01/24,Ａｔｅｌｉｅｒ　ｒｉｃｃｉｏ,Ａｔｅｌｉｅｒｒｉｃｃｉｏ,
"焼肉　ＳＹＯ
豊中市本町３丁目７－７５",7,"焼肉　ＳＹＯ
","
豊中市本町３丁目７－７５",豊中市本町３丁目７－７５,豊中市本町３丁目７－７５,,飲食店営業,,飲食店営業,,,,"株式会社ＳＹＯコーポレーション  代表取締役  川西　尚子
大阪府豊中市利倉東２丁目１７－１３",30,"株式会社ＳＹＯコーポレーション  代表取締役  川西　尚子
","
大阪府豊中市利倉東２丁目１７－１３",大阪府豊中市利倉東２丁目１７－１３,大阪府豊中市利倉東２丁目１７－１３,,32030552,"R04.01.24
R10.01.31",10,"R04.01.24
","
R10.01.31",R04.01.24,,287,"焼肉　ＳＹＯ
",06,,,,,豊中市本町３丁目７－７５,大阪府豊中市本町３丁目７－７５,,157556,27,27203,本町３,,,2022/01/24,2022/01/24,2028/01/31,株式会社ＳＹＯコーポレーション  ,代表取締役  川西　尚子,,大阪府豊中市利倉東２丁目１７－１３,大阪府豊中市利倉東２丁目１７－１３,,157442,大阪府,豊中市,利倉東２,32030552,,飲食店営業,,,,287_大阪府_豊中市保健所_食品衛生()_2021年12月-2022年01月_末日,M,76,,,焼肉ＳＹＯ15755627203,6890b524-c880-4aa3-9577-6622e5a2fff8,株式会社ＳＹＯコーポレーション　157442,b14525f6-a254-4bd6-afa1-69ca164692dc,89107188-0463-45f5-9f4e-00ae8c284b16,2022/01/24,焼肉　ＳＹＯ,焼肉ＳＹＯ,株式会社ＳＹＯコーポレーション　
"ラ　ファミーユ
豊中市庄内東町４丁目３－４",8,"ラ　ファミーユ
","
豊中市庄内東町４丁目３－４",豊中市庄内東町４丁目３－４,豊中市庄内東町４丁目３－４,,飲食店営業,,飲食店営業,,,,"野﨑　守    
",9,"野﨑　守    
","
",,,,32030555,"R04.01.25
R10.01.31",10,"R04.01.25
","
R10.01.31",R04.01.25,,287,"ラ　ファミーユ
",06,,,,,豊中市庄内東町４丁目３－４,大阪府豊中市庄内東町４丁目３－４,,157373,27,27203,庄内東町４,,,2022/01/25,2022/01/25,2028/01/31,,野﨑　守    ,,,,,,,,,32030555,,飲食店営業,,,,287_大阪府_豊中市保健所_食品衛生()_2021年12月-2022年01月_末日,M,76,,,ラファミユ15737327203,00287_b2b86edb-7040-4e3b-8719-4374b40984c7,,personal,b517b7c9-7676-4f9e-ba51-22618a5ce2ec,2022/01/25,ラ　ファミーユ,ラファミユ,
"居酒屋　ハンちゃん
豊中市庄内東町４丁目２－２３－２Ｆ",10,"居酒屋　ハンちゃん
","
豊中市庄内東町４丁目２－２３－２Ｆ",豊中市庄内東町４丁目２－２３－２Ｆ,豊中市庄内東町４丁目２－２３,２Ｆ,飲食店営業,,飲食店営業,,,,"ティーエフティーグループ株式会社  代表取締役  氏家　隼斗
大阪府豊中市庄内幸町２丁目１１－１４",31,"ティーエフティーグループ株式会社  代表取締役  氏家　隼斗
","
大阪府豊中市庄内幸町２丁目１１－１４",大阪府豊中市庄内幸町２丁目１１－１４,大阪府豊中市庄内幸町２丁目１１－１４,,32030556,"R04.01.26
R10.01.31",10,"R04.01.26
","
R10.01.31",R04.01.26,,287,"居酒屋　ハンちゃん
",06,,,,,豊中市庄内東町４丁目２－２３,大阪府豊中市庄内東町４丁目２－２３,２Ｆ,157373,27,27203,庄内東町４,,,2022/01/26,2022/01/26,2028/01/31,ティーエフティーグループ株式会社  ,代表取締役  氏家　隼斗,,大阪府豊中市庄内幸町２丁目１１－１４,大阪府豊中市庄内幸町２丁目１１－１４,,157353,大阪府,豊中市,庄内幸町２,32030556,,飲食店営業,,,,287_大阪府_豊中市保健所_食品衛生()_2021年12月-2022年01月_末日,M,76,,,居酒屋ハンちゃん15737327203,dccc46df-98eb-46fb-b83b-5944006db0a8,ティーエフティーグループ株式会社157353,dea599fb-6090-4830-b8c6-e3c6accd26b0,0c27f01a-9ef8-46a1-a659-a4906eafbabf,2022/01/26,居酒屋　ハンちゃん,居酒屋ハンちゃん,ティーエフティーグループ株式会社
"居茶屋のほ
豊中市箕輪１丁目１５－７",6,"居茶屋のほ
","
豊中市箕輪１丁目１５－７",豊中市箕輪１丁目１５－７,豊中市箕輪１丁目１５－７,,菓子製造業,,菓子製造業,,,,"熊田　佳子    
",10,"熊田　佳子    
","
",,,,32030557,"R04.01.20
R10.01.31",10,"R04.01.20
","
R10.01.31",R04.01.20,,287,"居茶屋のほ
",06,,,,,豊中市箕輪１丁目１５－７,大阪府豊中市箕輪１丁目１５－７,,157576,27,27203,箕輪１,,,2022/01/20,2022/01/20,2028/01/31,,熊田　佳子    ,,,,,,,,,32030557,,菓子製造業,,,,287_大阪府_豊中市保健所_食品衛生()_2021年12月-2022年01月_末日,E,9,,,居茶屋のほ15757627203,00287_f1541a89-b3ab-46bb-bf70-b99e409d153b,,personal,fb91fb75-69ad-4fce-ae91-ea6719f8de89,2022/01/20,居茶屋のほ,居茶屋のほ,
"フーズマーケットサタケ豊中稲津店
豊中市稲津町１丁目３－１２",17,"フーズマーケットサタケ豊中稲津店
","
豊中市稲津町１丁目３－１２",豊中市稲津町１丁目３－１２,豊中市稲津町１丁目３－１２,,"飲食店営業
06-6863-7001",6,"飲食店営業
","
06-6863-7001",06-6863-7001,,"佐竹食品株式会社  代表取締役  梅原　一嘉
大阪府吹田市朝日町１４－１９",23,"佐竹食品株式会社  代表取締役  梅原　一嘉
","
大阪府吹田市朝日町１４－１９",大阪府吹田市朝日町１４－１９,大阪府吹田市朝日町１４－１９,,32030559,"R04.01.28
R10.01.31",10,"R04.01.28
","
R10.01.31",R04.01.28,,287,"フーズマーケットサタケ豊中稲津店
",06,06-6863-7001,,,,豊中市稲津町１丁目３－１２,大阪府豊中市稲津町１丁目３－１２,,157264,27,27203,稲津町１,,,2022/01/28,2022/01/28,2028/01/31,佐竹食品株式会社  ,代表取締役  梅原　一嘉,,大阪府吹田市朝日町１４－１９,大阪府吹田市朝日町１４－１９,,157687,大阪府,吹田市,朝日町,32030559,,飲食店営業,,,,287_大阪府_豊中市保健所_食品衛生()_2021年12月-2022年01月_末日,M,76,,,フズマケットサタケ豊中稲津店06-6863-700115726427203,13c2ede0-e350-4dc0-af76-afd1c485cba0,佐竹食品株式会社157687,f8fdb212-40e6-4013-ae64-b47c1befeaba,750cbf4e-406f-4f8d-a0b0-fa14a2c9b596,2022/01/28,フーズマーケットサタケ豊中稲津店,フズマケットサタケ豊中稲津店,佐竹食品株式会社
"フーズマーケットサタケ豊中稲津店
豊中市稲津町１丁目３－１２",17,"フーズマーケットサタケ豊中稲津店
","
豊中市稲津町１丁目３－１２",豊中市稲津町１丁目３－１２,豊中市稲津町１丁目３－１２,,"魚介類販売業
06-6863-7001",7,魚介類販売業,"
06-6863-7001",06-6863-7001,,"佐竹食品株式会社  代表取締役  梅原　一嘉
大阪府吹田市朝日町１４－１９",23,"佐竹食品株式会社  代表取締役  梅原　一嘉
","
大阪府吹田市朝日町１４－１９",大阪府吹田市朝日町１４－１９,大阪府吹田市朝日町１４－１９,,32030560,"R04.01.28
R10.01.31",10,"R04.01.28
","
R10.01.31",R04.01.28,,287,"フーズマーケットサタケ豊中稲津店
",06,06-6863-7001,,,,豊中市稲津町１丁目３－１２,大阪府豊中市稲津町１丁目３－１２,,157264,27,27203,稲津町１,,,2022/01/28,2022/01/28,2028/01/31,佐竹食品株式会社  ,代表取締役  梅原　一嘉,,大阪府吹田市朝日町１４－１９,大阪府吹田市朝日町１４－１９,,157687,大阪府,吹田市,朝日町,32030560,,魚介類販売業,,,,287_大阪府_豊中市保健所_食品衛生()_2021年12月-2022年01月_末日,I,58,,,フズマケットサタケ豊中稲津店06-6863-700115726427203,13c2ede0-e350-4dc0-af76-afd1c485cba0,佐竹食品株式会社157687,f8fdb212-40e6-4013-ae64-b47c1befeaba,180deb20-61d2-4079-bb5a-555c1a6a49f4,2022/01/28,フーズマーケットサタケ豊中稲津店,フズマケットサタケ豊中稲津店,佐竹食品株式会社
"フーズマーケットサタケ豊中稲津店
豊中市稲津町１丁目３－１２",17,"フーズマーケットサタケ豊中稲津店
","
豊中市稲津町１丁目３－１２",豊中市稲津町１丁目３－１２,豊中市稲津町１丁目３－１２,,"食肉販売業
06-6863-7001",6,"食肉販売業
","
06-6863-7001",06-6863-7001,,"佐竹食品株式会社  代表取締役  梅原　一嘉
大阪府吹田市朝日町１４－１９",23,"佐竹食品株式会社  代表取締役  梅原　一嘉
","
大阪府吹田市朝日町１４－１９",大阪府吹田市朝日町１４－１９,大阪府吹田市朝日町１４－１９,,32030561,"R04.01.28
R10.01.31",10,"R04.01.28
","
R10.01.31",R04.01.28,,287,"フーズマーケットサタケ豊中稲津店
",06,06-6863-7001,,,,豊中市稲津町１丁目３－１２,大阪府豊中市稲津町１丁目３－１２,,157264,27,27203,稲津町１,,,2022/01/28,2022/01/28,2028/01/31,佐竹食品株式会社  ,代表取締役  梅原　一嘉,,大阪府吹田市朝日町１４－１９,大阪府吹田市朝日町１４－１９,,157687,大阪府,吹田市,朝日町,32030561,,食肉販売業,,,,287_大阪府_豊中市保健所_食品衛生()_2021年12月-2022年01月_末日,I,58,583,,フズマケットサタケ豊中稲津店06-6863-700115726427203,13c2ede0-e350-4dc0-af76-afd1c485cba0,佐竹食品株式会社157687,f8fdb212-40e6-4013-ae64-b47c1befeaba,59f1a49f-ba93-433c-81cc-c02433247b8f,2022/01/28,フーズマーケットサタケ豊中稲津店,フズマケットサタケ豊中稲津店,佐竹食品株式会社
"てっぱん屋　なかい
市内一円",10,"てっぱん屋　なかい
","
市内一円",市内一円,市内一円,,飲食店営業,,飲食店営業,,,露店,"中井　好子    
",10,"中井　好子    
","
",,,,32030562,"R04.01.26
R09.01.31",10,"R04.01.26
","
R09.01.31",R04.01.26,,287,"てっぱん屋　なかい
",,,,,,市内一円,大阪府市内一円,,,27,,,,,2022/01/26,2022/01/26,2027/01/31,,中井　好子    ,,,,,,,,,32030562,,飲食店営業, 露店,,,287_大阪府_豊中市保健所_食品衛生()_2021年12月-2022年01月_末日,M,76,,,てっぱん屋なかい,434cb56f-4070-41e1-b1d3-38c6ef065013,,personal,201186fa-b645-4d3b-ae67-b0bc8050e084,2022/01/26,てっぱん屋　なかい,てっぱん屋なかい,
"ａｔｅｌｉｅｒ　ＳＯＬＥＩＬ
豊中市玉井町１丁目３－２７伊井方",15,"ａｔｅｌｉｅｒ　ＳＯＬＥＩＬ
","
豊中市玉井町１丁目３－２７伊井方",豊中市玉井町１丁目３－２７伊井方,豊中市玉井町１丁目３－２７,伊井方,菓子製造業,,菓子製造業,,,,"真鍋　悠起    
",10,"真鍋　悠起    
","
",,,,32030563,"R04.01.31
R10.01.31",10,"R04.01.31
","
R10.01.31",R04.01.31,,287,"ａｔｅｌｉｅｒ　ＳＯＬＥＩＬ
",06,,,,,豊中市玉井町１丁目３－２７,大阪府豊中市玉井町１丁目３－２７,伊井方,157423,27,27203,玉井町１,,,2022/01/31,2022/01/31,2028/01/31,,真鍋　悠起    ,,,,,,,,,32030563,,菓子製造業,,,,287_大阪府_豊中市保健所_食品衛生()_2021年12月-2022年01月_末日,E,9,,,ａｔｅｌｉｅｒＳＯＬＥＩＬ15742327203,74ae7d95-eeba-4f5f-9224-730a09017069,,personal,2c105e0c-bcb6-4d15-8380-a736e7dbd59b,2022/01/31,ａｔｅｌｉｅｒ　ＳＯＬＥＩＬ,ａｔｅｌｉｅｒＳＯＬＥＩＬ,
"北摂日本酒案内所
市内一円",9,"北摂日本酒案内所
","
市内一円",市内一円,市内一円,,飲食店営業,,飲食店営業,,,露店,"合同会社日本酒Ｆｒｅｅｓｔｙｌｅ  代表社員  松田　健太郎
大阪府大阪市淀川区木川東２丁目１３－１６",31,"合同会社日本酒Ｆｒｅｅｓｔｙｌｅ  代表社員  松田　健太郎
","
大阪府大阪市淀川区木川東２丁目１３－１６",大阪府大阪市淀川区木川東２丁目１３－１６,大阪府大阪市淀川区木川東２丁目１３－１６,,32030564,"R04.01.24
R09.01.31",10,"R04.01.24
","
R09.01.31",R04.01.24,,287,"北摂日本酒案内所
",,,,,,市内一円,大阪府市内一円,,,27,,,,,2022/01/24,2022/01/24,2027/01/31,合同会社日本酒Ｆｒｅｅｓｔｙｌｅ  ,代表社員  松田　健太郎,,大阪府大阪市淀川区木川東２丁目１３－１６,大阪府大阪市淀川区木川東２丁目１３－１６,,155443,大阪府,大阪市淀川区,木川東２,32030564,,飲食店営業, 露店,,,287_大阪府_豊中市保健所_食品衛生()_2021年12月-2022年01月_末日,M,76,,,北摂日本酒案内所,532e9833-270c-450d-b5b7-b589fe94bf1a,合同会社日本酒Ｆｒｅｅｓｔｙｌｅ　155443,2db509a0-4bc2-4cfe-ae7c-b9b5d82e7ca8,f754d618-46e3-45b4-a9e1-14f839039c8c,2022/01/24,北摂日本酒案内所,北摂日本酒案内所,合同会社日本酒Ｆｒｅｅｓｔｙｌｅ　