https://docs.google.com/spreadsheets/d/1Qy3el1DFIpxtm3-VIAdZlBmEHual1CU39oB_urGxiyI/edit#gid=508940504,,,,,,,,,,,,,,,,,,,,,,,,,,,,,,,,,,,,,,,,,,,,,,,,,,,,,,,,,,,,,,,,
37,n処理終了,,,,,,,,,,,,,,d08_import_license_datas,完了,,,,,,,,,,,,,,,,,,,,,,,,,,,,,,,,,,,,,,,,,,,,,,,,
確認番号,申請-住所0,申請-住所1,申請-マンション名,申請-電話番号1,申請者1,申請者2,施設-住所0,施設-住所1,施設-マンション名,施設名,施設-電話番号1,業種,許可年月日,許可期間終了日,ここまで,,,,,,,,,,,,,,,,,,,,,,,,,,,,,,,,,,,,,,,,,,,,,,,,,
許可番号,営業者住所,,,営業者電話番号,営業者氏名,代表者氏名,営業所所在地,,,屋号,営業所電話番号,業種,許可年月日,許可満了日,,管轄保健所,名称,市外局番,電話番号,施設の郵便番号,緯度,経度,施設の住所（元住所）,施設の住所（整備）,施設マンション名,施設-住所コード,施設-都道府県,施設-郡・政令市・市区町村名,施設-大字名・字名,申請年月日,開業年月日,許可年月日,許可期間開始日,許可期間終了日,申請法人,申請者氏名(個人名),申請者（開設者）の電話番号,申請者の住所（元住所）,申請者の住所（整備）,申請マンション名,申請-住所コード,申請-都道府県,申請-郡・政令市・市区町村名,申請-大字名・字名,確認番号,申請区分,業種,業態,その他,法人番号,シート名,産業分類大,産業分類中,産業分類小,産業分類詳細,facility_idを識別するための文字列,店舗コード,company_idを識別するための文字列,法人コード,ライセンスコード,検索用日付,整備名称,整備名称2,整備申請法人
第101-337,,,,,家原  剛,,寝屋川市香里南之町３４－１７  板東ビル２Ｆ,寝屋川市香里南之町３４－１７,板東ビル２Ｆ,珈琲館  シャムスン,728323399,飲食店営業,令和3年12月08日,令和9年12月27日,,292,珈琲館  シャムスン,072,072-832-3399,,,,寝屋川市香里南之町３４－１７,大阪府寝屋川市香里南ノ町３４－１７,板東ビル２Ｆ,160294,27,27215,香里南ノ町,,,1970/01/01,,2027/12/27,,家原  剛 ,,,,,,,,,第101-337,,飲食店営業,,,,292_大阪府_寝屋川市保健所_食品衛生()_2021年12月-2022年01月_末日.xlsx,M,76,,,珈琲館シャムスン072-832-339916029427215,00292_a18e1055-4548-444b-8911-ca6dc3b3cdc0,,personal,4477b5db-469d-42e0-9dc4-b2779ac1f1ec,1970/01/01,珈琲館　シャムスン,珈琲館シャムスン,
第101-334,大阪府寝屋川市石津元町１２－８,大阪府寝屋川市石津元町１２－８,,728285101,カタギ食品株式会社,佐藤 圭介,寝屋川市石津元町１２－８,寝屋川市石津元町１２－８,,カタギ食品株式会社　寝屋川工場,728285101,密封包装食品製造業,令和3年12月09日,令和9年12月27日,,292,カタギ食品株式会社　寝屋川工場,072,072-828-5101,,,,寝屋川市石津元町１２－８,大阪府寝屋川市石津元町１２－８,,160262,27,27215,石津元町,,,1970/01/01,,2027/12/27,カタギ食品株式会社,佐藤 圭介,072-828-5101,大阪府寝屋川市石津元町１２－８,大阪府寝屋川市石津元町１２－８,,160262,大阪府,寝屋川市,石津元町,第101-334,,密封包装食品製造業,,,,292_大阪府_寝屋川市保健所_食品衛生()_2021年12月-2022年01月_末日.xlsx,E,9,,,カタギ食品株式会社寝屋川工場072-828-510116026227215,5c426995-6646-4043-8d88-81b3172d14ac,カタギ食品株式会社160262,2d6ebf36-5727-482b-8f72-5bdf463868b5,abff72e9-fb42-4dde-9578-7a7c11c93c5a,1970/01/01,カタギ食品株式会社寝屋川工場,カタギ食品株式会社寝屋川工場,カタギ食品株式会社
第101-335,大阪府寝屋川市石津元町１２－８,大阪府寝屋川市石津元町１２－８,,728285101,カタギ食品株式会社,佐藤 圭介,寝屋川市池田１丁目１０番５７号,寝屋川市池田１丁目１０番５７号,,カタギ食品株式会社　寝屋川工場　新棟,728285101,密封包装食品製造業,令和3年12月09日,令和9年12月27日,,292,カタギ食品株式会社　寝屋川工場　新棟,072,072-828-5101,,,,寝屋川市池田１丁目１０番５７号,大阪府寝屋川市池田１丁目１０番５７号,,160247,27,27215,池田１,,,1970/01/01,,2027/12/27,カタギ食品株式会社,佐藤 圭介,072-828-5101,大阪府寝屋川市石津元町１２－８,大阪府寝屋川市石津元町１２－８,,160262,大阪府,寝屋川市,石津元町,第101-335,,密封包装食品製造業,,,,292_大阪府_寝屋川市保健所_食品衛生()_2021年12月-2022年01月_末日.xlsx,E,9,,,カタギ食品株式会社寝屋川工場新棟072-828-510116024727215,75eb4828-7eae-4eff-a0e6-2d3d8233902c,カタギ食品株式会社160262,2d6ebf36-5727-482b-8f72-5bdf463868b5,b7553114-45cc-4445-88da-37e79d332b0b,1970/01/01,カタギ食品株式会社寝屋川工場　新棟,カタギ食品株式会社寝屋川工場新棟,カタギ食品株式会社
第101-336,大阪府寝屋川市石津元町１２－８,大阪府寝屋川市石津元町１２－８,,728285101,カタギ食品株式会社,佐藤 圭介,寝屋川市太間東町４－３,寝屋川市太間東町４－３,,カタギ食品株式会社　寝屋川工場　太間,728285101,密封包装食品製造業,令和3年12月09日,令和9年12月27日,,292,カタギ食品株式会社　寝屋川工場　太間,072,072-828-5101,,,,寝屋川市太間東町４－３,大阪府寝屋川市太間東町４－３,,160318,27,27215,太間東町,,,1970/01/01,,2027/12/27,カタギ食品株式会社,佐藤 圭介,072-828-5101,大阪府寝屋川市石津元町１２－８,大阪府寝屋川市石津元町１２－８,,160262,大阪府,寝屋川市,石津元町,第101-336,,密封包装食品製造業,,,,292_大阪府_寝屋川市保健所_食品衛生()_2021年12月-2022年01月_末日.xlsx,E,9,,,カタギ食品株式会社寝屋川工場太間072-828-510116031827215,75d00884-f105-4319-8630-9f30d7de840e,カタギ食品株式会社160262,2d6ebf36-5727-482b-8f72-5bdf463868b5,711ada3a-e605-4755-bdd6-bb90d2b357a5,1970/01/01,カタギ食品株式会社寝屋川工場　太間,カタギ食品株式会社寝屋川工場太間,カタギ食品株式会社
第101-338,大阪府寝屋川市萱島本町５－２４,大阪府寝屋川市萱島本町５－２４,,728210275,有限会社  若芝,柳  正弘,寝屋川市萱島本町５－２４,寝屋川市萱島本町５－２４,,若芝,728210275,菓子製造業,令和3年12月13日,令和9年12月27日,,292,若芝,072,072-821-0275,,,,寝屋川市萱島本町５－２４,大阪府寝屋川市萱島本町５－２４,,160275,27,27215,萱島本町,,,2021/12/13,,2027/12/27,有限会社  若芝,柳  正弘,072-821-0275,大阪府寝屋川市萱島本町５－２４,大阪府寝屋川市萱島本町５－２４,,160275,大阪府,寝屋川市,萱島本町,第101-338,,菓子製造業,,,,292_大阪府_寝屋川市保健所_食品衛生()_2021年12月-2022年01月_末日.xlsx,E,9,,,若芝072-821-027516027527215,00292_6ce6ad76-3191-4db1-90fc-cf2188714fa4,有限会社若芝160275,c59b653a-fb70-459e-b5f4-24d849832783,5293df14-a915-4cf2-a6df-9601e7298cce,2021/12/13,若芝,若芝,有限会社若芝
第101-339,,,,,南 大介,,寝屋川市北大利町１４－８,寝屋川市北大利町１４－８,,一休,728294692,飲食店営業,令和3年12月13日,令和9年12月27日,,292,一休,072,072-829-4692,,,,寝屋川市北大利町１４－８,大阪府寝屋川市北大利町１４－８,,160279,27,27215,北大利町,,,2021/12/13,,2027/12/27,,南 大介 ,,,,,,,,,第101-339,,飲食店営業,,,,292_大阪府_寝屋川市保健所_食品衛生()_2021年12月-2022年01月_末日.xlsx,M,76,,,一休072-829-469216027927215,00292_01563c3a-c392-4e85-96c1-403c0ca81afe,,personal,e72f56e8-06eb-4cc5-a669-a8fbda9e8b3b,2021/12/13,一休,一休,
第101-344,,,,,石丸 幸親,,寝屋川市香里新町７－１０,寝屋川市香里新町７－１０,,セブン‐イレブン寝屋川香里新町店,728341241,飲食店営業,令和3年12月14日,令和9年12月27日,,292,セブン‐イレブン寝屋川香里新町店,072,072-834-1241,,,,寝屋川市香里新町７－１０,大阪府寝屋川市香里新町７－１０,,160292,27,27215,香里新町,,,2021/12/14,,2027/12/27,,石丸 幸親 ,,,,,,,,,第101-344,,飲食店営業,,,,292_大阪府_寝屋川市保健所_食品衛生()_2021年12月-2022年01月_末日.xlsx,M,76,,,セブンイレブン寝屋川香里新町店072-834-124116029227215,00292_c0f917bb-e49d-4a9d-8f8c-167aa330f7f6,,personal,8abbb9ce-2279-4f34-8642-5f628109cd50,2021/12/14,セブンイレブン寝屋川香里新町店,セブンイレブン寝屋川香里新町店,
第101-353,滋賀県彦根市西今町１番地,滋賀県彦根市西今町１番地,,749233168,株式会社  平和堂,平松　正嗣,寝屋川市打上中町９－５,寝屋川市打上中町９－５,,（株）平和堂  フレンドマート東寝屋川店（肉）,728114731,食肉販売業,令和3年12月16日,令和9年12月27日,,292,（株）平和堂  フレンドマート東寝屋川店（肉）,072,072-811-4731,,,,寝屋川市打上中町９－５,大阪府寝屋川市打上中町９－５,,160414,27,27215,打上中町,,,2021/12/16,,2027/12/27,株式会社  平和堂,平松　正嗣,074-923-3168,滋賀県彦根市西今町１番地,滋賀県彦根市西今町１番地,,138613,滋賀県,彦根市,西今町,第101-353,,食肉販売業,,,,292_大阪府_寝屋川市保健所_食品衛生()_2021年12月-2022年01月_末日.xlsx,I,58,583,,株式会社平和堂フレンドマト東寝屋川店肉072-811-473116041427215,00292_f4e86a67-d9c5-436d-b55a-1ed4328de2f2,株式会社平和堂138613,e7584165-f580-4abc-be41-a6e9f3d5c916,4c31406d-38b7-45b7-b302-aeff221148ce,2021/12/16,株式会社平和堂　フレンドマート東寝屋川店（肉）,株式会社平和堂フレンドマト東寝屋川店肉,株式会社平和堂
第101-354,滋賀県彦根市西今町１番地,滋賀県彦根市西今町１番地,,749233168,株式会社  平和堂,平松　正嗣,寝屋川市打上中町９－５,寝屋川市打上中町９－５,,（株）平和堂  フレンドマート東寝屋川店（魚）,728114731,魚介類販売業,令和3年12月16日,令和9年12月27日,,292,（株）平和堂  フレンドマート東寝屋川店（魚）,072,072-811-4731,,,,寝屋川市打上中町９－５,大阪府寝屋川市打上中町９－５,,160414,27,27215,打上中町,,,2021/12/16,,2027/12/27,株式会社  平和堂,平松　正嗣,074-923-3168,滋賀県彦根市西今町１番地,滋賀県彦根市西今町１番地,,138613,滋賀県,彦根市,西今町,第101-354,,魚介類販売業,,,,292_大阪府_寝屋川市保健所_食品衛生()_2021年12月-2022年01月_末日.xlsx,I,58,,,株式会社平和堂フレンドマト東寝屋川店魚072-811-473116041427215,00292_2e174c76-b6eb-47eb-bc2a-2c9e0599df65,株式会社平和堂138613,e7584165-f580-4abc-be41-a6e9f3d5c916,c431883a-4c39-45eb-a909-73a61a007f2a,2021/12/16,株式会社平和堂　フレンドマート東寝屋川店（魚）,株式会社平和堂フレンドマト東寝屋川店魚,株式会社平和堂
第101-355,大阪府寝屋川市香里南之町２７番８号,大阪府寝屋川市香里南之町２７番８号,,728312555,不二商事株式会社,葉山 岳泰,寝屋川市香里南之町２７番８号,寝屋川市香里南之町２７番８号,,トップワールド香里園店,728312555,食品の小分け業,令和3年12月17日,令和9年12月27日,,292,トップワールド香里園店,072,072-831-2555,,,,寝屋川市香里南之町２７番８号,大阪府寝屋川市香里南ノ町２７番８号,,160294,27,27215,香里南ノ町,,,2021/12/17,,2027/12/27,不二商事株式会社,葉山 岳泰,072-831-2555,大阪府寝屋川市香里南之町２７番８号,大阪府寝屋川市香里南ノ町２７番８号,,160294,大阪府,寝屋川市,香里南ノ町,第101-355,,食品の小分け業,,,,292_大阪府_寝屋川市保健所_食品衛生()_2021年12月-2022年01月_末日.xlsx,I,58,522,5229,トップワルド香里園店072-831-255516029427215,00292_417cb997-b6b8-4310-864e-6407e207ccd7,不二商事株式会社160294,5688d1ad-019b-4ed9-80a5-d97a1254fe00,392175f3-0747-4ea8-b3e7-19f6727a0636,2021/12/17,トップワールド香里園店,トップワルド香里園店,不二商事株式会社
第101-363,大阪府寝屋川市点野３－３０－４,大阪府寝屋川市点野３－３０－４,,728126633,Ｏｎｅ．Ｗｏｒｋ合同会社,山内 佳菜,寝屋川市点野３－３０－４,寝屋川市点野３－３０－４,,ｐｏｃｏ　ａ　ｐｏｃｏ,728126633,そうざい製造業,令和4年01月11日,令和10年01月31日,,292,ｐｏｃｏ　ａ　ｐｏｃｏ,072,072-812-6633,,,,寝屋川市点野３－３０－４,大阪府寝屋川市点野３－３０－４,,160306,27,27215,点野３,,,2022/01/11,,2028/01/31,Ｏｎｅ．Ｗｏｒｋ合同会社,山内 佳菜,072-812-6633,大阪府寝屋川市点野３－３０－４,大阪府寝屋川市点野３－３０－４,,160306,大阪府,寝屋川市,点野３,第101-363,,そうざい製造業,,,,292_大阪府_寝屋川市保健所_食品衛生()_2021年12月-2022年01月_末日.xlsx,E,9,,,ｐｏｃｏａｐｏｃｏ072-812-663316030627215,814085b8-99be-45a6-856b-8fab57d13323,Ｏｎｅ．Ｗｏｒｋ合同会社160306,4b609986-0f28-4d23-9452-08a4d3254d8f,2d9a237e-3af4-4c82-985b-2f8c599221da,2022/01/11,ｐｏｃｏ　ａ　ｐｏｃｏ,ｐｏｃｏａｐｏｃｏ,Ｏｎｅ．Ｗｏｒｋ合同会社
第101-364,大阪府寝屋川市点野３－３０－４,大阪府寝屋川市点野３－３０－４,,728126633,Ｏｎｅ．Ｗｏｒｋ合同会社,山内 佳菜,寝屋川市点野３－３０－４,寝屋川市点野３－３０－４,,ｐｏｃｏ　ａ　ｐｏｃｏ,728126633,飲食店営業,令和4年01月11日,令和10年01月31日,,292,ｐｏｃｏ　ａ　ｐｏｃｏ,072,072-812-6633,,,,寝屋川市点野３－３０－４,大阪府寝屋川市点野３－３０－４,,160306,27,27215,点野３,,,2022/01/11,,2028/01/31,Ｏｎｅ．Ｗｏｒｋ合同会社,山内 佳菜,072-812-6633,大阪府寝屋川市点野３－３０－４,大阪府寝屋川市点野３－３０－４,,160306,大阪府,寝屋川市,点野３,第101-364,,飲食店営業,,,,292_大阪府_寝屋川市保健所_食品衛生()_2021年12月-2022年01月_末日.xlsx,M,76,,,ｐｏｃｏａｐｏｃｏ072-812-663316030627215,814085b8-99be-45a6-856b-8fab57d13323,Ｏｎｅ．Ｗｏｒｋ合同会社160306,4b609986-0f28-4d23-9452-08a4d3254d8f,2283b91e-35cb-4fc1-9754-020144373600,2022/01/11,ｐｏｃｏ　ａ　ｐｏｃｏ,ｐｏｃｏａｐｏｃｏ,Ｏｎｅ．Ｗｏｒｋ合同会社
第101-365,大阪府寝屋川市点野３－３０－４,大阪府寝屋川市点野３－３０－４,,728126633,Ｏｎｅ．Ｗｏｒｋ合同会社,山内 佳菜,寝屋川市点野３－３０－４,寝屋川市点野３－３０－４,,ｐｏｃｏ　ａ　ｐｏｃｏ,728126633,菓子製造業,令和4年01月11日,令和10年01月31日,,292,ｐｏｃｏ　ａ　ｐｏｃｏ,072,072-812-6633,,,,寝屋川市点野３－３０－４,大阪府寝屋川市点野３－３０－４,,160306,27,27215,点野３,,,2022/01/11,,2028/01/31,Ｏｎｅ．Ｗｏｒｋ合同会社,山内 佳菜,072-812-6633,大阪府寝屋川市点野３－３０－４,大阪府寝屋川市点野３－３０－４,,160306,大阪府,寝屋川市,点野３,第101-365,,菓子製造業,,,,292_大阪府_寝屋川市保健所_食品衛生()_2021年12月-2022年01月_末日.xlsx,E,9,,,ｐｏｃｏａｐｏｃｏ072-812-663316030627215,814085b8-99be-45a6-856b-8fab57d13323,Ｏｎｅ．Ｗｏｒｋ合同会社160306,4b609986-0f28-4d23-9452-08a4d3254d8f,12e7e30e-2122-4499-bced-5bc8eb8e73af,2022/01/11,ｐｏｃｏ　ａ　ｐｏｃｏ,ｐｏｃｏａｐｏｃｏ,Ｏｎｅ．Ｗｏｒｋ合同会社
第101-367,東京都港区港南２丁目１８－１,東京都港区港南２丁目１８－１,,357838850,株式会社すき家,浅沼　幹典,寝屋川市高宮１丁目１０－２７,寝屋川市高宮１丁目１０－２７,,すき家１７０号寝屋川高宮店,728206240,飲食店営業,令和4年01月12日,令和10年01月31日,,292,すき家１７０号寝屋川高宮店,072,072-820-6240,,,,寝屋川市高宮１丁目１０－２７,大阪府寝屋川市高宮１丁目１０－２７,,160319,27,27215,高宮１,,,2022/01/12,,2028/01/31,株式会社すき家,浅沼　幹典,03-5783-8850,東京都港区港南２丁目１８－１,東京都港区港南２丁目１８－１,,73073,東京都,港区,港南２,第101-367,,飲食店営業,,,,292_大阪府_寝屋川市保健所_食品衛生()_2021年12月-2022年01月_末日.xlsx,M,76,,,すき家１７０号寝屋川高宮店072-820-624016031927215,00292_e3606d83-4edb-404b-bd14-649d1a66494b,株式会社すき家73073,c7b6fbed-bd7a-49bc-809e-36eca60a1976,a3525ff2-3806-4608-8be0-57cc5c3f7ac7,2022/01/12,すき家１７０号寝屋川高宮店,すき家１７０号寝屋川高宮店,株式会社すき家
第101-369,千葉県松戸市馬橋１８００番地,千葉県松戸市馬橋１８００番地,,473098121,ＤＥＥＰ　ＫＩＴＣＨＥＮ株式会社,カトリ・ラム・バハドゥール,寝屋川市宝町１７－８,寝屋川市宝町１７－８,,ＤＥＥＰ　ＫＩＴＣＨＥＮ,728127567,飲食店営業,令和4年01月12日,令和10年01月31日,,292,ＤＥＥＰ　ＫＩＴＣＨＥＮ,072,072-812-7567,,,,寝屋川市宝町１７－８,大阪府寝屋川市宝町１７－８,,160329,27,27215,宝町,,,2022/01/12,,2028/01/31,ＤＥＥＰ　ＫＩＴＣＨＥＮ株式会社,カトリ・ラム・バハドゥール,047-309-8121,千葉県松戸市馬橋１８００番地,千葉県松戸市馬橋１８００番地,,68648,千葉県,松戸市,馬橋,第101-369,,飲食店営業,,,,292_大阪府_寝屋川市保健所_食品衛生()_2021年12月-2022年01月_末日.xlsx,M,76,,,ＤＥＥＰＫＩＴＣＨＥＮ072-812-756716032927215,00292_8b709889-644d-4683-b9d8-6bbde108b2b2,ＤＥＥＰ　ＫＩＴＣＨＥＮ株式会社68648,920cc145-58c2-443f-bb50-84db84b00893,746b9bd9-956b-4fde-ac10-cf556c0e341b,2022/01/12,ＤＥＥＰ　ＫＩＴＣＨＥＮ,ＤＥＥＰＫＩＴＣＨＥＮ,ＤＥＥＰ　ＫＩＴＣＨＥＮ株式会社
第101-368,,,,,谷口  篤史,,寝屋川市八坂町１０－３４,寝屋川市八坂町１０－３４,,鉄板居酒屋  どんぞこ,,飲食店営業,令和4年01月13日,令和10年01月31日,,292,鉄板居酒屋  どんぞこ,072,,,,,寝屋川市八坂町１０－３４,大阪府寝屋川市八坂町１０－３４,,160381,27,27215,八坂町,,,2022/01/13,,2028/01/31,,谷口  篤史 ,,,,,,,,,第101-368,,飲食店営業,,,,292_大阪府_寝屋川市保健所_食品衛生()_2021年12月-2022年01月_末日.xlsx,M,76,,,鉄板居酒屋どんぞこ16038127215,00292_c7cd198a-ee9c-4f64-86f7-0b2c496eb1cb,,personal,8d8d06b0-168e-48b9-9f62-f5288c2aa35e,2022/01/13,鉄板居酒屋　どんぞこ,鉄板居酒屋どんぞこ,
第101-370,,,,,川口  豊隆,,寝屋川市香里新町２０－１６,寝屋川市香里新町２０－１６,,幸,728320190,飲食店営業,令和4年01月14日,令和10年01月31日,,292,幸,072,072-832-0190,,,,寝屋川市香里新町２０－１６,大阪府寝屋川市香里新町２０－１６,,160292,27,27215,香里新町,,,2022/01/14,,2028/01/31,,川口  豊隆 ,,,,,,,,,第101-370,,飲食店営業,,,,292_大阪府_寝屋川市保健所_食品衛生()_2021年12月-2022年01月_末日.xlsx,M,76,,,幸072-832-019016029227215,00292_cc5a77bc-988d-42b4-9cd6-6fc55945b1a4,,personal,1c1395cc-8881-4254-b4a9-6c221f2d3f78,2022/01/14,幸,幸,
第101-366,,,,,中西 義男,,寝屋川市大利町２０－２　グリーンビル１階,寝屋川市大利町２０－２,グリーンビル１階,ＡＴＥＮ,,飲食店営業,令和4年01月14日,令和10年01月31日,,292,ＡＴＥＮ,072,,,,,寝屋川市大利町２０－２,大阪府寝屋川市大利町２０－２,グリーンビル１階,160264,27,27215,大利町,,,2022/01/14,,2028/01/31,,中西 義男 ,,,,,,,,,第101-366,,飲食店営業,,,,292_大阪府_寝屋川市保健所_食品衛生()_2021年12月-2022年01月_末日.xlsx,M,76,,,ＡＴＥＮ16026427215,00292_72ea485a-13e8-49f7-8759-d577e172c4d2,,personal,14ef0b84-f21e-4af5-a9c0-13496f4f654c,2022/01/14,ＡＴＥＮ,ＡＴＥＮ,
第101-371,,,,,ポーラック 夢緒,,寝屋川市香里南之町９－１４　ＡＺＴＯ香里園Ｄ号,寝屋川市香里南之町９－１４,ＡＺＴＯ香里園Ｄ号,ＣＨＯＣＯ　ＦＯＲＥＳＴ,,菓子製造業,令和4年01月18日,令和10年01月31日,,292,ＣＨＯＣＯ　ＦＯＲＥＳＴ,072,,,,,寝屋川市香里南之町９－１４,大阪府寝屋川市香里南ノ町９－１４,ＡＺＴＯ香里園Ｄ号,160294,27,27215,香里南ノ町,,,2022/01/18,,2028/01/31,,ポーラック 夢緒 ,,,,,,,,,第101-371,,菓子製造業,,,,292_大阪府_寝屋川市保健所_食品衛生()_2021年12月-2022年01月_末日.xlsx,E,9,,,ＣＨＯＣＯＦＯＲＥＳＴ16029427215,ca21ce8a-eb67-46ad-b767-5f6e382985f1,,personal,5db5926e-244c-4c30-8cef-0d127c98f163,2022/01/18,ＣＨＯＣＯ　ＦＯＲＥＳＴ,ＣＨＯＣＯＦＯＲＥＳＴ,
第101-373,,,,,森吉　初美,,寝屋川市萱島信和町２３－７,寝屋川市萱島信和町２３－７,,チベ,728883442,飲食店営業,令和4年01月19日,令和10年01月31日,,292,チベ,072,072-888-3442,,,,寝屋川市萱島信和町２３－７,大阪府寝屋川市萱島信和町２３－７,,160271,27,27215,萱島信和町,,,2022/01/19,,2028/01/31,,森吉　初美 ,,,,,,,,,第101-373,,飲食店営業,,,,292_大阪府_寝屋川市保健所_食品衛生()_2021年12月-2022年01月_末日.xlsx,M,76,,,チベ072-888-344216027127215,00292_e41e5007-ed5a-4e58-8a19-6501980b49f7,,personal,9505f419-967e-438f-8416-6e215a86802e,2022/01/19,チベ,チベ,
第101-375,,,,,福永 正美,,寝屋川市下神田町３１－３,寝屋川市下神田町３１－３,,うちくる？,,飲食店営業,令和4年01月19日,令和10年01月31日,,292,うちくる？,072,,,,,寝屋川市下神田町３１－３,大阪府寝屋川市下神田町３１－３,,160310,27,27215,下神田町,,,2022/01/19,,2028/01/31,,福永 正美 ,,,,,,,,,第101-375,,飲食店営業,,,,292_大阪府_寝屋川市保健所_食品衛生()_2021年12月-2022年01月_末日.xlsx,M,76,,,うちくる16031027215,00292_4908072d-9d4d-4838-9872-7ed4d3261083,,personal,69d9c79e-9d3f-484b-b381-34179384a262,2022/01/19,うちくる？,うちくる,
第101-372,,,,,元川 有希,,寝屋川市香里北之町７－３,寝屋川市香里北之町７－３,,まめまるｂａｇｅｌ＆ｃｏｆｆｅｅ,,菓子製造業,令和4年01月19日,令和10年01月31日,,292,まめまるｂａｇｅｌ＆ｃｏｆｆｅｅ,072,,,,,寝屋川市香里北之町７－３,大阪府寝屋川市香里北ノ町７－３,,160291,27,27215,香里北ノ町,,,2022/01/19,,2028/01/31,,元川 有希 ,,,,,,,,,第101-372,,菓子製造業,,,,292_大阪府_寝屋川市保健所_食品衛生()_2021年12月-2022年01月_末日.xlsx,E,9,,,まめまるｂａｇｅｌｃｏｆｆｅｅ16029127215,a39e6404-0f6b-495c-8ead-83efbfc719e0,,personal,4ff97660-ed56-4b91-8833-b0d93fe5799a,2022/01/19,まめまるｂａｇｅｌ＆ｃｏｆｆｅｅ,まめまるｂａｇｅｌｃｏｆｆｅｅ,
第101-376,,,,,水田  公子,,寝屋川市大利町３－１２,寝屋川市大利町３－１２,,鉄板焼  邑,728382997,飲食店営業,令和4年01月20日,令和10年01月31日,,292,鉄板焼  邑,072,072-838-2997,,,,寝屋川市大利町３－１２,大阪府寝屋川市大利町３－１２,,160264,27,27215,大利町,,,2022/01/20,,2028/01/31,,水田  公子 ,,,,,,,,,第101-376,,飲食店営業,,,,292_大阪府_寝屋川市保健所_食品衛生()_2021年12月-2022年01月_末日.xlsx,M,76,,,鉄板焼邑072-838-299716026427215,00292_ef44d512-bfe6-4a35-ab63-410484a471d4,,personal,66da180e-e61c-466c-a530-1f10df651442,2022/01/20,鉄板焼　邑,鉄板焼邑,
第101-374,,,,,坂田 雄亮,,寝屋川市萱島本町２１－１１,寝屋川市萱島本町２１－１１,,らーめん豚郎　萱島店,,飲食店営業,令和4年01月21日,令和10年01月31日,,292,らーめん豚郎　萱島店,072,,,,,寝屋川市萱島本町２１－１１,大阪府寝屋川市萱島本町２１－１１,,160275,27,27215,萱島本町,,,2022/01/21,,2028/01/31,,坂田 雄亮 ,,,,,,,,,第101-374,,飲食店営業,,,,292_大阪府_寝屋川市保健所_食品衛生()_2021年12月-2022年01月_末日.xlsx,M,76,,,らめん豚郎萱島店16027527215,11851bb2-edd5-40e7-b1a6-b67767e67257,,personal,ee1102cb-6766-490f-b485-23b163527d39,2022/01/21,らーめん豚郎　萱島店,らめん豚郎萱島店,
第101-381,大阪府寝屋川市寝屋川公園２３７０番地６,大阪府寝屋川市寝屋川公園２３７０番地６,,728223562,有限会社サンワクリエイト,植田  喜久美,寝屋川市寝屋川公園２３７０番地６  寝屋川サナトリウム内,寝屋川市寝屋川公園２３７０番地６,寝屋川サナトリウム内,サンワクリエイト,728223562,飲食店営業,令和4年01月24日,令和10年01月31日,,292,サンワクリエイト,072,072-822-3562,,,,寝屋川市寝屋川公園２３７０番地６,大阪府寝屋川市寝屋川公園２３７０番地６,寝屋川サナトリウム内,160406,27,27215,寝屋川公園,,,2022/01/24,,2028/01/31,有限会社サンワクリエイト,植田  喜久美,072-822-3562,大阪府寝屋川市寝屋川公園２３７０番地６,大阪府寝屋川市寝屋川公園２３７０番地６,,160406,大阪府,寝屋川市,寝屋川公園,第101-381,,飲食店営業,,,,292_大阪府_寝屋川市保健所_食品衛生()_2021年12月-2022年01月_末日.xlsx,M,76,,,サンワクリエイト072-822-356216040627215,00292_e6def36b-fe96-48b0-8a98-e116de574255,有限会社サンワクリエイト160406,bee5201b-0e7a-46e2-a697-5685a4a5ba5e,c0386a4d-75bd-4d46-b9c0-86e683bdf444,2022/01/24,サンワクリエイト,サンワクリエイト,有限会社サンワクリエイト
第101-378,,,,,佐竹　昌子,,寝屋川市高宮１丁目１０－２８,寝屋川市高宮１丁目１０－２８,,セブン‐イレブン　寝屋川高宮店,728222435,飲食店営業,令和4年01月24日,令和10年01月31日,,292,セブン‐イレブン　寝屋川高宮店,072,072-822-2435,,,,寝屋川市高宮１丁目１０－２８,大阪府寝屋川市高宮１丁目１０－２８,,160319,27,27215,高宮１,,,2022/01/24,,2028/01/31,,佐竹　昌子 ,,,,,,,,,第101-378,,飲食店営業,,,,292_大阪府_寝屋川市保健所_食品衛生()_2021年12月-2022年01月_末日.xlsx,M,76,,,セブンイレブン寝屋川高宮店072-822-243516031927215,00292_9626978f-cb1c-49c5-9896-f9ccc2bce47d,,personal,bf8de06f-91e5-495d-a617-dd64dc0ffeab,2022/01/24,セブンイレブン　寝屋川高宮店,セブンイレブン寝屋川高宮店,
第101-377,,,,,入口　悦実,,寝屋川市黒原旭町２７－２６,寝屋川市黒原旭町２７－２６,,居酒屋ゆうき,,飲食店営業,令和4年01月24日,令和10年01月31日,,292,居酒屋ゆうき,072,,,,,寝屋川市黒原旭町２７－２６,大阪府寝屋川市黒原旭町２７－２６,,160287,27,27215,黒原旭町,,,2022/01/24,,2028/01/31,,入口　悦実 ,,,,,,,,,第101-377,,飲食店営業,,,,292_大阪府_寝屋川市保健所_食品衛生()_2021年12月-2022年01月_末日.xlsx,M,76,,,居酒屋ゆうき16028727215,00292_4b30320a-f7af-44c0-8078-9cdb5d27532c,,personal,491ff730-0c47-471a-b604-425e8e3c7792,2022/01/24,居酒屋ゆうき,居酒屋ゆうき,
第101-379,,,,,津曲 真帆,,寝屋川市香里北之町１５－２４香里大西コーポ１０４,寝屋川市香里北之町１５－２４,香里大西コーポ１０４,Ｅｎｄｕｒａｎｃｅ,,飲食店営業,令和4年01月24日,令和10年01月31日,,292,Ｅｎｄｕｒａｎｃｅ,072,,,,,寝屋川市香里北之町１５－２４,大阪府寝屋川市香里北ノ町１５－２４,香里大西コーポ１０４,160291,27,27215,香里北ノ町,,,2022/01/24,,2028/01/31,,津曲 真帆 ,,,,,,,,,第101-379,,飲食店営業,,,,292_大阪府_寝屋川市保健所_食品衛生()_2021年12月-2022年01月_末日.xlsx,M,76,,,Ｅｎｄｕｒａｎｃｅ16029127215,a4d76c73-ec0b-4f13-8e48-0b81ce130f7b,,personal,97c27e34-ef96-4e9c-a2f9-2166e6923902,2022/01/24,Ｅｎｄｕｒａｎｃｅ,Ｅｎｄｕｒａｎｃｅ,
第101-380,,,,,徳永 十詩彦,,寝屋川市八坂町１４－１６　１０６号,寝屋川市八坂町１４－１６,１０６号,ＩＴＳＵＫＩ,,飲食店営業,令和4年01月24日,令和10年01月31日,,292,ＩＴＳＵＫＩ,072,,,,,寝屋川市八坂町１４－１６,大阪府寝屋川市八坂町１４－１６,１０６号,160381,27,27215,八坂町,,,2022/01/24,,2028/01/31,,徳永 十詩彦 ,,,,,,,,,第101-380,,飲食店営業,,,,292_大阪府_寝屋川市保健所_食品衛生()_2021年12月-2022年01月_末日.xlsx,M,76,,,ＩＴＳＵＫＩ16038127215,2875116a-8f9b-48eb-b370-93dd5631e50d,,personal,6a0fe5a6-9bff-4a5a-a76d-3ceae5dbb993,2022/01/24,ＩＴＳＵＫＩ,ＩＴＳＵＫＩ,
第101-382,大阪府大阪市東淀川区豊新２丁目１６－１４,大阪府大阪市東淀川区豊新２丁目１６－１４,,663297201,株式会社神戸屋,桐山  晋,寝屋川市点野２丁目５－２,寝屋川市点野２丁目５－２,,株式会社神戸屋　寝屋川工場（パン菓子製造）,728322654,菓子製造業,令和4年01月25日,令和10年01月31日,,292,株式会社神戸屋　寝屋川工場（パン菓子製造）,072,072-832-2654,,,,寝屋川市点野２丁目５－２,大阪府寝屋川市点野２丁目５－２,,160305,27,27215,点野２,,,2022/01/25,,2028/01/31,株式会社神戸屋,桐山  晋,066-329-7201,大阪府大阪市東淀川区豊新２丁目１６－１４,大阪府大阪市東淀川区豊新２丁目１６－１４,,154809,大阪府,大阪市東淀川区,豊新２,第101-382,,菓子製造業,,,,292_大阪府_寝屋川市保健所_食品衛生()_2021年12月-2022年01月_末日.xlsx,E,9,,,株式会社神戸屋寝屋川工場パン菓子製造072-832-265416030527215,00292_677fe2a4-2469-4776-81e6-562229bbf894,株式会社神戸屋154809,d2431276-14a5-459a-a7ae-41d46a156b7a,8a94764a-3de0-45e2-bdc3-40fd26229c73,2022/01/25,株式会社神戸屋　寝屋川工場（パン菓子製造）,株式会社神戸屋寝屋川工場パン菓子製造,株式会社神戸屋
第101-384,大阪府八尾市竹渕１丁目２２２－３,大阪府八尾市竹渕１丁目２２２－３,,667097407,浅田給食株式会社,浅田　美紀,寝屋川市東神田町３２－３１,寝屋川市東神田町３２－３１,,スマイルらいふ　浅田給食,728391100,飲食店営業,令和4年01月27日,令和10年01月31日,,292,スマイルらいふ　浅田給食,072,072-839-1100,,,,寝屋川市東神田町３２－３１,大阪府寝屋川市東神田町３２－３１,,160359,27,27215,東神田町,,,2022/01/27,,2028/01/31,浅田給食株式会社,浅田　美紀,066-709-7407,大阪府八尾市竹渕１丁目２２２－３,大阪府八尾市竹渕１丁目２２２－３,,159608,大阪府,八尾市,竹渕１,第101-384,,飲食店営業,,,,292_大阪府_寝屋川市保健所_食品衛生()_2021年12月-2022年01月_末日.xlsx,M,76,,,スマイルらいふ浅田給食072-839-110016035927215,00292_8bf94f3a-d68d-46ba-bf00-4324d384e3f9,浅田給食株式会社159608,53cb9934-dec4-4591-9f9f-82c95d0c8a8d,200c3742-470c-4b24-845e-13628f4d36ac,2022/01/27,スマイルらいふ　浅田給食,スマイルらいふ浅田給食,浅田給食株式会社
第101-385,大阪府箕面市船場東２丁目４－１　フレスデザインビル,大阪府箕面市船場東２丁目４－１,フレスデザインビル,727377741,フレスデザイン株式会社,松村 力,寝屋川市八坂町２２－４　２Ｆ,寝屋川市八坂町２２－４,２Ｆ,七海　寝屋川２号店,728147670,菓子製造業,令和4年01月31日,令和10年01月31日,,292,七海　寝屋川２号店,072,072-814-7670,,,,寝屋川市八坂町２２－４,大阪府寝屋川市八坂町２２－４,２Ｆ,160381,27,27215,八坂町,,,2022/01/31,,2028/01/31,フレスデザイン株式会社,松村 力,072-737-7741,大阪府箕面市船場東２丁目４－１,大阪府箕面市船場東２丁目４－１,フレスデザインビル,161052,大阪府,箕面市,船場東２,第101-385,,菓子製造業,,,,292_大阪府_寝屋川市保健所_食品衛生()_2021年12月-2022年01月_末日.xlsx,E,9,,,七海寝屋川２号店072-814-767016038127215,9d6bcbd9-7261-41ce-9daa-e6f63238af0e,フレスデザイン株式会社161052,58dd868c-fa5a-428b-88ba-2a7b45a3f5c7,edf35883-3c9c-43d7-8318-043206b3e2d6,2022/01/31,七海　寝屋川２号店,七海寝屋川２号店,フレスデザイン株式会社
第101-383,,,,,飛松 信男,,寝屋川市香里新町２１－１ニューシティ２１　３ＦＢ,寝屋川市香里新町２１－１,ニューシティ２１－３ＦＢ,神福八,,飲食店営業,令和4年01月31日,令和10年01月31日,,292,神福八,072,,,,,寝屋川市香里新町２１－１,大阪府寝屋川市香里新町２１－１,ニューシティ２１－３ＦＢ,160292,27,27215,香里新町,,,2022/01/31,,2028/01/31,,飛松 信男 ,,,,,,,,,第101-383,,飲食店営業,,,,292_大阪府_寝屋川市保健所_食品衛生()_2021年12月-2022年01月_末日.xlsx,M,76,,,神福八16029227215,73b8b72b-33ff-4ca4-a989-3590ea5759d1,,personal,97753a25-fdd5-461e-97fd-647605684646,2022/01/31,神福八,神福八,