https://docs.google.com/spreadsheets/d/1Qy3el1DFIpxtm3-VIAdZlBmEHual1CU39oB_urGxiyI/edit#gid=508940504,,,,,,,,,,,,,,,,,,,,,,,,,,,,,,,,,,,,,,,,,,,,,,,,,,,,,,,,,,,,,,,,,,,,,,,,,,,,,,,,
40,n処理終了,,,,,,,,,,,,,,,,,,,,,,,,,,,,,,d08_import_license_datas,完了,,,,,,,,,,,,,,,,,,,,,,,,,,,,,,,,,,,,,,,,,,,,,,,,
,申請区分,,,施設名,施設-住所1,施設-マンション名,施設-電話番号1,申請者1,申請者2,申請者3,申請-住所1,申請-マンション名,申請-電話番号1,,,業種,,,確認番号,,,開業年月日,申請年月日,,許可年月日,許可期間終了日,,,,,ここまで,,,,,,,,,,,,,,,,,,,,,,,,,,,,,,,,,,,,,,,,,,,,,,,,,
法人個人,申請区分,施設番号,営業所種類,名称（屋号）,営業所所在地,,営業所電話番号,申請者氏名,申請者法人名,申請者代表者名,申請者住所（法人）,,申請者電話番号（法人）,申請者住所（個人）,申請者電話番号（個人）,業種名,許可条件,シール番号,許可番号,移動販売,自販機,初回許可年月日,申請年月日,判定年月日,許可年月日,満了年月日,廃業年月日,休業開始年月日,休業終了年月日,H30法改正,,管轄保健所,名称,市外局番,電話番号,施設の郵便番号,緯度,経度,施設の住所（元住所）,施設の住所（整備）,施設マンション名,施設-住所コード,施設-都道府県,施設-郡・政令市・市区町村名,施設-大字名・字名,申請年月日,開業年月日,許可年月日,許可期間開始日,許可期間終了日,申請法人,申請者氏名(個人名),申請者（開設者）の電話番号,申請者の住所（元住所）,申請者の住所（整備）,申請マンション名,申請-住所コード,申請-都道府県,申請-郡・政令市・市区町村名,申請-大字名・字名,確認番号,申請区分,業種,業態,その他,法人番号,シート名,産業分類大,産業分類中,産業分類小,産業分類詳細,facility_idを識別するための文字列,店舗コード,company_idを識別するための文字列,法人コード,ライセンスコード,検索用日付,整備名称,整備名称2,整備申請法人
法人,新規,14955,,ハッピーカフェ,上越市吉川区原之町1447番地,,025-539-3232,,新潟県立　吉川高等特別支援学校,校長　内山　徹,新潟県上越市吉川区原之町1447番地,,025-539-3232,,,① 飲食店営業,,,1 - 615,0,0,2022年02月11日,2022年02月02日,2022年02月10日,2022年02月11日,2027年03月31日,,,,,,163,ハッピーカフェ,025,025-539-3232,,,,上越市吉川区原之町1447番地,新潟県上越市吉川区原ノ町１４４７番地,,89359,15,15222,吉川区原ノ町,2022/02/02,2022/02/11,2022/02/11,,2027/03/31,新潟県立　吉川高等特別支援学校, 校長　内山　徹,025-539-3232,新潟県上越市吉川区原之町1447番地,新潟県上越市吉川区原ノ町１４４７番地,,89359,新潟県,上越市,吉川区原ノ町,1 - 615,新規,飲食店営業,,,,163_新潟県_上越保健所_食品衛生(許可-届出)_2022年02月_末日_新規,M,76,,,ハッピカフェ025-539-32328935915222,847f226e-4c7a-46fb-97b5-06d14e8871bb,新潟県立　吉川高等特別支援学校89359,7ef5b11f-6d53-4928-a932-4647280d86ea,1c3e622f-8076-4c83-af27-72ca0d9738da,2022/02/11,ハッピーカフェ,ハッピカフェ,新潟県立　吉川高等特別支援学校
個人,新規,18047,,つぼ焼き芋　一八,上越市松村新田２８－４,,025-512-0081,中村　淳子,,,,,,,,① 飲食店営業,,,1 - 617,0,0,2022年02月11日,2022年02月02日,2022年02月10日,2022年02月11日,2027年07月31日,,,,,,163,つぼ焼き芋　一八,025,025-512-0081,,,,上越市松村新田２８－４,新潟県上越市松村新田２８－４,,88792,15,15222,松村新田,2022/02/02,2022/02/11,2022/02/11,,2027/07/31,,中村　淳子  ,,,,,,,,,1 - 617,新規,飲食店営業,,,,163_新潟県_上越保健所_食品衛生(許可-届出)_2022年02月_末日_新規,M,76,,,つぼ焼き芋一八025-512-00818879215222,b12fe047-cb7d-450e-bae8-02041504a498,,personal,7665385e-44af-40ea-8664-95dc610c5b21,2022/02/11,つぼ焼き芋　一八,つぼ焼き芋一八,
法人,新規,18050,,宝来軒,上越市大町４丁目１番５号,,025-523-3415,,ホウライケン合同会社,代表社員　土肥　高弘,新潟県上越市大町４丁目１番５号,,025-523-3415,,,① 飲食店営業,,,1 - 618,0,0,2022年02月11日,2022年02月03日,2022年02月10日,2022年02月11日,2027年09月30日,,,,,,163,宝来軒,025,025-523-3415,,,,上越市大町４丁目１番５号,新潟県上越市大町４丁目１番５号,,88517,15,15222,大町４,2022/02/03,2022/02/11,2022/02/11,,2027/09/30,ホウライケン合同会社, 代表社員　土肥　高弘,025-523-3415,新潟県上越市大町４丁目１番５号,新潟県上越市大町４丁目１番５号,,88517,新潟県,上越市,大町４,1 - 618,新規,飲食店営業,,,,163_新潟県_上越保健所_食品衛生(許可-届出)_2022年02月_末日_新規,M,76,,,宝来軒025-523-34158851715222,b9ff3ac3-5652-4e74-892e-ec5ee8b6116b,ホウライケン合同会社88517,00e12626-2787-4707-89c7-be3fbebe6d89,0e20e575-eeb0-4b85-b9b7-ee5ac4137b83,2022/02/11,宝来軒,宝来軒,ホウライケン合同会社
法人,新規,18051,,宝来軒　参,上越市大豆１－１２－５９,,025-523-1750,,ホウライケン合同会社,代表社員　土肥　高弘,新潟県上越市大町４丁目１番５号,,025-523-3415,,,① 飲食店営業,,,1 - 619,0,0,2022年02月11日,2022年02月03日,2022年02月10日,2022年02月11日,2027年09月30日,,,,,,163,宝来軒　参,025,025-523-1750,,,,上越市大豆１－１２－５９,新潟県上越市大豆１－１２－５９,,88675,15,15222,大豆１,2022/02/03,2022/02/11,2022/02/11,,2027/09/30,ホウライケン合同会社, 代表社員　土肥　高弘,025-523-3415,新潟県上越市大町４丁目１番５号,新潟県上越市大町４丁目１番５号,,88517,新潟県,上越市,大町４,1 - 619,新規,飲食店営業,,,,163_新潟県_上越保健所_食品衛生(許可-届出)_2022年02月_末日_新規,M,76,,,宝来軒参025-523-17508867515222,3d36618b-a767-4a47-b6c7-c6f75e0732ef,ホウライケン合同会社88517,00e12626-2787-4707-89c7-be3fbebe6d89,747dd4a6-4a1f-4e07-be3e-ecd914108f69,2022/02/11,宝来軒　参,宝来軒参,ホウライケン合同会社
法人,新規,18052,,宝来軒　麺製造所,上越市大豆１－１２－５９,,025-523-1750,,ホウライケン合同会社,代表社員　土肥　高弘,新潟県上越市大町４丁目１番５号,,025-523-3415,,,㉔ 麺類製造業,,,1 - 620,0,0,2022年02月11日,2022年02月03日,2022年02月10日,2022年02月11日,2027年09月30日,,,,,,163,宝来軒　麺製造所,025,025-523-1750,,,,上越市大豆１－１２－５９,新潟県上越市大豆１－１２－５９,,88675,15,15222,大豆１,2022/02/03,2022/02/11,2022/02/11,,2027/09/30,ホウライケン合同会社, 代表社員　土肥　高弘,025-523-3415,新潟県上越市大町４丁目１番５号,新潟県上越市大町４丁目１番５号,,88517,新潟県,上越市,大町４,1 - 620,新規,麺類製造業,,,,163_新潟県_上越保健所_食品衛生(許可-届出)_2022年02月_末日_新規,E,9,,,宝来軒麺製造所025-523-17508867515222,fbc6e116-b3fa-4d8f-9a3b-e9de232f04b8,ホウライケン合同会社88517,00e12626-2787-4707-89c7-be3fbebe6d89,e33dde8d-ead7-497b-aabb-6f06ab604c13,2022/02/11,宝来軒　麺製造所,宝来軒麺製造所,ホウライケン合同会社
個人,新規,18049,,なおえつ WHITE CATS,上越市西本町４丁目１番１号,石田第一ビル２０５,025-545-4402,籠島　幹,,,,,,,,① 飲食店営業,,,1 - 622,0,0,2022年02月11日,2022年02月04日,2022年02月10日,2022年02月11日,2027年05月31日,,,,,,163,なおえつ WHITE CATS,025,025-545-4402,,,,上越市西本町４丁目１番１号,新潟県上越市西本町４丁目１番１号,石田第一ビル２０５,88746,15,15222,西本町４,2022/02/04,2022/02/11,2022/02/11,,2027/05/31,,籠島　幹  ,,,,,,,,,1 - 622,新規,飲食店営業,,,,163_新潟県_上越保健所_食品衛生(許可-届出)_2022年02月_末日_新規,M,76,,,なおえつＷＨＩＴＥＣＡＴＳ025-545-44028874615222,73af6eb2-1a49-43cb-ae46-770f3c7782d5,,personal,49917126-9a84-47e4-9f90-c2506e169a07,2022/02/11,なおえつ　ＷＨＩＴＥ　ＣＡＴＳ,なおえつＷＨＩＴＥＣＡＴＳ,
法人,新規,16894,,森の駅　大島青空市場,上越市大島区岡４０３－３,,025-594-3257,,ゆきぐに森林組合,代表理事組合長　村松　二郎,上越市大島区棚岡１５６９－１,,025-594-2041,,,① 飲食店営業,,,1 - 623,0,0,2022年02月11日,2022年02月07日,2022年02月10日,2022年02月11日,2027年07月31日,,,,,,163,森の駅　大島青空市場,025,025-594-3257,,,,上越市大島区岡４０３－３,新潟県上越市大島区岡４０３－３,,88981,15,15222,大島区岡,2022/02/07,2022/02/11,2022/02/11,,2027/07/31,ゆきぐに森林組合, 代表理事組合長　村松　二郎,025-594-2041,上越市大島区棚岡１５６９－１,新潟県上越市大島区棚岡１５６９－１,,88985,新潟県,上越市,大島区棚岡,1 - 623,新規,飲食店営業,,,,163_新潟県_上越保健所_食品衛生(許可-届出)_2022年02月_末日_新規,M,76,,,森の駅大島青空市場025-594-32578898115222,26f67f66-4c44-4269-ae8c-dcf2515c02a3,ゆきぐに森林組合88985,87db1f2f-0b12-4ad8-b4e2-90c35c67d0ee,3a1f91cf-28ec-4c23-b582-57e5f7536d19,2022/02/11,森の駅　大島青空市場,森の駅大島青空市場,ゆきぐに森林組合
個人,新規,18055,,新潟　正芳,上越市西本町３丁目１０－１,,025-546-7768,竹内　渉,,,,,,,,① 飲食店営業,,,1 - 625,0,0,2022年02月18日,2022年02月14日,2022年02月17日,2022年02月18日,2027年05月31日,,,,,,163,新潟　正芳,025,025-546-7768,,,,上越市西本町３丁目１０－１,新潟県上越市西本町３丁目１０－１,,88745,15,15222,西本町３,2022/02/14,2022/02/18,2022/02/18,,2027/05/31,,竹内　渉  ,,,,,,,,,1 - 625,新規,飲食店営業,,,,163_新潟県_上越保健所_食品衛生(許可-届出)_2022年02月_末日_新規,M,76,,,新潟正芳025-546-77688874515222,0b0ccea9-9257-4c1f-b5da-89f7f88c53de,,personal,18f72268-1bbf-44fb-942c-a1b1b32c6be1,2022/02/18,新潟　正芳,新潟正芳,
法人,新規,18054,,銀座に志かわ　上越店,上越市大貫４丁目５－３０,,025-520-6455,,株式会社　銀座仁志川,代表取締役社長　高橋　仁志,東京都中央区銀座１丁目２７－１２,キャビネットビル,03-6263-2401,,,⑪ 菓子製造業,,,1 - 626,0,0,2022年02月18日,2022年02月14日,2022年02月17日,2022年02月18日,2027年09月30日,,,,,,163,銀座に志かわ　上越店,025,025-520-6455,,,,上越市大貫４丁目５－３０,新潟県上越市大貫４丁目５－３０,,88511,15,15222,大貫４,2022/02/14,2022/02/18,2022/02/18,,2027/09/30,株式会社　銀座仁志川, 代表取締役社長　高橋　仁志,03-6263-2401,東京都中央区銀座１丁目２７－１２,東京都中央区銀座１丁目２７－１２,キャビネットビル,72953,東京都,中央区,銀座１,1 - 626,新規,菓子製造業,,,,163_新潟県_上越保健所_食品衛生(許可-届出)_2022年02月_末日_新規,E,9,,,銀座に志かわ上越店025-520-64558851115222,96383c5e-8185-4c1c-9b93-125db84f6385,株式会社銀座仁志川72953,c2e9a392-f22c-4103-87a3-36a881329b75,dc3cd995-baea-4679-87a4-a537ccba24d1,2022/02/18,銀座に志かわ　上越店,銀座に志かわ上越店,株式会社銀座仁志川
法人,新規,18058,,MYOKO　COFFEE　アライリゾート店,妙高市両善寺１９６６,ヴィレッジステーション１F,0255-75-1161,,合同会社　MC,代表社員　野村　功太朗,新潟県妙高市大字関川１５５３番地８,,070-3139-0900,,,① 飲食店営業,,,1 - 628,0,0,2022年02月18日,2022年02月15日,2022年02月17日,2022年02月18日,2027年09月30日,,,,,,163,MYOKO　COFFEE　アライリゾート店,0255,0255-75-1161,,,,妙高市両善寺１９６６,新潟県妙高市両善寺１９６６,ヴィレッジステーション１F,88225,15,15217,両善寺,2022/02/15,2022/02/18,2022/02/18,,2027/09/30,合同会社　MC, 代表社員　野村　功太朗,070-3139-0900,新潟県妙高市大字関川１５５３番地８,新潟県妙高市関川１５５３番地８,,88261,新潟県,妙高市,関川,1 - 628,新規,飲食店営業,,,,163_新潟県_上越保健所_食品衛生(許可-届出)_2022年02月_末日_新規,M,76,,,ＭＹＯＫＯＣＯＦＦＥＥアライリゾト店0255-75-11618822515217,b3a806a6-b3c5-43a1-a0f5-0fee4e2f5b55,合同会社ＭＣ88261,ee34ee28-38bb-463d-9618-706b11683e1b,4d8d3136-4ec1-4e75-a58f-2d3b63a867f7,2022/02/18,ＭＹＯＫＯ　ＣＯＦＦＥＥ　アライリゾート店,ＭＹＯＫＯＣＯＦＦＥＥアライリゾト店,合同会社ＭＣ
法人,新規,13566,老人保健施設,サンクス米山,上越市柿崎区上下浜２１９番地５,,025-536-9228,,石本商事株式会社,代表取締役　平澤　和也,新潟市中央区上近江３丁目１９番２２号,,025-285-6221,,,① 飲食店営業,,,1 - 624,0,0,2022年02月19日,2022年02月08日,2022年02月18日,2022年02月19日,2027年03月31日,,,,,,163,サンクス米山,025,025-536-9228,,,,上越市柿崎区上下浜２１９番地５,新潟県上越市柿崎区上下浜２１９番地５,,89024,15,15222,柿崎区上下浜,2022/02/08,2022/02/19,2022/02/19,,2027/03/31,石本商事株式会社, 代表取締役　平澤　和也,025-285-6221,新潟市中央区上近江３丁目１９番２２号,新潟県新潟市中央区上近江３丁目１９番２２号,,83633,新潟県,新潟市中央区,上近江３,1 - 624,新規,飲食店営業,,,,163_新潟県_上越保健所_食品衛生(許可-届出)_2022年02月_末日_新規,M,76,,,サンクス米山025-536-92288902415222,36abf48a-7dbe-49fa-b8b2-3c29dfa771fd,石本商事株式会社83633,bc0a0934-d88b-4bb7-8176-fe7bd00fe79c,28496e38-3e24-4fba-b543-5474025c9a1e,2022/02/19,サンクス米山,サンクス米山,石本商事株式会社
個人,新規,10330,通年　民宿,さかき,上越市柿崎区上下浜３９４－１,,025-536-2392,坂木　勝,,,,,,,,① 飲食店営業,,,1 - 635,0,0,2022年02月19日,2022年02月18日,2022年02月18日,2022年02月19日,2027年03月31日,,,,,,163,さかき,025,025-536-2392,,,,上越市柿崎区上下浜３９４－１,新潟県上越市柿崎区上下浜３９４－１,,89024,15,15222,柿崎区上下浜,2022/02/18,2022/02/19,2022/02/19,,2027/03/31,,坂木　勝  ,,,,,,,,,1 - 635,新規,飲食店営業,,,,163_新潟県_上越保健所_食品衛生(許可-届出)_2022年02月_末日_新規,M,76,,,さかき025-536-23928902415222,2bd2f999-4345-4b0a-8dd1-751e2e010b98,,personal,bcd6f6fa-4dc3-4959-aa68-d44248a3610d,2022/02/19,さかき,さかき,
個人,新規,259,ＣＡＦＥ’ＨＯＵＳＥ,ＤＥＡＮ,上越市柿崎区柿崎６５９３,,025-536-6187,吉村　美千代,,,,,,,,① 飲食店営業,,,1 - 636,0,0,2022年02月19日,2022年02月18日,2022年02月18日,2022年02月19日,2027年03月31日,,,,,,163,ＤＥＡＮ,025,025-536-6187,,,,上越市柿崎区柿崎６５９３,新潟県上越市柿崎区柿崎６５９３,,89001,15,15222,柿崎区柿崎,2022/02/18,2022/02/19,2022/02/19,,2027/03/31,,吉村　美千代  ,,,,,,,,,1 - 636,新規,飲食店営業,,,,163_新潟県_上越保健所_食品衛生(許可-届出)_2022年02月_末日_新規,M,76,,,ＤＥＡＮ025-536-61878900115222,0a1456b2-99dc-418b-ac39-501c9bdc8564,,personal,7e8a2002-2646-498a-b0a6-c0e10931101d,2022/02/19,ＤＥＡＮ,ＤＥＡＮ,
個人,新規,231,,岩野屋旅館,上越市柿崎区柿崎６１８７,,025-536-2328,岩野　武雄,,,,,,,,① 飲食店営業,,,1 - 637,0,0,2022年02月19日,2022年02月18日,2022年02月18日,2022年02月19日,2027年03月31日,,,,,,163,岩野屋旅館,025,025-536-2328,,,,上越市柿崎区柿崎６１８７,新潟県上越市柿崎区柿崎６１８７,,89001,15,15222,柿崎区柿崎,2022/02/18,2022/02/19,2022/02/19,,2027/03/31,,岩野　武雄  ,,,,,,,,,1 - 637,新規,飲食店営業,,,,163_新潟県_上越保健所_食品衛生(許可-届出)_2022年02月_末日_新規,M,76,,,岩野屋旅館025-536-23288900115222,d754989b-1e45-4437-aa59-866b00f188e0,,personal,32ac38a4-5110-4a05-b955-d8893e3214a9,2022/02/19,岩野屋旅館,岩野屋旅館,
法人,新規,14943,,柿崎セレモニーホールへいあん,上越市柿崎区直海浜１４０９番地,,025-536-2299,,平安セレモニー株式会社,代表取締役　青木　省一,上越市高土町３丁目９番１２号,,025-524-7122,,,① 飲食店営業,,,1 - 638,0,0,2022年02月19日,2022年02月18日,2022年02月18日,2022年02月19日,2027年03月31日,,,,,,163,柿崎セレモニーホールへいあん,025,025-536-2299,,,,上越市柿崎区直海浜１４０９番地,新潟県上越市柿崎区直海浜１４０９番地,,89035,15,15222,柿崎区直海浜,2022/02/18,2022/02/19,2022/02/19,,2027/03/31,平安セレモニー株式会社, 代表取締役　青木　省一,025-524-7122,上越市高土町３丁目９番１２号,新潟県上越市高土町３丁目９番１２号,,88587,新潟県,上越市,高土町３,1 - 638,新規,飲食店営業,,,,163_新潟県_上越保健所_食品衛生(許可-届出)_2022年02月_末日_新規,M,76,,,柿崎セレモニホルへいあん025-536-22998903515222,d4c5df46-de4c-4a6f-8891-a659ea4c5631,平安セレモニー株式会社88587,264f25cd-0d7c-4f39-8193-639c883f6aaa,52c73884-e05f-4f66-acfa-53aa382227bc,2022/02/19,柿崎セレモニーホールへいあん,柿崎セレモニホルへいあん,平安セレモニー株式会社
法人,新規,13568,,リオンズホテル上越,上越市柿崎区馬正面字下砂原１１７７番１０,,025-535-2271,,株式会社　リオンズ,代表取締役　布施　美歩,新潟市中央区鳥屋野二丁目13番22号,,025-285-2900,,,① 飲食店営業,,,1 - 639,0,0,2022年02月19日,2022年02月18日,2022年02月18日,2022年02月19日,2027年03月31日,,,,,,163,リオンズホテル上越,025,025-535-2271,,,,上越市柿崎区馬正面字下砂原１１７７番１０,新潟県上越市柿崎区馬正面字下砂原１１７７番１０,,89036,15,15222,柿崎区馬正面,2022/02/18,2022/02/19,2022/02/19,,2027/03/31,株式会社　リオンズ, 代表取締役　布施　美歩,025-285-2900,新潟市中央区鳥屋野二丁目13番22号,新潟県新潟市中央区鳥屋野２丁目１３番２２号,,83814,新潟県,新潟市中央区,鳥屋野２,1 - 639,新規,飲食店営業,,,,163_新潟県_上越保健所_食品衛生(許可-届出)_2022年02月_末日_新規,M,76,,,リオンズホテル上越025-535-22718903615222,43ba7ef4-835d-45a8-b36a-415446bb2973,株式会社リオンズ83814,e8cdf519-7249-4f81-ae4e-cf12dfda61de,fcd6d427-3bac-41a3-9cba-83f519f06ae2,2022/02/19,リオンズホテル上越,リオンズホテル上越,株式会社リオンズ
法人,新規,308,有限会社,マルカ,上越市柿崎区米山寺６１３番地,,025-536-5106,,有限会社　マルカ,代表取締役　加藤　哲也,上越市柿崎区米山寺６１３番地,,025-536-5106,,,① 飲食店営業,,,1 - 640,0,0,2022年02月19日,2022年02月18日,2022年02月18日,2022年02月19日,2027年03月31日,,,,,,163,マルカ,025,025-536-5106,,,,上越市柿崎区米山寺６１３番地,新潟県上越市柿崎区米山寺６１３番地,,89040,15,15222,柿崎区米山寺,2022/02/18,2022/02/19,2022/02/19,,2027/03/31,有限会社　マルカ, 代表取締役　加藤　哲也,025-536-5106,上越市柿崎区米山寺６１３番地,新潟県上越市柿崎区米山寺６１３番地,,89040,新潟県,上越市,柿崎区米山寺,1 - 640,新規,飲食店営業,,,,163_新潟県_上越保健所_食品衛生(許可-届出)_2022年02月_末日_新規,M,76,,,マルカ025-536-51068904015222,9ef1b18d-3309-413d-a21a-fe68b1d1057a,有限会社マルカ89040,c4c21e75-3ec0-44cb-9307-2b091c3e2d97,f0050ce9-477e-4f14-8614-6eb58a44bc38,2022/02/19,マルカ,マルカ,有限会社マルカ
個人,新規,11605,,佐々木食品,上越市吉川区東田中７５８,,025-548-2882,佐々木　陽子,,,,,,,,⑪ 菓子製造業,,,1 - 641,0,0,2022年02月22日,2022年02月21日,2022年02月21日,2022年02月22日,2027年03月31日,,,,,,163,佐々木食品,025,025-548-2882,,,,上越市吉川区東田中７５８,新潟県上越市吉川区東田中７５８,,89360,15,15222,吉川区東田中,2022/02/21,2022/02/22,2022/02/22,,2027/03/31,,佐々木　陽子  ,,,,,,,,,1 - 641,新規,菓子製造業,,,,163_新潟県_上越保健所_食品衛生(許可-届出)_2022年02月_末日_新規,E,9,,,佐木食品025-548-28828936015222,012640d7-35f0-4fdf-9fff-2d980e558658,,personal,da14e188-3e9f-4967-a07b-52950caf4804,2022/02/22,佐々木食品,佐木食品,
個人,新規,11605,,佐々木食品,上越市吉川区東田中７５８,,025-548-2882,佐々木　陽子,,,,,,,,㉕ そうざい製造業,,,1 - 641,0,0,2022年02月22日,2022年02月21日,2022年02月21日,2022年02月22日,2027年03月31日,,,,,,163,佐々木食品,025,025-548-2882,,,,上越市吉川区東田中７５８,新潟県上越市吉川区東田中７５８,,89360,15,15222,吉川区東田中,2022/02/21,2022/02/22,2022/02/22,,2027/03/31,,佐々木　陽子  ,,,,,,,,,1 - 641,新規,そうざい製造業,,,,163_新潟県_上越保健所_食品衛生(許可-届出)_2022年02月_末日_新規,E,9,,,佐木食品025-548-28828936015222,012640d7-35f0-4fdf-9fff-2d980e558658,,personal,9dee1af5-599d-45ab-bec8-9de2e90397da,2022/02/22,佐々木食品,佐木食品,
法人,新規,441,,株式会社　ゆったりの郷,上越市吉川区長峰１００番地,,025-548-3911,,株式会社　ゆったりの郷,代表取締役　山下　悟,上越市吉川区長峰１００番地,,025-548-3911,,,① 飲食店営業,,,1 - 643,0,0,2022年02月22日,2022年02月21日,2022年02月21日,2022年02月22日,2027年03月31日,,,,,,163,株式会社　ゆったりの郷,025,025-548-3911,,,,上越市吉川区長峰１００番地,新潟県上越市吉川区長峰１００番地,,89356,15,15222,吉川区長峰,2022/02/21,2022/02/22,2022/02/22,,2027/03/31,株式会社　ゆったりの郷, 代表取締役　山下　悟,025-548-3911,上越市吉川区長峰１００番地,新潟県上越市吉川区長峰１００番地,,89356,新潟県,上越市,吉川区長峰,1 - 643,新規,飲食店営業,,,,163_新潟県_上越保健所_食品衛生(許可-届出)_2022年02月_末日_新規,M,76,,,株式会社ゆったりの郷025-548-39118935615222,d0769200-4b91-4bb1-a032-594bf89719fe,株式会社ゆったりの郷89356,a258c173-364e-4de8-8776-fd115bff9f5a,98c250f5-5593-43f2-b573-c7114006efd7,2022/02/22,株式会社ゆったりの郷,株式会社ゆったりの郷,株式会社ゆったりの郷
個人,新規,16351,,品和亭,上越市吉川区原之町1360番地,,025-548-2008,髙橋　孝一,,,,,,,,① 飲食店営業,,,1 - 644,0,0,2022年02月22日,2022年02月21日,2022年02月21日,2022年02月22日,2027年03月31日,,,,,,163,品和亭,025,025-548-2008,,,,上越市吉川区原之町1360番地,新潟県上越市吉川区原ノ町１３６０番地,,89359,15,15222,吉川区原ノ町,2022/02/21,2022/02/22,2022/02/22,,2027/03/31,,髙橋　孝一  ,,,,,,,,,1 - 644,新規,飲食店営業,,,,163_新潟県_上越保健所_食品衛生(許可-届出)_2022年02月_末日_新規,M,76,,,品和亭025-548-20088935915222,08b08d6c-139e-4730-b8e5-c661a05a681c,,personal,b51be7cc-12b3-4e94-be83-cc7b7b8f6be2,2022/02/22,品和亭,品和亭,
法人,新規,16350,,旅館割烹宮田屋,上越市仲町２丁目５－１６,,025-523-2536,,有限会社　旅館割烹宮田屋,代表取締役　宮田　大資,上越市仲町２丁目５－１６,,025-523-2536,,,① 飲食店営業,,,1 - 616,0,0,2022年02月25日,2022年02月02日,2022年02月24日,2022年02月25日,2027年03月31日,,,,,,163,旅館割烹宮田屋,025,025-523-2536,,,,上越市仲町２丁目５－１６,新潟県上越市仲町２丁目５－１６,,88718,15,15222,仲町２,2022/02/02,2022/02/25,2022/02/25,,2027/03/31,有限会社　旅館割烹宮田屋, 代表取締役　宮田　大資,025-523-2536,上越市仲町２丁目５－１６,新潟県上越市仲町２丁目５－１６,,88718,新潟県,上越市,仲町２,1 - 616,新規,飲食店営業,,,,163_新潟県_上越保健所_食品衛生(許可-届出)_2022年02月_末日_新規,M,76,,,旅館割烹宮田屋025-523-25368871815222,284e860a-d46b-4daa-9ce0-9cd8552e851b,有限会社旅館割烹宮田屋88718,fcd8c1c5-644d-4779-877f-514575659905,d61fed86-b018-43a5-8dda-169dcdef0d8d,2022/02/25,旅館割烹宮田屋,旅館割烹宮田屋,有限会社旅館割烹宮田屋
個人,新規,18069,,桜楽～さくらクッキングルーム,上越市五智２－７７９,,090-7237-4422,片桐　彩音,,,,,,,,① 飲食店営業,,,1 - 645,0,0,2022年02月25日,2022年02月21日,2022年02月24日,2022年02月25日,2027年05月31日,,,,,,163,桜楽～さくらクッキングルーム,025,090-7237-4422,,,,上越市五智２－７７９,新潟県上越市五智２－７７９,,88603,15,15222,五智２,2022/02/21,2022/02/25,2022/02/25,,2027/05/31,,片桐　彩音  ,,,,,,,,,1 - 645,新規,飲食店営業,,,,163_新潟県_上越保健所_食品衛生(許可-届出)_2022年02月_末日_新規,M,76,,,桜楽さくらクッキングルム090-7237-44228860315222,2a6408a3-128f-489b-a839-61d124cc302b,,personal,cb78b285-fa74-4293-9b7b-0efec6220c4e,2022/02/25,桜楽～さくらクッキングルーム,桜楽さくらクッキングルム,
法人,新規,18068,,ローソン上越大日店,上越市大日３１,,025-522-6055,,株式会社　グラシオン,代表取締役　菊池　一,新潟県新潟市西区寺地６１１－１８,,025-265-0512,,,⑩ コンビニエンスストア,,,,0,0,,2022年02月21日,,,,,,,,,163,ローソン上越大日店,025,025-522-6055,,,,上越市大日３１,新潟県上越市大日３１,,88679,15,15222,大日,2022/02/21,,,,,株式会社　グラシオン, 代表取締役　菊池　一,025-265-0512,新潟県新潟市西区寺地６１１－１８,新潟県新潟市西区寺地６１１－１８,,84816,新潟県,新潟市西区,寺地,,新規,コンビニエンスストア,,,,163_新潟県_上越保健所_食品衛生(許可-届出)_2022年02月_末日_新規,I,58,589,5891,ロソン上越大日店025-522-60558867915222,7a55962c-167d-4b52-a990-49fb8a390b51,株式会社グラシオン84816,3b9a92b3-dfcb-4a57-9cf6-da5267851e0e,a31f61b5-2277-4990-9795-b967cf784041,2022/02/21,ローソン上越大日店,ロソン上越大日店,株式会社グラシオン
法人,新規,18061,,灯の回廊　牧深山のともしび,上越市牧区池舟２　,木草庵前,025-533-5603,,牧まちづくり実行委員会,会長　梨本　正昭,新潟県上越市牧区田島７０５－１０,,025-533-5151,,,⑥ 弁当販売業,,,,0,0,,2022年02月24日,,,,,,,,,163,灯の回廊　牧深山のともしび,025,025-533-5603,,,,上越市牧区池舟２　,新潟県上越市牧区池舟２,木草庵前,89248,15,15222,牧区池舟,2022/02/24,,,,,牧まちづくり実行委員会 ,会長　梨本　正昭,025-533-5151,新潟県上越市牧区田島７０５－１０,新潟県上越市牧区田島７０５－１０,,89271,新潟県,上越市,牧区田島,,新規,弁当販売業,,,,163_新潟県_上越保健所_食品衛生(許可-届出)_2022年02月_末日_新規,I,58,581,5811,灯の回廊牧深山のともしび025-533-56038924815222,0988742f-bfa4-4546-b8d7-a0b166e5a410,牧まちづくり実行委員会　89271,ba8bfa72-7602-44b1-b146-a53bf548aa5e,2a13103b-51e3-464d-8889-7a350a7382d3,2022/02/24,灯の回廊　牧深山のともしび,灯の回廊牧深山のともしび,牧まちづくり実行委員会　
法人,新規,18062,,灯の回廊　牧深山のともしび,上越市牧区田島７０５－１０,牧コミュニティプラザ前広場,025-533-5151,,牧まちづくり実行委員会,会長　梨本　正昭,新潟県上越市牧区田島７０５－１０,,025-533-5151,,,⑥ 弁当販売業,,,,0,0,,2022年02月24日,,,,,,,,,163,灯の回廊　牧深山のともしび,025,025-533-5151,,,,上越市牧区田島７０５－１０,新潟県上越市牧区田島７０５－１０,牧コミュニティプラザ前広場,89271,15,15222,牧区田島,2022/02/24,,,,,牧まちづくり実行委員会 ,会長　梨本　正昭,025-533-5151,新潟県上越市牧区田島７０５－１０,新潟県上越市牧区田島７０５－１０,,89271,新潟県,上越市,牧区田島,,新規,弁当販売業,,,,163_新潟県_上越保健所_食品衛生(許可-届出)_2022年02月_末日_新規,I,58,581,5811,灯の回廊牧深山のともしび025-533-51518927115222,d08c4edc-28e5-4c35-bf15-aa48b25f3a1b,牧まちづくり実行委員会　89271,ba8bfa72-7602-44b1-b146-a53bf548aa5e,88485a3e-2507-4959-b144-a02832341272,2022/02/24,灯の回廊　牧深山のともしび,灯の回廊牧深山のともしび,牧まちづくり実行委員会　
個人,新規,18080,,峯村　正文,上越市頸城区中柳町５０,,025-530-3478,峯村　正文,,,,,,,,⑨ 通信販売・訪問販売による販売業,,,,0,0,,2022年02月28日,,,,,,,,,163,峯村　正文,025,025-530-3478,,,,上越市頸城区中柳町５０,新潟県上越市頸城区中柳町５０,,89137,15,15222,頸城区中柳町,2022/02/28,,,,,,峯村　正文  ,,,,,,,,,,新規,通信販売・訪問販売による販売業,,,,163_新潟県_上越保健所_食品衛生(許可-届出)_2022年02月_末日_新規,I,61,611,,峯村正文025-530-34788913715222,43efd6cc-551d-4b67-896a-2e17d5c1c68c,,personal,0d7db7b7-f04e-4190-82df-e140e3d21d3c,2022/02/28,峯村　正文,峯村正文,
法人,新規,2819,,株式会社　杉田味噌醸造場,上越市本町４丁目３番１６号,,025-525-2512,,株式会社　　杉田味噌醸造場,代表取締役　杉田　文子,上越市本町４丁目３番１６号,,025-525-2512,,,⑬ その他の食料・飲料販売業,,,,0,0,,2022年02月10日,,,,,,,,,163,株式会社　杉田味噌醸造場,025,025-525-2512,,,,上越市本町４丁目３番１６号,新潟県上越市本町４丁目３番１６号,,88785,15,15222,本町４,2022/02/10,,,,,株式会社　　杉田味噌醸造場, 代表取締役　杉田　文子,025-525-2512,上越市本町４丁目３番１６号,新潟県上越市本町４丁目３番１６号,,88785,新潟県,上越市,本町４,,新規,食料品販売業,,,,163_新潟県_上越保健所_食品衛生(許可-届出)_2022年02月_末日_新規,I,58,581,5811,株式会社杉田味噌醸造場025-525-25128878515222,a538396d-e41d-4884-b83e-7c40b2316cfb,株式会社　杉田味噌醸造場88785,2109a0bd-de63-4531-bec5-f6bccad3dba8,32a579c6-73d0-442f-9e09-133ac0dad0bd,2022/02/10,株式会社杉田味噌醸造場,株式会社杉田味噌醸造場,株式会社　杉田味噌醸造場
個人,新規,18059,,無印良品直江津（つながる市）,上越市西本町３－８－８,直江津ショッピングセンター エルマール２F,025-520-7591,藤岡　あかね,,,,,,,,⑬ その他の食料・飲料販売業,,,,0,0,,2022年02月10日,,,,,,,,,163,無印良品直江津（つながる市）,025,025-520-7591,,,,上越市西本町３－８－８,新潟県上越市西本町３－８－８,直江津ショッピングセンター エルマール２F,88745,15,15222,西本町３,2022/02/10,,,,,,藤岡　あかね  ,,,,,,,,,,新規,食料品販売業,,,,163_新潟県_上越保健所_食品衛生(許可-届出)_2022年02月_末日_新規,I,58,581,5811,無印良品直江津つながる市025-520-75918874515222,ee157816-b203-4979-a5c4-536299b6f64d,,personal,37513ef5-d32c-4d34-8b64-f3fba36e0c84,2022/02/10,無印良品直江津（つながる市）,無印良品直江津つながる市,
法人,新規,18061,,灯の回廊　牧深山のともしび,上越市牧区池舟２　,木草庵前,025-533-5603,,牧まちづくり実行委員会,会長　梨本　正昭,新潟県上越市牧区田島７０５－１０,,025-533-5151,,,⑬ その他の食料・飲料販売業,,,,0,0,,2022年02月24日,,,,,,,,,163,灯の回廊　牧深山のともしび,025,025-533-5603,,,,上越市牧区池舟２　,新潟県上越市牧区池舟２,木草庵前,89248,15,15222,牧区池舟,2022/02/24,,,,,牧まちづくり実行委員会,会長　梨本　正昭,025-533-5151,新潟県上越市牧区田島７０５－１０,新潟県上越市牧区田島７０５－１０,,89271,新潟県,上越市,牧区田島,,新規,食料品販売業,,,,163_新潟県_上越保健所_食品衛生(許可-届出)_2022年02月_末日_新規,I,58,581,5811,灯の回廊牧深山のともしび025-533-56038924815222,0988742f-bfa4-4546-b8d7-a0b166e5a410,牧まちづくり実行委員会89271,ba8bfa72-7602-44b1-b146-a53bf548aa5e,9aa6db34-958d-4e6e-a2ea-41e7efd90b9d,2022/02/24,灯の回廊　牧深山のともしび,灯の回廊牧深山のともしび,牧まちづくり実行委員会
法人,新規,18062,,灯の回廊　牧深山のともしび,上越市牧区田島７０５－１０,牧コミュニティプラザ前広場,025-533-5151,,牧まちづくり実行委員会,会長　梨本　正昭,新潟県上越市牧区田島７０５－１０,,025-533-5151,,,⑬ その他の食料・飲料販売業,,,,0,0,,2022年02月24日,,,,,,,,,163,灯の回廊　牧深山のともしび,025,025-533-5151,,,,上越市牧区田島７０５－１０,新潟県上越市牧区田島７０５－１０,牧コミュニティプラザ前広場,89271,15,15222,牧区田島,2022/02/24,,,,,牧まちづくり実行委員会,会長　梨本　正昭,025-533-5151,新潟県上越市牧区田島７０５－１０,新潟県上越市牧区田島７０５－１０,,89271,新潟県,上越市,牧区田島,,新規,食料品販売業,,,,163_新潟県_上越保健所_食品衛生(許可-届出)_2022年02月_末日_新規,I,58,581,5811,灯の回廊牧深山のともしび025-533-51518927115222,d08c4edc-28e5-4c35-bf15-aa48b25f3a1b,牧まちづくり実行委員会89271,ba8bfa72-7602-44b1-b146-a53bf548aa5e,60236db3-c177-419d-ba9f-8ccfeaccd3e0,2022/02/24,灯の回廊　牧深山のともしび,灯の回廊牧深山のともしび,牧まちづくり実行委員会
個人,新規,18072,,a.ha.akane,上越市、妙高市、糸魚川市一円,,,藤岡　あかね,,,,,,,,⑬ その他の食料・飲料販売業,,,,0,0,,2022年02月21日,,,,,,,,,163,a.ha.akane,,,,,,上越市、妙高市、糸魚川市一円,新潟県上越市、妙高市、糸魚川市一円,,88465,15,15222,,2022/02/21,,,,,,藤岡　あかね  ,,,,,,,,,,新規,食料品販売業,,,,163_新潟県_上越保健所_食品衛生(許可-届出)_2022年02月_末日_新規,I,58,581,5811,ａｈａａｋａｎｅ8846515222,0e8c2227-fdfb-4aaa-89a7-02a402966179,,personal,ecb734e5-f75a-40e6-bfd7-482d4c039e9a,2022/02/21,ａ．ｈａ．ａｋａｎｅ,ａｈａａｋａｎｅ,
個人,新規,18060,,恵國商店,上越市中郷区藤沢１０６２－１,,090-1841-1031,小島　國夫,,,,,,,,㉔ その他の食料品製造・加工業,,,,0,0,,2022年02月10日,,,,,,,,,163,恵國商店,0255,090-1841-1031,,,,上越市中郷区藤沢１０６２－１,新潟県上越市中郷区藤沢１０６２－１,,89219,15,15222,中郷区藤沢,2022/02/10,,,,,,小島　國夫  ,,,,,,,,,,新規,その他の食料品製造・加工業,,,,163_新潟県_上越保健所_食品衛生(許可-届出)_2022年02月_末日_新規,E,9,99,,恵國商店090-1841-10318921915222,6923b223-9bd3-4a83-9016-a3ed7c3ac7c4,,personal,1126c862-dd33-4867-8bc8-736f0e228995,2022/02/10,恵國商店,恵國商店,
個人,新規,18080,,峯村　正文,上越市頸城区中柳町５０,,025-530-3478,峯村　正文,,,,,,,,㉔ その他の食料品製造・加工業,,,,0,0,,2022年02月28日,,,,,,,,,163,峯村　正文,025,025-530-3478,,,,上越市頸城区中柳町５０,新潟県上越市頸城区中柳町５０,,89137,15,15222,頸城区中柳町,2022/02/28,,,,,,峯村　正文  ,,,,,,,,,,新規,その他の食料品製造・加工業,,,,163_新潟県_上越保健所_食品衛生(許可-届出)_2022年02月_末日_新規,E,9,99,,峯村正文025-530-34788913715222,43efd6cc-551d-4b67-896a-2e17d5c1c68c,,personal,e8639312-a1cc-46a6-ac7a-abc936917bee,2022/02/28,峯村　正文,峯村正文,
個人,新規,18081,,いも野郎,上越市寺町２丁目１８－５,,080-1221-8383,佐藤　大輔,,,,,,,,㉔ その他の食料品製造・加工業,,,,0,0,,2022年02月25日,,,,,,,,,163,いも野郎,025,080-1221-8383,,,,上越市寺町２丁目１８－５,新潟県上越市寺町２丁目１８－５,,88697,15,15222,寺町２,2022/02/25,,,,,,佐藤　大輔  ,,,,,,,,,,新規,その他の食料品製造・加工業,,,,163_新潟県_上越保健所_食品衛生(許可-届出)_2022年02月_末日_新規,E,9,99,,いも野郎080-1221-83838869715222,8f21af75-1235-4fe0-87a6-a9077d0f1d19,,personal,ee24e2d9-baf5-4285-9806-0b3683d240f6,2022/02/25,いも野郎,いも野郎,
法人,新規,18053,,新潟労災病院,上越市東雲町１丁目７番１２号,,025-543-3123,,独立行政法人　労働者健康安全機構,理事長　有賀　徹,神奈川県川崎市中原区木月住吉町１番1号,,044-431-8600,,,㉖ 集団給食施設,,,,0,0,,2022年02月03日,,,,,,,,,163,新潟労災病院,025,025-543-3123,,,,上越市東雲町１丁目７番１２号,新潟県上越市東雲町１丁目７番１２号,,88699,15,15222,東雲町１,2022/02/03,,,,,独立行政法人　労働者健康安全機構, 理事長　有賀　徹,044-431-8600,神奈川県川崎市中原区木月住吉町１番1号,神奈川県川崎市中原区木月住吉町１番１号,,80140,神奈川県,川崎市中原区,木月住吉町,,新規,給食施設,,,,163_新潟県_上越保健所_食品衛生(許可-届出)_2022年02月_末日_新規,M,77,,,新潟労災病院025-543-31238869915222,f11e159a-d2d9-4b4c-9662-f144479dd401,独立行政法人労働者健康安全機構80140,647cbe18-6762-4078-b33e-547fbd9ccdf6,e71dce91-d7f9-4a8e-b5c4-8bc323c70848,2022/02/03,新潟労災病院,新潟労災病院,独立行政法人労働者健康安全機構