,,,,,,,,,,,,,,,,,,,,,,,,,,,,,,,,,,,,,,,,,,,,,,,,,,,,,,,,,,,,,,,,,,,,,,,,,,,,,,,,,,,,,
,n処理終了,,,,,,,,,,,,,,,,,,,,,,,,,,,,n10_company_name_maintenance,完了,,,,,,,,,,,,,,,,,,,,,,,,,,,,,,,,,,,,,,,,,,,,,,,,,,,,,,,
,,申請者1,申請者2,,申請-住所1,申請-住所2,申請-住所3,申請-住所4,,申請-電話番号1,施設名,施設名のフリガナ,施設の郵便番号,施設-住所1,施設-住所2,施設-住所3,施設-住所4,施設-マンション名,施設-電話番号1,業種,業態,申請年月日,確認番号,開業年月日,許可年月日,許可期間開始日,許可期間終了日,その他,ここまで,,,,,,,,,,,,,,,,,,,,,,,,,,,,,,,,,,,,,,,,,,,,,,,,,,,,,,,,
利用者管理ID,営業施設ID,氏名（法人の場合は法人名）（申請・届出者）,法人の代表者の氏名（申請・届出者）,郵便番号（申請・届出者）,都道府県（申請・届出者）,市区町村（申請・届出者）,町域（申請・届出者）,番地等（申請・届出者）,マンション名等（申請・届出者）,電話番号（申請・届出者）,営業施設名称、屋号又は商号,営業施設名称、屋号又は商号フリガナ,郵便番号（営業施設）,都道府県（営業施設）,市区町村（営業施設）,町域（営業施設）,番地等（営業施設）,マンション名等（営業施設）,電話番号（営業施設）,営業の種類,業態,申請・届出年月日,許可番号,初回許可年月日,許可年月日,許可開始日,許可満了日,許可条件,,管轄保健所,名称,市外局番,電話番号,施設の郵便番号,緯度,経度,施設の住所（元住所）,施設の住所（整備）,施設マンション名,施設-住所コード,施設-都道府県,施設-郡・政令市・市区町村名,施設-大字名・字名,申請年月日,開業年月日,許可年月日,許可期間開始日,許可期間終了日,申請法人,申請者氏名(個人名),申請者（開設者）の電話番号,申請者の住所（元住所）,申請者の住所（整備）,申請マンション名,申請-住所コード,申請-都道府県,申請-郡・政令市・市区町村名,申請-大字名・字名,確認番号,申請区分,業種,業態,その他,法人番号,シート名,産業分類大,産業分類中,産業分類小,産業分類詳細,facility_idを識別するための文字列,店舗コード,company_idを識別するための文字列,法人コード,ライセンスコード,検索用日付,整備名称,整備名称2,整備申請法人,チェーン店名,重複確認,店舗業種(大),店舗業種(中),店舗業種(小),店舗業種(詳細),施設名のフリガナ
fBiz0000039334,1,岩手県,小原勝,0200023,岩手県,盛岡市,内丸,11番1号,,0196296311,岩手県立二戸病院,イワテケンリツニノヘビョウイン,0286193,岩手県,二戸市,堀野,字大川原毛38番地２,,0195232191,㉖ 集団給食施設,集団給食施設,2021/6/28,,,2021/7/2,,,,,二戸保健所,岩手県立二戸病院,0195,0195-23-2191,0286193,,,岩手県　二戸市　堀野　字大川原毛38番地２,岩手県二戸市堀野字大川原毛３８番地２,,34224,岩手県,二戸市,堀野,2021/06/28,,2021/07/02,,,岩手県,小原勝,019-629-6311,岩手県　盛岡市　内丸　11番1号,岩手県盛岡市内丸１１番１号,,29083,岩手県,盛岡市,内丸,,,給食施設, 集団給食施設,,,048_岩手県_二戸保健所_食品衛生(許可-届出)_2022年07月_末日_新規,宿泊業，飲食サービス業,持ち帰り・配達飲食サービス業,,,,,,,,,岩手県立二戸病院,岩手県立二戸病院,岩手県,,1,,,,,イワテケンリツニノヘビョウイン
fBiz0000014998,25,株式会社ユニバース,三浦建彦,0391185,青森県,八戸市,大字長苗代,字前田83-1,,0178211888,ユニバース二戸堀野店,ユニバースニノヘホリノテン,0286105,岩手県,二戸市,堀野字大谷地,39,,0195223270,⑪ 百貨店、総合スーパー,,2021/7/5,,,2021/7/12,,,,,二戸保健所,ユニバース二戸堀野店,0195,0195-22-3270,0286105,,,岩手県　二戸市　堀野字大谷地　39,岩手県二戸市堀野字大谷地３９,,34224,岩手県,二戸市,堀野,2021/07/05,,2021/07/12,,,株式会社ユニバース,三浦建彦,0178-21-1888,青森県　八戸市　大字長苗代　字前田83-1,青森県八戸市長苗代字前田８３－１,,26226,青森県,八戸市,長苗代,,,百貨店、総合スーパー,,,,048_岩手県_二戸保健所_食品衛生(許可-届出)_2022年07月_末日_新規,卸売業，小売業,各種商品小売業,百貨店，総合スーパー,百貨店，総合スーパー,,,,,,,ユニバース二戸堀野店,ユニバス二戸堀野店,株式会社ユニバース,,1,,,,,ユニバースニノヘホリノテン
fBiz0000017991,1,株式会社夢実耕望,久保田史,0286902,岩手県,二戸市,浄法寺町明神沢５６番地２,,,0195391104,株式会社夢実耕望,カブシキガイシャユメミコウボウ,0286902,岩手県,二戸市,浄法寺町明神沢,56番地2,,0195391104,⑮ いわゆる健康食品の製造・加工業,,2021/8/6,,,2021/8/10,,,,,二戸保健所,株式会社夢実耕望,0195,0195-39-1104,0286902,,,岩手県　二戸市　浄法寺町明神沢　56番地2,岩手県二戸市浄法寺町明神沢５６番地２,,34386,岩手県,二戸市,浄法寺町明神沢,2021/08/06,,2021/08/10,,,株式会社夢実耕望,久保田史,0195-39-1104,岩手県　二戸市　浄法寺町明神沢５６番地２　,岩手県二戸市浄法寺町明神沢５６番地２,,34386,岩手県,二戸市,浄法寺町明神沢,,,その他の食料品製造・加工業,,,,048_岩手県_二戸保健所_食品衛生(許可-届出)_2022年07月_末日_新規,製造業,食料品製造業,その他の食料品製造業,,,,,,,,株式会社夢実耕望,株式会社夢実耕望,株式会社夢実耕望,,1,,,,,カブシキガイシャユメミコウボウ
fBiz0000065343,2,有限会社志賀煎餅,足立裕,0286105,岩手県,二戸市,堀野字長瀬５７番地１,,,0195-23-4231,有限会社志賀煎餅,ユウゲンガイシャシガセンベイ,0286105,岩手県,二戸市,堀野字長瀬,57-1,,,⑦ 野菜果物販売業,,2021/8/13,,,2021/8/20,,,,,二戸保健所,有限会社志賀煎餅,0195,,0286105,,,岩手県　二戸市　堀野字長瀬　57-1,岩手県二戸市堀野字長瀬５７－１,,34224,岩手県,二戸市,堀野,2021/08/13,,2021/08/20,,,有限会社志賀煎餅,足立裕,0195-23-4231,岩手県　二戸市　堀野字長瀬５７番地１　,岩手県二戸市堀野字長瀬５７番地１,,34224,岩手県,二戸市,堀野,,,野菜果物販売業,,,,048_岩手県_二戸保健所_食品衛生(許可-届出)_2022年07月_末日_新規,卸売業，小売業,飲食料品小売業,野菜・果実小売業,,,,,,,,有限会社志賀煎餅,有限会社志賀煎餅,有限会社志賀煎餅,,1,,,,,ユウゲンガイシャシガセンベイ
fBiz0000073082,2,高森栄,,0286977,岩手県,二戸市,浄法寺町駒ケ嶺,１－２１,,,高森商店,タカモリショウテン,0286977,岩手県,二戸市,浄法寺町駒ケ嶺,1-21,,0195-38-3636,① 魚介類販売業（包装済みの魚介類のみの販売）,,2021/8/24,,,2021/8/24,,,,,二戸保健所,高森商店,0195,0195-38-3636,0286977,,,岩手県　二戸市　浄法寺町駒ケ嶺　1-21,岩手県二戸市浄法寺町駒が嶺１－２１,,34302,岩手県,二戸市,浄法寺町駒が嶺,2021/08/24,,2021/08/24,,,,,,,,,,,,,,,魚介類販売業,,,,048_岩手県_二戸保健所_食品衛生(許可-届出)_2022年07月_末日_新規,卸売業，小売業,飲食料品小売業,,,,,,,,,高森商店,高森商店,,,2,,,,,タカモリショウテン
fBiz0000081323,1,株式会社馬場園芸,馬場淳,0286864,岩手県,二戸市,浄法寺町門前向,49番地6,,0195-43-3851,株式会社馬場園芸加工場,カブシキガイシャババエンゲイカコウジョウ,0286851,岩手県,二戸市,浄法寺町小池,60番地2,,0195-43-3851,③ 乳類販売業,,2021/8/24,,,2022/5/20,,,,,二戸保健所,株式会社馬場園芸加工場,0195,0195-43-3851,0286851,,,岩手県　二戸市　浄法寺町小池　60番地2,岩手県二戸市浄法寺町小池６０番地２,,34296,岩手県,二戸市,浄法寺町小池,2021/08/24,,2022/05/20,,,株式会社馬場園芸,馬場淳,0195-43-3851,岩手県　二戸市　浄法寺町門前向　49番地6,岩手県二戸市浄法寺町門前向４９番地６,,34392,岩手県,二戸市,浄法寺町門前向,,,乳類販売業,,,,048_岩手県_二戸保健所_食品衛生(許可-届出)_2022年07月_末日_新規,卸売業，小売業,飲食料品小売業,,,,,,,,,株式会社馬場園芸加工場,株式会社馬場園芸加工場,株式会社馬場園芸,,3,,,,,カブシキガイシャババエンゲイカコウジョウ
fBiz0000081323,1,株式会社馬場園芸,馬場淳,0286864,岩手県,二戸市,浄法寺町門前向,49番地6,,0195-43-3851,株式会社馬場園芸加工場,カブシキガイシャババエンゲイカコウジョウ,0286851,岩手県,二戸市,浄法寺町小池,60番地2,,0195-43-3851,㉔ その他の食料品製造・加工業,,2021/8/24,,,2022/5/20,,,,,二戸保健所,株式会社馬場園芸加工場,0195,0195-43-3851,0286851,,,岩手県　二戸市　浄法寺町小池　60番地2,岩手県二戸市浄法寺町小池６０番地２,,34296,岩手県,二戸市,浄法寺町小池,2021/08/24,,2022/05/20,,,株式会社馬場園芸,馬場淳,0195-43-3851,岩手県　二戸市　浄法寺町門前向　49番地6,岩手県二戸市浄法寺町門前向４９番地６,,34392,岩手県,二戸市,浄法寺町門前向,,,その他の食料品製造・加工業,,,,048_岩手県_二戸保健所_食品衛生(許可-届出)_2022年07月_末日_新規,製造業,食料品製造業,その他の食料品製造業,,,,,,,,株式会社馬場園芸加工場,株式会社馬場園芸加工場,株式会社馬場園芸,,3,,,,,カブシキガイシャババエンゲイカコウジョウ
fBiz0000084908,1,稲荷慶輔,,0285301,岩手県,二戸郡一戸町,西法寺字稲荷,21-8,,,稲荷商店,イナリショウテン,0285301,岩手県,二戸郡一戸町,西法寺字稲荷,21-8,,0195-32-2021,② 食肉販売業（包装済みの食肉のみの販売）,,2021/8/29,,,2021/8/29,,,,,二戸保健所,稲荷商店,0195,0195-32-2021,0285301,,,岩手県　二戸郡一戸町　西法寺字稲荷　21-8,岩手県二戸郡一戸町西法寺字稲荷２１－８,,37594,岩手県,二戸郡一戸町,西法寺,2021/08/29,,2021/08/29,,,,,,,,,,,,,,,食肉販売業,,,,048_岩手県_二戸保健所_食品衛生(許可-届出)_2022年07月_末日_新規,卸売業，小売業,飲食料品小売業,食肉小売業,,,,,,,,稲荷商店,稲荷商店,,,2,,,,,イナリショウテン
fBiz0000084908,1,稲荷慶輔,,0285301,岩手県,二戸郡一戸町,西法寺字稲荷,21-8,,,稲荷商店,イナリショウテン,0285301,岩手県,二戸郡一戸町,西法寺字稲荷,21-8,,0195-32-2021,③ 乳類販売業,,2021/8/29,,,2021/8/29,,,,,二戸保健所,稲荷商店,0195,0195-32-2021,0285301,,,岩手県　二戸郡一戸町　西法寺字稲荷　21-8,岩手県二戸郡一戸町西法寺字稲荷２１－８,,37594,岩手県,二戸郡一戸町,西法寺,2021/08/29,,2021/08/29,,,,,,,,,,,,,,,乳類販売業,,,,048_岩手県_二戸保健所_食品衛生(許可-届出)_2022年07月_末日_新規,卸売業，小売業,飲食料品小売業,,,,,,,,,稲荷商店,稲荷商店,,,2,,,,,イナリショウテン
fBiz0000092009,1,尻谷富蔵,,0286101,岩手県,二戸市,福岡字橋場,11番地39,,,ローソン岩手軽米店,ローソンイワテカルマイテン,0286221,岩手県,九戸郡軽米町,大字晴山22字皀角子久保,40-6,,0195-47-1563,⑩ コンビニエンスストア,,2021/9/8,,,2021/9/9,,,,,二戸保健所,ローソン岩手軽米店,0195,0195-47-1563,0286221,,,岩手県　九戸郡軽米町　大字晴山22字皀角子久保　40-6,岩手県九戸郡軽米町晴山２２字皀角子久保４０－６,,36955,岩手県,九戸郡軽米町,晴山,2021/09/08,,2021/09/09,,,,,,,,,,,,,,,コンビニエンスストア,,,,048_岩手県_二戸保健所_食品衛生(許可-届出)_2022年07月_末日_新規,卸売業，小売業,飲食料品小売業,その他の飲食料品小売業,コンビニエンスストア（飲食料品を中心とするものに限る）,,,,,,,ローソン岩手軽米店,ロソン岩手軽米店,,ローソン,2,卸売業，小売業,飲食料品小売業,その他の飲食料品小売業,コンビニエンスストア（飲食料品を中心とするものに限る）,ローソンイワテカルマイテン
fBiz0000109876,2,テーオー食品株式会社,高橋征一,,東京都,豊島区,南長崎１丁目２番４号,,,03-3952-1381,テーオー食品株式会社　岩手工場,テーオーショクヒンカブシキガイシャイワテコウジョウ,0286505,岩手県,九戸郡九戸村,江刺家,20-20-15,,0195-42-3511,⑱ 調味料製造・加工業,,2021/10/25,,,2021/10/26,,,,,二戸保健所,テーオー食品株式会社　岩手工場,0195,0195-42-3511,0286505,,,岩手県　九戸郡九戸村　江刺家　20-20-15,岩手県九戸郡九戸村江刺家２０－２０－１５,,37050,岩手県,九戸郡九戸村,江刺家,2021/10/25,,2021/10/26,,,テーオー食品株式会社,高橋征一,03-3952-1381,東京都　豊島区　南長崎１丁目２番４号　,東京都豊島区南長崎１丁目２番４号,,74842,東京都,豊島区,南長崎１,,,調味料製造・加工業,,,,048_岩手県_二戸保健所_食品衛生(許可-届出)_2022年07月_末日_新規,製造業,食料品製造業,調味料製造業,,,,,,,,テーオー食品株式会社岩手工場,テオ食品株式会社岩手工場,テーオー食品株式会社,,3,,,,,テーオーショクヒンカブシキガイシャイワテコウジョウ
fBiz0000127630,1,株式会社二戸食品,木村弘志,0360201,青森県,平川市,李平西豊田２７番地１,,,0172-57-2731,株式会社二戸食品,ニノヘショクヒン,0286105,岩手県,二戸市,堀野大畑,５１,,0195-43-3026,⑰ 農産保存食料品製造・加工業,,2021/10/26,,,2021/11/1,,,,,二戸保健所,株式会社二戸食品,0195,0195-43-3026,0286105,,,岩手県　二戸市　堀野大畑　５１,岩手県二戸市堀野大畑５１,,34224,岩手県,二戸市,堀野,2021/10/26,,2021/11/01,,,株式会社二戸食品,木村弘志,0172-57-2731,青森県　平川市　李平西豊田２７番地１　,青森県平川市李平西豊田２７番地１,,28311,青森県,平川市,李平西豊田,,,農産保存食料品製造・加工業,,,,048_岩手県_二戸保健所_食品衛生(許可-届出)_2022年07月_末日_新規,製造業,食料品製造業,野菜缶詰・果実缶詰・農産保存食料品製造業,,,,,,,,株式会社二戸食品,株式会社二戸食品,株式会社二戸食品,,2,,,,,ニノヘショクヒン
fBiz0000021961,113,ＤＣＭニコット株式会社,上田常世,0040053,北海道,札幌市厚別区,厚別中央三条２丁目１番４０号,,,011-802-3010,ホーマックニコット　九戸店,ホーマックニコット　クノヘテン,0286503,岩手県,九戸郡九戸村,小倉第７地割,１２－４,,0195-41-1170,⑬ その他の食料・飲料販売業,,2021/10/28,,,2021/11/1,,,,,二戸保健所,ホーマックニコット　九戸店,0195,0195-41-1170,0286503,,,岩手県　九戸郡九戸村　小倉第７地割　１２－４,岩手県九戸郡九戸村小倉第７地割１２－４,,37124,岩手県,九戸郡九戸村,小倉第７地割,2021/10/28,,2021/11/01,,,ＤＣＭニコット株式会社,上田常世,011-802-3010,北海道　札幌市厚別区　厚別中央三条２丁目１番４０号　,北海道札幌市厚別区厚別中央三条２丁目１番４０号,,5297,北海道,札幌市厚別区,厚別中央三条２,,,食料品販売業,,,,048_岩手県_二戸保健所_食品衛生(許可-届出)_2022年07月_末日_新規,卸売業，小売業,飲食料品小売業,各種食料品小売業,各種食料品小売業,,,,,,,ホーマックニコット　九戸店,ホマックニコット九戸店,ＤＣＭニコット株式会社,,1,,,,,ホーマックニコット　クノヘテン
fBiz0000132945,1,久保愛子,,0285133,岩手県,二戸郡一戸町,中山字上家向,13-70,,,手作り工房　あい,テヅクリコウボウ　アイ,0285133,岩手県,二戸郡一戸町,中山字上家向,13-70,,0195-35-2862,⑰ 農産保存食料品製造・加工業,,2021/11/1,,,2021/11/1,,,,,二戸保健所,手作り工房　あい,0195,0195-35-2862,0285133,,,岩手県　二戸郡一戸町　中山字上家向　13-70,岩手県二戸郡一戸町中山字上家向１３－７０,,37598,岩手県,二戸郡一戸町,中山,2021/11/01,,2021/11/01,,,,,,,,,,,,,,,農産保存食料品製造・加工業,,,,048_岩手県_二戸保健所_食品衛生(許可-届出)_2022年07月_末日_新規,製造業,食料品製造業,野菜缶詰・果実缶詰・農産保存食料品製造業,,,,,,,,手作り工房　あい,手作り工房あい,,,2,,,,,テヅクリコウボウ　アイ
fBiz0000132945,2,久保愛子,,0285133,岩手県,二戸郡一戸町,中山字上家向,13-70,,,手作り工房　あい,テヅクリコウボウ　アイ,0285133,岩手県,二戸郡一戸町,中山字上家向,13-70,,0195-35-2862,㉑ 製茶業,,2021/11/11,,,2021/11/11,,,,,二戸保健所,手作り工房　あい,0195,0195-35-2862,0285133,,,岩手県　二戸郡一戸町　中山字上家向　13-70,岩手県二戸郡一戸町中山字上家向１３－７０,,37598,岩手県,二戸郡一戸町,中山,2021/11/11,,2021/11/11,,,,,,,,,,,,,,,製茶業,,,,048_岩手県_二戸保健所_食品衛生(許可-届出)_2022年07月_末日_新規,製造業,飲料・たばこ・飼料製造業,茶・コーヒー製造業（清涼飲料を除く）,製茶業,,,,,,,手作り工房　あい,手作り工房あい,,,2,,,,,テヅクリコウボウ　アイ
fBiz0000146158,1,大尻昌欣,,0285711,岩手県,二戸市,金田一字馬場,91-4,,,ファミリーマート二戸米沢店,ファミリーマートニノヘマイサワテン,0286104,岩手県,二戸市,米沢字下村,136番1,,0195-22-5156,⑩ コンビニエンスストア,,2021/11/15,,,2021/11/15,,,,,二戸保健所,ファミリーマート二戸米沢店,0195,0195-22-5156,0286104,,,岩手県　二戸市　米沢字下村　136番1,岩手県二戸市米沢字下村１３６番１,,34225,岩手県,二戸市,米沢,2021/11/15,,2021/11/15,,,,,,,,,,,,,,,コンビニエンスストア,,,,048_岩手県_二戸保健所_食品衛生(許可-届出)_2022年07月_末日_新規,卸売業，小売業,飲食料品小売業,その他の飲食料品小売業,コンビニエンスストア（飲食料品を中心とするものに限る）,,,,,,,ファミリーマート二戸米沢店,ファミリマト二戸米沢店,,ファミリーマート,1,卸売業，小売業,飲食料品小売業,その他の飲食料品小売業,コンビニエンスストア（飲食料品を中心とするものに限る）,ファミリーマートニノヘマイサワテン
fBiz0000146336,1,八戸健吉,,0285134,岩手県,二戸郡一戸町,奥中山字西田子,1190-9,,,サラダボウル・こずや,サラダボウル・コズヤ,0285221,岩手県,二戸郡一戸町,小鳥谷字道地,43-1,,0195-34-2040,⑦ 野菜果物販売業,,2021/11/15,,,2021/11/15,,,,,二戸保健所,サラダボウル・こずや,0195,0195-34-2040,0285221,,,岩手県　二戸郡一戸町　小鳥谷字道地　43-1,岩手県二戸郡一戸町小鳥谷字道地４３－１,,37593,岩手県,二戸郡一戸町,小鳥谷,2021/11/15,,2021/11/15,,,,,,,,,,,,,,,野菜果物販売業,,,,048_岩手県_二戸保健所_食品衛生(許可-届出)_2022年07月_末日_新規,卸売業，小売業,飲食料品小売業,野菜・果実小売業,,,,,,,,サラダボウル・こずや,サラダボウルこずや,,,3,,,,,サラダボウル・コズヤ
fBiz0000146336,1,八戸健吉,,0285134,岩手県,二戸郡一戸町,奥中山字西田子,1190-9,,,サラダボウル・こずや,サラダボウル・コズヤ,0285221,岩手県,二戸郡一戸町,小鳥谷字道地,43-1,,0195-34-2040,⑧ 米穀類販売業,,2021/11/15,,,2021/11/15,,,,,二戸保健所,サラダボウル・こずや,0195,0195-34-2040,0285221,,,岩手県　二戸郡一戸町　小鳥谷字道地　43-1,岩手県二戸郡一戸町小鳥谷字道地４３－１,,37593,岩手県,二戸郡一戸町,小鳥谷,2021/11/15,,2021/11/15,,,,,,,,,,,,,,,米穀類販売業,,,,048_岩手県_二戸保健所_食品衛生(許可-届出)_2022年07月_末日_新規,卸売業，小売業,飲食料品小売業,その他の飲食料品小売業,米穀類小売業,,,,,,,サラダボウル・こずや,サラダボウルこずや,,,3,,,,,サラダボウル・コズヤ
fBiz0000146336,1,八戸健吉,,0285134,岩手県,二戸郡一戸町,奥中山字西田子,1190-9,,,サラダボウル・こずや,サラダボウル・コズヤ,0285221,岩手県,二戸郡一戸町,小鳥谷字道地,43-1,,0195-34-2040,⑬ その他の食料・飲料販売業,,2021/11/15,,,2021/11/15,,,,,二戸保健所,サラダボウル・こずや,0195,0195-34-2040,0285221,,,岩手県　二戸郡一戸町　小鳥谷字道地　43-1,岩手県二戸郡一戸町小鳥谷字道地４３－１,,37593,岩手県,二戸郡一戸町,小鳥谷,2021/11/15,,2021/11/15,,,,,,,,,,,,,,,食料品販売業,,,,048_岩手県_二戸保健所_食品衛生(許可-届出)_2022年07月_末日_新規,卸売業，小売業,飲食料品小売業,各種食料品小売業,各種食料品小売業,,,,,,,サラダボウル・こずや,サラダボウルこずや,,,3,,,,,サラダボウル・コズヤ
fBiz0000146582,1,有限会社章月,宮永裕司,0286101,岩手県,二戸市,福岡字八幡下,59-3,,0195-23-2457,有限会社章月,ユウゲンガイシャショウゲツ,0286101,岩手県,二戸市,福岡字八幡下,59-3,,0195-23-2457,⑬ その他の食料・飲料販売業,,2021/11/15,,,2021/11/15,,,,,二戸保健所,有限会社章月,0195,0195-23-2457,0286101,,,岩手県　二戸市　福岡字八幡下　59-3,岩手県二戸市福岡字八幡下５９－３,,34222,岩手県,二戸市,福岡,2021/11/15,,2021/11/15,,,有限会社章月,宮永裕司,0195-23-2457,岩手県　二戸市　福岡字八幡下　59-3,岩手県二戸市福岡字八幡下５９－３,,34222,岩手県,二戸市,福岡,,,食料品販売業,,,,048_岩手県_二戸保健所_食品衛生(許可-届出)_2022年07月_末日_新規,卸売業，小売業,飲食料品小売業,各種食料品小売業,各種食料品小売業,,,,,,,有限会社章月,有限会社章月,有限会社章月,,1,,,,,ユウゲンガイシャショウゲツ
fBiz0000150725,1,株式会社ミブ,壬生寛之,0310111,青森県,八戸市,南郷大字市野沢字市野沢,1番地1,,0178-82-2026,ローソン二戸堀野店,ローソンニノヘホリノテン,0286105,岩手県,二戸市,堀野字長地,73-1,,0195-23-4816,⑩ コンビニエンスストア,コンビニエンスストア,2021/11/17,,,2021/11/17,,,,,二戸保健所,ローソン二戸堀野店,0195,0195-23-4816,0286105,,,岩手県　二戸市　堀野字長地　73-1,岩手県二戸市堀野字長地７３－１,,34224,岩手県,二戸市,堀野,2021/11/17,,2021/11/17,,,株式会社ミブ,壬生寛之,0178-82-2026,青森県　八戸市　南郷大字市野沢字市野沢　1番地1,青森県八戸市南郷市野沢字市野沢１番地１,,26359,青森県,八戸市,南郷市野沢,,,コンビニエンスストア, コンビニエンスストア,,,048_岩手県_二戸保健所_食品衛生(許可-届出)_2022年07月_末日_新規,卸売業，小売業,飲食料品小売業,その他の飲食料品小売業,コンビニエンスストア（飲食料品を中心とするものに限る）,,,,,,,ローソン二戸堀野店,ロソン二戸堀野店,株式会社ミブ,ローソン,1,卸売業，小売業,飲食料品小売業,その他の飲食料品小売業,コンビニエンスストア（飲食料品を中心とするものに限る）,ローソンニノヘホリノテン
fBiz0000150093,1,株式会社　小松製菓,小松豊,0286103,岩手県,二戸市,石切所字台中平,35-5,,0195234315,株式会社　小松製菓,カブシキガイシャ　コマツセイカ,0286103,岩手県,二戸市,石切所字荒瀬,65-3,,0195222222,⑬ その他の食料・飲料販売業,,2021/11/18,,,2021/11/18,,,,,二戸保健所,株式会社　小松製菓,0195,0195-22-2222,0286103,,,岩手県　二戸市　石切所字荒瀬　65-3,岩手県二戸市石切所字荒瀬６５－３,,34212,岩手県,二戸市,石切所,2021/11/18,,2021/11/18,,,株式会社　小松製菓,小松豊,0195-23-4315,岩手県　二戸市　石切所字台中平　35-5,岩手県二戸市石切所字台中平３５－５,,34212,岩手県,二戸市,石切所,,,食料品販売業,,,,048_岩手県_二戸保健所_食品衛生(許可-届出)_2022年07月_末日_新規,卸売業，小売業,飲食料品小売業,各種食料品小売業,各種食料品小売業,,,,,,,株式会社小松製菓,株式会社小松製菓,株式会社小松製菓,,2,,,,,カブシキガイシャ　コマツセイカ
fBiz0000152394,1,株式会社GCファーマシー,佐々木俊,0200121,岩手県,盛岡市,月が丘1丁目,１番63号,,019-647-3888,木いちご薬局,キイチゴヤッキョク,0286103,岩手県,二戸市,石切所字森合,31,,0195-23-1539,⑬ その他の食料・飲料販売業,,2021/11/18,,,2021/11/18,,,,,二戸保健所,木いちご薬局,0195,0195-23-1539,0286103,,,岩手県　二戸市　石切所字森合　31,岩手県二戸市石切所字森合３１,,34212,岩手県,二戸市,石切所,2021/11/18,,2021/11/18,,,株式会社GCファーマシー,佐々木俊,019-647-3888,岩手県　盛岡市　月が丘1丁目　１番63号,岩手県盛岡市月が丘１丁目１番６３号,,29252,岩手県,盛岡市,月が丘１,,,食料品販売業,,,,048_岩手県_二戸保健所_食品衛生(許可-届出)_2022年07月_末日_新規,卸売業，小売業,飲食料品小売業,各種食料品小売業,各種食料品小売業,,,,,,,木いちご薬局,木いちご薬局,株式会社ＧＣファーマシー,,1,,,,,キイチゴヤッキョク
fBiz0000154134,1,下村純一,,0286612,岩手県,九戸郡九戸村,大字戸田,第3地割66番地2,,,下村商店,シタムラショウテン,0286612,岩手県,九戸郡九戸村,大字戸田,第3地割66番地2,,0195-43-2704,⑬ その他の食料・飲料販売業,,2021/11/19,,,2021/11/19,,,,,二戸保健所,下村商店,0195,0195-43-2704,0286612,,,岩手県　九戸郡九戸村　大字戸田　第3地割66番地2,岩手県九戸郡九戸村戸田第３地割６６番地２,,37322,岩手県,九戸郡九戸村,戸田第３地割,2021/11/19,,2021/11/19,,,,,,,,,,,,,,,食料品販売業,,,,048_岩手県_二戸保健所_食品衛生(許可-届出)_2022年07月_末日_新規,卸売業，小売業,飲食料品小売業,各種食料品小売業,各種食料品小売業,,,,,,,下村商店,下村商店,,,1,,,,,シタムラショウテン
fBiz0000145272,2,社会福祉法人桂泉会,佐藤義輝,0285711,岩手県,二戸市,金田一字上田面,301番地1,,0195-43-3112,まんてんの里,マンテンノサト,0286106,岩手県,二戸市,仁左平字矢沢,４番地１,,0195-23-0787,㉖ 集団給食施設,,2021/11/24,,,2021/11/24,,,,,二戸保健所,まんてんの里,0195,0195-23-0787,0286106,,,岩手県　二戸市　仁左平字矢沢　４番地１,岩手県二戸市仁左平字矢沢４番地１,,34219,岩手県,二戸市,仁左平,2021/11/24,,2021/11/24,,,社会福祉法人桂泉会,佐藤義輝,0195-43-3112,岩手県　二戸市　金田一字上田面　301番地1,岩手県二戸市金田一字上田面３０１番地１,,34215,岩手県,二戸市,金田一,,,給食施設,,,,048_岩手県_二戸保健所_食品衛生(許可-届出)_2022年07月_末日_新規,宿泊業，飲食サービス業,持ち帰り・配達飲食サービス業,,,,,,,,,まんてんの里,まんてんの里,社会福祉法人桂泉会,,1,,,,,マンテンノサト
fBiz0000160791,1,有限会社かしわや薬局,小野寺正明,0286502,岩手県,九戸郡九戸村,大字伊保内,11-47-3,,0195-42-2013,有限会社かしわや薬局,ユウゲンガイシャカシワヤヤッキョク,0286502,岩手県,九戸郡九戸村,大字伊保内,11-47-3,,0195-42-2013,⑬ その他の食料・飲料販売業,,2021/11/25,,,2021/11/25,,,,,二戸保健所,有限会社かしわや薬局,0195,0195-42-2013,0286502,,,岩手県　九戸郡九戸村　大字伊保内　11-47-3,岩手県九戸郡九戸村伊保内１１－４７－３,,37049,岩手県,九戸郡九戸村,伊保内,2021/11/25,,2021/11/25,,,有限会社かしわや薬局,小野寺正明,0195-42-2013,岩手県　九戸郡九戸村　大字伊保内　11-47-3,岩手県九戸郡九戸村伊保内１１－４７－３,,37049,岩手県,九戸郡九戸村,伊保内,,,食料品販売業,,,,048_岩手県_二戸保健所_食品衛生(許可-届出)_2022年07月_末日_新規,卸売業，小売業,飲食料品小売業,各種食料品小売業,各種食料品小売業,,,,,,,有限会社かしわや薬局,有限会社かしわや薬局,有限会社かしわや薬局,,1,,,,,ユウゲンガイシャカシワヤヤッキョク
fBiz0000161537,9,本間物産株式会社,東海林　誠,9998438,山形県,飽海郡遊佐町,比子,字白木23番362,,0234753000,マルホンカウボーイ二戸店,マルホンカウボーイニノヘテン,0286105,岩手県,二戸市,堀野字長地,７２－１,,0195237521,⑪ 百貨店、総合スーパー,,2021/11/29,,,2021/11/29,,,,,二戸保健所,マルホンカウボーイ二戸店,0195,0195-23-7521,0286105,,,岩手県　二戸市　堀野字長地　７２－１,岩手県二戸市堀野字長地７２－１,,34224,岩手県,二戸市,堀野,2021/11/29,,2021/11/29,,,本間物産株式会社,東海林　誠,0234-75-3000,山形県　飽海郡遊佐町　比子　字白木23番362,山形県飽海郡遊佐町比子字白木２３番３６２,,48884,山形県,飽海郡遊佐町,比子,,,百貨店、総合スーパー,,,,048_岩手県_二戸保健所_食品衛生(許可-届出)_2022年07月_末日_新規,卸売業，小売業,各種商品小売業,百貨店，総合スーパー,百貨店，総合スーパー,,,,,,,マルホンカウボーイ二戸店,マルホンカウボイ二戸店,本間物産株式会社,,1,,,,,マルホンカウボーイニノヘテン
fBiz0000154295,18,株式会社フジタコーポレーション,遠藤大輔,0530021,北海道,苫小牧市,若草町５丁目,３－５,,0144341111,ミスタードーナツ二戸ショップ,ミスタードーナツニノヘショップ,0286105,岩手県,二戸市,堀野字長地,11-1,,0195222288,⑬ その他の食料・飲料販売業,飲食業,2021/11/30,,,2021/11/30,,,,,二戸保健所,ミスタードーナツ二戸ショップ,0195,0195-22-2288,0286105,,,岩手県　二戸市　堀野字長地　11-1,岩手県二戸市堀野字長地１１－１,,34224,岩手県,二戸市,堀野,2021/11/30,,2021/11/30,,,株式会社フジタコーポレーション,遠藤大輔,0144-34-1111,北海道　苫小牧市　若草町５丁目　３－５,北海道苫小牧市若草町５丁目３－５,,12846,北海道,苫小牧市,若草町５,,,食料品販売業, 飲食業,,,048_岩手県_二戸保健所_食品衛生(許可-届出)_2022年07月_末日_新規,卸売業，小売業,飲食料品小売業,各種食料品小売業,各種食料品小売業,,,,,,,ミスタードーナツ二戸ショップ,ミスタドナツ二戸ショップ,株式会社フジタコーポレーション,ミスタードーナツ,1,宿泊業，飲食サービス業,持ち帰り・配達飲食サービス業,持ち帰り飲食サービス業,持ち帰り飲食サービス業,ミスタードーナツニノヘショップ
fBiz0000167458,1,株式会社軽米町産業開発,山本賢一,0286221,岩手県,九戸郡軽米町,晴山,22-38-1,,0195-43-4666,ミル・みるハウス,ミル・ミルハウス,0286221,岩手県,九戸郡軽米町,晴山,22-38-1,,0195-47-1030,⑦ 野菜果物販売業,産直施設,2021/11/30,,,2021/11/30,,,,,二戸保健所,ミル・みるハウス,0195,0195-47-1030,0286221,,,岩手県　九戸郡軽米町　晴山　22-38-1,岩手県九戸郡軽米町晴山２２－３８－１,,36955,岩手県,九戸郡軽米町,晴山,2021/11/30,,2021/11/30,,,株式会社軽米町産業開発,山本賢一,0195-43-4666,岩手県　九戸郡軽米町　晴山　22-38-1,岩手県九戸郡軽米町晴山２２－３８－１,,36955,岩手県,九戸郡軽米町,晴山,,,野菜果物販売業, 産直施設,,,048_岩手県_二戸保健所_食品衛生(許可-届出)_2022年07月_末日_新規,卸売業，小売業,飲食料品小売業,野菜・果実小売業,,,,,,,,ミル・みるハウス,ミルみるハウス,株式会社軽米町産業開発,,1,,,,,ミル・ミルハウス
fBiz0000167458,2,株式会社軽米町産業開発,山本賢一,0286221,岩手県,九戸郡軽米町,晴山,22-38-1,,0195-43-4666,軽米町物産交流館,カルマイマチブッサンコウリュウカン,0286302,岩手県,九戸郡軽米町,軽米,第8地割118番地,,0195-46-4222,⑦ 野菜果物販売業,産直施設,2021/12/6,,,2021/12/6,,,,,二戸保健所,軽米町物産交流館,0195,0195-46-4222,0286302,,,岩手県　九戸郡軽米町　軽米　第8地割118番地,岩手県九戸郡軽米町軽米第８地割１１８番地,,37031,岩手県,九戸郡軽米町,軽米第８地割,2021/12/06,,2021/12/06,,,株式会社軽米町産業開発,山本賢一,0195-43-4666,岩手県　九戸郡軽米町　晴山　22-38-1,岩手県九戸郡軽米町晴山２２－３８－１,,36955,岩手県,九戸郡軽米町,晴山,,,野菜果物販売業, 産直施設,,,048_岩手県_二戸保健所_食品衛生(許可-届出)_2022年07月_末日_新規,卸売業，小売業,飲食料品小売業,野菜・果実小売業,,,,,,,,軽米町物産交流館,軽米町物産交流館,株式会社軽米町産業開発,,1,,,,,カルマイマチブッサンコウリュウカン
fBiz0000175370,1,小笠原勝雄,,0286301,岩手県,九戸郡軽米町,大字上舘,30-5-1,,,小笠原煎餅店,オガサワラセンベイテン,0286301,岩手県,九戸郡軽米町,大字上舘,30-5-1,,0195-45-2281,⑬ その他の食料・飲料販売業,,2021/12/9,,,2021/12/9,,,,,二戸保健所,小笠原煎餅店,0195,0195-45-2281,0286301,,,岩手県　九戸郡軽米町　大字上舘　30-5-1,岩手県九戸郡軽米町上館３０－５－１,,36949,岩手県,九戸郡軽米町,上館,2021/12/09,,2021/12/09,,,,,,,,,,,,,,,食料品販売業,,,,048_岩手県_二戸保健所_食品衛生(許可-届出)_2022年07月_末日_新規,卸売業，小売業,飲食料品小売業,各種食料品小売業,各種食料品小売業,,,,,,,小笠原煎餅店,小笠原煎餅店,,,1,,,,,オガサワラセンベイテン
fBiz0000038251,4,有限会社おとも,尾友元一,0286502,岩手県,九戸郡九戸村,大字伊保内,12-25,,0195-42-3151,ローソン九戸店,ローソンクノヘテン,0286502,岩手県,九戸郡九戸村,大字伊保内,12-49-2,,0195-42-3560,⑩ コンビニエンスストア,,2021/12/15,,,2021/12/15,,,,,二戸保健所,ローソン九戸店,0195,0195-42-3560,0286502,,,岩手県　九戸郡九戸村　大字伊保内　12-49-2,岩手県九戸郡九戸村伊保内１２－４９－２,,37049,岩手県,九戸郡九戸村,伊保内,2021/12/15,,2021/12/15,,,有限会社おとも,尾友元一,0195-42-3151,岩手県　九戸郡九戸村　大字伊保内　12-25,岩手県九戸郡九戸村伊保内１２－２５,,37049,岩手県,九戸郡九戸村,伊保内,,,コンビニエンスストア,,,,048_岩手県_二戸保健所_食品衛生(許可-届出)_2022年07月_末日_新規,卸売業，小売業,飲食料品小売業,その他の飲食料品小売業,コンビニエンスストア（飲食料品を中心とするものに限る）,,,,,,,ローソン九戸店,ロソン九戸店,有限会社おとも,ローソン,2,卸売業，小売業,飲食料品小売業,その他の飲食料品小売業,コンビニエンスストア（飲食料品を中心とするものに限る）,ローソンクノヘテン
fBiz0000014998,51,株式会社ユニバース,三浦建彦,0391185,青森県,八戸市,大字長苗代,字前田83-1,,0178211888,ユニバース軽米店,ユニバースカルマイテン,0286301,岩手県,九戸郡軽米町,上舘15地割,100-1,,0195463911,③ 乳類販売業,,2022/1/14,,,2022/1/18,,,,,二戸保健所,ユニバース軽米店,0195,0195-46-3911,0286301,,,岩手県　九戸郡軽米町　上舘15地割　100-1,岩手県九戸郡軽米町上館１５地割１００－１,,36949,岩手県,九戸郡軽米町,上館,2022/01/14,,2022/01/18,,,株式会社ユニバース,三浦建彦,0178-21-1888,青森県　八戸市　大字長苗代　字前田83-1,青森県八戸市長苗代字前田８３－１,,26226,青森県,八戸市,長苗代,,,乳類販売業,,,,048_岩手県_二戸保健所_食品衛生(許可-届出)_2022年07月_末日_新規,卸売業，小売業,飲食料品小売業,,,,,,,,,ユニバース軽米店,ユニバス軽米店,株式会社ユニバース,,2,,,,,ユニバースカルマイテン
fBiz0000014998,51,株式会社ユニバース,三浦建彦,0391185,青森県,八戸市,大字長苗代,字前田83-1,,0178211888,ユニバース軽米店,ユニバースカルマイテン,0286301,岩手県,九戸郡軽米町,上舘15地割,100-1,,0195463911,⑪ 百貨店、総合スーパー,,2022/1/14,,,2022/1/18,,,,,二戸保健所,ユニバース軽米店,0195,0195-46-3911,0286301,,,岩手県　九戸郡軽米町　上舘15地割　100-1,岩手県九戸郡軽米町上館１５地割１００－１,,36949,岩手県,九戸郡軽米町,上館,2022/01/14,,2022/01/18,,,株式会社ユニバース,三浦建彦,0178-21-1888,青森県　八戸市　大字長苗代　字前田83-1,青森県八戸市長苗代字前田８３－１,,26226,青森県,八戸市,長苗代,,,百貨店、総合スーパー,,,,048_岩手県_二戸保健所_食品衛生(許可-届出)_2022年07月_末日_新規,卸売業，小売業,各種商品小売業,百貨店，総合スーパー,百貨店，総合スーパー,,,,,,,ユニバース軽米店,ユニバス軽米店,株式会社ユニバース,,2,,,,,ユニバースカルマイテン
fBiz0000202413,1,小保内一総,,0285711,岩手県,二戸市,金田一字八ツ長甲,66,,,小保内魚店,オボナイギョテン,0285711,岩手県,二戸市,金田一字八ツ長甲,66,,0195-27-3155,② 食肉販売業（包装済みの食肉のみの販売）,,2022/2/17,,,2022/2/17,,,,,二戸保健所,小保内魚店,0195,0195-27-3155,0285711,,,岩手県　二戸市　金田一字八ツ長甲　66,岩手県二戸市金田一字八ツ長甲６６,,34215,岩手県,二戸市,金田一,2022/02/17,,2022/02/17,,,,,,,,,,,,,,,食肉販売業,,,,048_岩手県_二戸保健所_食品衛生(許可-届出)_2022年07月_末日_新規,卸売業，小売業,飲食料品小売業,食肉小売業,,,,,,,,小保内魚店,小保内魚店,,,4,,,,,オボナイギョテン
fBiz0000202413,1,小保内一総,,0285711,岩手県,二戸市,金田一字八ツ長甲,66,,,小保内魚店,オボナイギョテン,0285711,岩手県,二戸市,金田一字八ツ長甲,66,,0195-27-3155,③ 乳類販売業,,2022/2/17,,,2022/2/17,,,,,二戸保健所,小保内魚店,0195,0195-27-3155,0285711,,,岩手県　二戸市　金田一字八ツ長甲　66,岩手県二戸市金田一字八ツ長甲６６,,34215,岩手県,二戸市,金田一,2022/02/17,,2022/02/17,,,,,,,,,,,,,,,乳類販売業,,,,048_岩手県_二戸保健所_食品衛生(許可-届出)_2022年07月_末日_新規,卸売業，小売業,飲食料品小売業,,,,,,,,,小保内魚店,小保内魚店,,,4,,,,,オボナイギョテン
fBiz0000202413,1,小保内一総,,0285711,岩手県,二戸市,金田一字八ツ長甲,66,,,小保内魚店,オボナイギョテン,0285711,岩手県,二戸市,金田一字八ツ長甲,66,,0195-27-3155,④ 氷雪販売業,,2022/2/17,,,2022/2/17,,,,,二戸保健所,小保内魚店,0195,0195-27-3155,0285711,,,岩手県　二戸市　金田一字八ツ長甲　66,岩手県二戸市金田一字八ツ長甲６６,,34215,岩手県,二戸市,金田一,2022/02/17,,2022/02/17,,,,,,,,,,,,,,,氷雪販売業,,,,048_岩手県_二戸保健所_食品衛生(許可-届出)_2022年07月_末日_新規,卸売業，小売業,飲食料品小売業,,,,,,,,,小保内魚店,小保内魚店,,,4,,,,,オボナイギョテン
fBiz0000214345,2,菊池達人,,0286103,岩手県,二戸市,石切所字川原,28-15,,,菊池,キクチ,0286103,岩手県,二戸市,石切所字川原,28-15,,080-5555-2482,⑰ 農産保存食料品製造・加工業,,2022/3/9,,,2022/3/9,,,,,二戸保健所,菊池,0195,080-5555-2482,0286103,,,岩手県　二戸市　石切所字川原　28-15,岩手県二戸市石切所字川原２８－１５,,34212,岩手県,二戸市,石切所,2022/03/09,,2022/03/09,,,,,,,,,,,,,,,農産保存食料品製造・加工業,,,,048_岩手県_二戸保健所_食品衛生(許可-届出)_2022年07月_末日_新規,製造業,食料品製造業,野菜缶詰・果実缶詰・農産保存食料品製造業,,,,,,,,菊池,菊池,,,1,,,,,キクチ
fBiz0000215243,1,東山江波,,0285303,岩手県,二戸郡一戸町,小友字半在家,86,,,グリーンふれあい,グリーンフレアイ,0285311,岩手県,二戸郡一戸町,高善寺字大川鉢,25-4,,0195-32-3130,① 魚介類販売業（包装済みの魚介類のみの販売）,,2022/3/11,,,2022/3/11,,,,,二戸保健所,グリーンふれあい,0195,0195-32-3130,0285311,,,岩手県　二戸郡一戸町　高善寺字大川鉢　25-4,岩手県二戸郡一戸町高善寺字大川鉢２５－４,,37591,岩手県,二戸郡一戸町,高善寺,2022/03/11,,2022/03/11,,,,,,,,,,,,,,,魚介類販売業,,,,048_岩手県_二戸保健所_食品衛生(許可-届出)_2022年07月_末日_新規,卸売業，小売業,飲食料品小売業,,,,,,,,,グリーンふれあい,グリンふれあい,,,6,,,,,グリーンフレアイ
fBiz0000215243,1,東山江波,,0285303,岩手県,二戸郡一戸町,小友字半在家,86,,,グリーンふれあい,グリーンフレアイ,0285311,岩手県,二戸郡一戸町,高善寺字大川鉢,25-4,,0195-32-3130,② 食肉販売業（包装済みの食肉のみの販売）,,2022/3/11,,,2022/3/11,,,,,二戸保健所,グリーンふれあい,0195,0195-32-3130,0285311,,,岩手県　二戸郡一戸町　高善寺字大川鉢　25-4,岩手県二戸郡一戸町高善寺字大川鉢２５－４,,37591,岩手県,二戸郡一戸町,高善寺,2022/03/11,,2022/03/11,,,,,,,,,,,,,,,食肉販売業,,,,048_岩手県_二戸保健所_食品衛生(許可-届出)_2022年07月_末日_新規,卸売業，小売業,飲食料品小売業,食肉小売業,,,,,,,,グリーンふれあい,グリンふれあい,,,6,,,,,グリーンフレアイ
fBiz0000215243,1,東山江波,,0285303,岩手県,二戸郡一戸町,小友字半在家,86,,,グリーンふれあい,グリーンフレアイ,0285311,岩手県,二戸郡一戸町,高善寺字大川鉢,25-4,,0195-32-3130,③ 乳類販売業,,2022/3/11,,,2022/3/11,,,,,二戸保健所,グリーンふれあい,0195,0195-32-3130,0285311,,,岩手県　二戸郡一戸町　高善寺字大川鉢　25-4,岩手県二戸郡一戸町高善寺字大川鉢２５－４,,37591,岩手県,二戸郡一戸町,高善寺,2022/03/11,,2022/03/11,,,,,,,,,,,,,,,乳類販売業,,,,048_岩手県_二戸保健所_食品衛生(許可-届出)_2022年07月_末日_新規,卸売業，小売業,飲食料品小売業,,,,,,,,,グリーンふれあい,グリンふれあい,,,6,,,,,グリーンフレアイ
fBiz0000215243,1,東山江波,,0285303,岩手県,二戸郡一戸町,小友字半在家,86,,,グリーンふれあい,グリーンフレアイ,0285311,岩手県,二戸郡一戸町,高善寺字大川鉢,25-4,,0195-32-3130,⑦ 野菜果物販売業,,2022/3/11,,,2022/3/11,,,,,二戸保健所,グリーンふれあい,0195,0195-32-3130,0285311,,,岩手県　二戸郡一戸町　高善寺字大川鉢　25-4,岩手県二戸郡一戸町高善寺字大川鉢２５－４,,37591,岩手県,二戸郡一戸町,高善寺,2022/03/11,,2022/03/11,,,,,,,,,,,,,,,野菜果物販売業,,,,048_岩手県_二戸保健所_食品衛生(許可-届出)_2022年07月_末日_新規,卸売業，小売業,飲食料品小売業,野菜・果実小売業,,,,,,,,グリーンふれあい,グリンふれあい,,,6,,,,,グリーンフレアイ
fBiz0000215243,1,東山江波,,0285303,岩手県,二戸郡一戸町,小友字半在家,86,,,グリーンふれあい,グリーンフレアイ,0285311,岩手県,二戸郡一戸町,高善寺字大川鉢,25-4,,0195-32-3130,⑧ 米穀類販売業,,2022/3/11,,,2022/3/11,,,,,二戸保健所,グリーンふれあい,0195,0195-32-3130,0285311,,,岩手県　二戸郡一戸町　高善寺字大川鉢　25-4,岩手県二戸郡一戸町高善寺字大川鉢２５－４,,37591,岩手県,二戸郡一戸町,高善寺,2022/03/11,,2022/03/11,,,,,,,,,,,,,,,米穀類販売業,,,,048_岩手県_二戸保健所_食品衛生(許可-届出)_2022年07月_末日_新規,卸売業，小売業,飲食料品小売業,その他の飲食料品小売業,米穀類小売業,,,,,,,グリーンふれあい,グリンふれあい,,,6,,,,,グリーンフレアイ
fBiz0000215243,1,東山江波,,0285303,岩手県,二戸郡一戸町,小友字半在家,86,,,グリーンふれあい,グリーンフレアイ,0285311,岩手県,二戸郡一戸町,高善寺字大川鉢,25-4,,0195-32-3130,⑬ その他の食料・飲料販売業,,2022/3/11,,,2022/3/11,,,,,二戸保健所,グリーンふれあい,0195,0195-32-3130,0285311,,,岩手県　二戸郡一戸町　高善寺字大川鉢　25-4,岩手県二戸郡一戸町高善寺字大川鉢２５－４,,37591,岩手県,二戸郡一戸町,高善寺,2022/03/11,,2022/03/11,,,,,,,,,,,,,,,食料品販売業,,,,048_岩手県_二戸保健所_食品衛生(許可-届出)_2022年07月_末日_新規,卸売業，小売業,飲食料品小売業,各種食料品小売業,各種食料品小売業,,,,,,,グリーンふれあい,グリンふれあい,,,6,,,,,グリーンフレアイ
fBiz0000019405,1,株式会社戸田久,川原守,0285312,岩手県,二戸郡一戸町,一戸字前田１６８番地,,,0195332551,株式会社戸田久,カブシキガイシャトダキュウ,0285312,岩手県,二戸郡一戸町,一戸,字前田168,,0195-33-2551,㉔ その他の食料品製造・加工業,集団給食施設,2022/3/12,,,2022/3/14,,,,,二戸保健所,株式会社戸田久,0195,0195-33-2551,0285312,,,岩手県　二戸郡一戸町　一戸　字前田168,岩手県二戸郡一戸町一戸字前田１６８,,37586,岩手県,二戸郡一戸町,一戸,2022/03/12,,2022/03/14,,,株式会社戸田久,川原守,0195-33-2551,岩手県　二戸郡一戸町　一戸字前田１６８番地　,岩手県二戸郡一戸町一戸字前田１６８番地,,37586,岩手県,二戸郡一戸町,一戸,,,その他の食料品製造・加工業, 集団給食施設,,,048_岩手県_二戸保健所_食品衛生(許可-届出)_2022年07月_末日_新規,製造業,食料品製造業,その他の食料品製造業,,,,,,,,株式会社戸田久,株式会社戸田久,株式会社戸田久,,2,,,,,カブシキガイシャトダキュウ
fBiz0000019405,1,株式会社戸田久,川原守,0285312,岩手県,二戸郡一戸町,一戸字前田１６８番地,,,0195332551,株式会社戸田久,カブシキガイシャトダキュウ,0285312,岩手県,二戸郡一戸町,一戸,字前田168,,0195-33-2551,㉖ 集団給食施設,集団給食施設,2022/3/12,,,2022/3/14,,,,,二戸保健所,株式会社戸田久,0195,0195-33-2551,0285312,,,岩手県　二戸郡一戸町　一戸　字前田168,岩手県二戸郡一戸町一戸字前田１６８,,37586,岩手県,二戸郡一戸町,一戸,2022/03/12,,2022/03/14,,,株式会社戸田久,川原守,0195-33-2551,岩手県　二戸郡一戸町　一戸字前田１６８番地　,岩手県二戸郡一戸町一戸字前田１６８番地,,37586,岩手県,二戸郡一戸町,一戸,,,給食施設, 集団給食施設,,,048_岩手県_二戸保健所_食品衛生(許可-届出)_2022年07月_末日_新規,宿泊業，飲食サービス業,持ち帰り・配達飲食サービス業,,,,,,,,,株式会社戸田久,株式会社戸田久,株式会社戸田久,,2,,,,,カブシキガイシャトダキュウ
fBiz0000216791,1,株式会社あべはんこう,阿部繁之,0286101,岩手県,二戸市,福岡字町裏,21番地1,,0195-25-4111,あべはんショップ,アベハンショップ,0286101,岩手県,二戸市,福岡字町裏,21番地1,,0195-23-2119,② 食肉販売業（包装済みの食肉のみの販売）,,2022/3/15,,,2022/3/15,,,,,二戸保健所,あべはんショップ,0195,0195-23-2119,0286101,,,岩手県　二戸市　福岡字町裏　21番地1,岩手県二戸市福岡字町裏２１番地１,,34222,岩手県,二戸市,福岡,2022/03/15,,2022/03/15,,,株式会社あべはんこう,阿部繁之,0195-25-4111,岩手県　二戸市　福岡字町裏　21番地1,岩手県二戸市福岡字町裏２１番地１,,34222,岩手県,二戸市,福岡,,,食肉販売業,,,,048_岩手県_二戸保健所_食品衛生(許可-届出)_2022年07月_末日_新規,卸売業，小売業,飲食料品小売業,食肉小売業,,,,,,,,あべはんショップ,あべはんショップ,株式会社あべはんこう,,2,,,,,アベハンショップ
fBiz0000050222,13,株式会社ベルジョイス,澤田司,0200824,岩手県,盛岡市,東安庭二丁目,1番30号,,019-623-6100,ジョイス一戸店,ジョイスイチノヘテン,0285312,岩手県,二戸郡一戸町,一戸字砂森,123番地1,,0195-31-1650,⑪ 百貨店、総合スーパー,スーパーマーケット,2022/3/23,,,2022/3/28,,,,,二戸保健所,ジョイス一戸店,0195,0195-31-1650,0285312,,,岩手県　二戸郡一戸町　一戸字砂森　123番地1,岩手県二戸郡一戸町一戸字砂森１２３番地１,,37586,岩手県,二戸郡一戸町,一戸,2022/03/23,,2022/03/28,,,株式会社ベルジョイス,澤田司,019-623-6100,岩手県　盛岡市　東安庭二丁目　1番30号,岩手県盛岡市東安庭２丁目１番３０号,,29300,岩手県,盛岡市,東安庭２,,,百貨店、総合スーパー, スーパーマーケット,,,048_岩手県_二戸保健所_食品衛生(許可-届出)_2022年07月_末日_新規,卸売業，小売業,各種商品小売業,百貨店，総合スーパー,百貨店，総合スーパー,,,,,,,ジョイス一戸店,ジョイス一戸店,株式会社ベルジョイス,,1,,,,,ジョイスイチノヘテン
fBiz0000227723,1,有限会社割烹旅館おぼない,小保内一総,0285711,岩手県,二戸市,金田一字湯田,43-5,,0195-27-2221,有限会社割烹旅館おぼない,ユウゲンガイシャカッポウリョカンオボナイ,0285711,岩手県,二戸市,金田一字湯田,43-5,,0195-27-2221,① 魚介類販売業（包装済みの魚介類のみの販売）,,2022/4/12,,,2022/4/12,,,,,二戸保健所,有限会社割烹旅館おぼない,0195,0195-27-2221,0285711,,,岩手県　二戸市　金田一字湯田　43-5,岩手県二戸市金田一字湯田４３－５,,34215,岩手県,二戸市,金田一,2022/04/12,,2022/04/12,,,有限会社割烹旅館おぼない,小保内一総,0195-27-2221,岩手県　二戸市　金田一字湯田　43-5,岩手県二戸市金田一字湯田４３－５,,34215,岩手県,二戸市,金田一,,,魚介類販売業,,,,048_岩手県_二戸保健所_食品衛生(許可-届出)_2022年07月_末日_新規,卸売業，小売業,飲食料品小売業,,,,,,,,,有限会社割烹旅館おぼない,有限会社割烹旅館おぼない,有限会社割烹旅館おぼない,,2,,,,,ユウゲンガイシャカッポウリョカンオボナイ
fBiz0000227723,1,有限会社割烹旅館おぼない,小保内一総,0285711,岩手県,二戸市,金田一字湯田,43-5,,0195-27-2221,有限会社割烹旅館おぼない,ユウゲンガイシャカッポウリョカンオボナイ,0285711,岩手県,二戸市,金田一字湯田,43-5,,0195-27-2221,② 食肉販売業（包装済みの食肉のみの販売）,,2022/4/12,,,2022/4/12,,,,,二戸保健所,有限会社割烹旅館おぼない,0195,0195-27-2221,0285711,,,岩手県　二戸市　金田一字湯田　43-5,岩手県二戸市金田一字湯田４３－５,,34215,岩手県,二戸市,金田一,2022/04/12,,2022/04/12,,,有限会社割烹旅館おぼない,小保内一総,0195-27-2221,岩手県　二戸市　金田一字湯田　43-5,岩手県二戸市金田一字湯田４３－５,,34215,岩手県,二戸市,金田一,,,食肉販売業,,,,048_岩手県_二戸保健所_食品衛生(許可-届出)_2022年07月_末日_新規,卸売業，小売業,飲食料品小売業,食肉小売業,,,,,,,,有限会社割烹旅館おぼない,有限会社割烹旅館おぼない,有限会社割烹旅館おぼない,,2,,,,,ユウゲンガイシャカッポウリョカンオボナイ
fBiz0000146077,1,有限会社畑中酒店,畑中正,0284211,岩手県,岩手郡岩手町,大字川口,41-159-6,,0195-65-2833,ファミリーマート一戸奥中山店,ファミリーマートイチノヘオクナカヤマテン,0285133,岩手県,二戸郡一戸町,中山字大塚,72-1,,0195-35-3006,⑩ コンビニエンスストア,,2022/4/25,,,2022/4/25,,,,,二戸保健所,ファミリーマート一戸奥中山店,0195,0195-35-3006,0285133,,,岩手県　二戸郡一戸町　中山字大塚　72-1,岩手県二戸郡一戸町中山字大塚７２－１,,37598,岩手県,二戸郡一戸町,中山,2022/04/25,,2022/04/25,,,有限会社畑中酒店,畑中正,0195-65-2833,岩手県　岩手郡岩手町　大字川口　41-159-6,岩手県岩手郡岩手町川口４１－１５９－６,,35339,岩手県,岩手郡岩手町,川口,,,コンビニエンスストア,,,,048_岩手県_二戸保健所_食品衛生(許可-届出)_2022年07月_末日_新規,卸売業，小売業,飲食料品小売業,その他の飲食料品小売業,コンビニエンスストア（飲食料品を中心とするものに限る）,,,,,,,ファミリーマート一戸奥中山店,ファミリマト一戸奥中山店,有限会社畑中酒店,ファミリーマート,2,卸売業，小売業,飲食料品小売業,その他の飲食料品小売業,コンビニエンスストア（飲食料品を中心とするものに限る）,ファミリーマートイチノヘオクナカヤマテン
fBiz0000247981,1,藤原祐子,,0285711,岩手県,二戸市,金田一字野月,196,,,藤工房,フジコウボウ,0285711,岩手県,二戸市,金田一字野月,196,,0195-27-3696,㉔ その他の食料品製造・加工業,,2022/6/1,,,2022/6/4,,,,,二戸保健所,藤工房,0195,0195-27-3696,0285711,,,岩手県　二戸市　金田一字野月　196,岩手県二戸市金田一字野月１９６,,34215,岩手県,二戸市,金田一,2022/06/01,,2022/06/04,,,,,,,,,,,,,,,その他の食料品製造・加工業,,,,048_岩手県_二戸保健所_食品衛生(許可-届出)_2022年07月_末日_新規,製造業,食料品製造業,その他の食料品製造業,,,,,,,,藤工房,藤工房,,,3,,,,,フジコウボウ
fBiz0000250205,1,山井美智代,,0285303,岩手県,二戸郡一戸町,小友字下川原目,53-4,,,スモールハウス,スモールハウス,0285303,岩手県,二戸郡一戸町,小友字下川原目,53-4,,0195-33-1664,⑰ 農産保存食料品製造・加工業,,2022/6/3,,,2022/6/7,,,,,二戸保健所,スモールハウス,0195,0195-33-1664,0285303,,,岩手県　二戸郡一戸町　小友字下川原目　53-4,岩手県二戸郡一戸町小友字下川原目５３－４,,37589,岩手県,二戸郡一戸町,小友,2022/06/03,,2022/06/07,,,,,,,,,,,,,,,農産保存食料品製造・加工業,,,,048_岩手県_二戸保健所_食品衛生(許可-届出)_2022年07月_末日_新規,製造業,食料品製造業,野菜缶詰・果実缶詰・農産保存食料品製造業,,,,,,,,スモールハウス,スモルハウス,,,4,,,,,スモールハウス
fBiz0000250205,1,山井美智代,,0285303,岩手県,二戸郡一戸町,小友字下川原目,53-4,,,スモールハウス,スモールハウス,0285303,岩手県,二戸郡一戸町,小友字下川原目,53-4,,0195-33-1664,⑱ 調味料製造・加工業,,2022/6/3,,,2022/6/7,,,,,二戸保健所,スモールハウス,0195,0195-33-1664,0285303,,,岩手県　二戸郡一戸町　小友字下川原目　53-4,岩手県二戸郡一戸町小友字下川原目５３－４,,37589,岩手県,二戸郡一戸町,小友,2022/06/03,,2022/06/07,,,,,,,,,,,,,,,調味料製造・加工業,,,,048_岩手県_二戸保健所_食品衛生(許可-届出)_2022年07月_末日_新規,製造業,食料品製造業,調味料製造業,,,,,,,,スモールハウス,スモルハウス,,,4,,,,,スモールハウス
fBiz0000256043,1,峠由美子,,0285311,岩手県,二戸郡一戸町,高善寺字蒼前久保,6-11,,,みーゆ工房,ミーユコウボウ,0285311,岩手県,二戸郡一戸町,高善寺字蒼前久保,6-11,,0195-32-3096,⑱ 調味料製造・加工業,,2022/6/16,,,2022/6/21,,,,,二戸保健所,みーゆ工房,0195,0195-32-3096,0285311,,,岩手県　二戸郡一戸町　高善寺字蒼前久保　6-11,岩手県二戸郡一戸町高善寺字蒼前久保６－１１,,37591,岩手県,二戸郡一戸町,高善寺,2022/06/16,,2022/06/21,,,,,,,,,,,,,,,調味料製造・加工業,,,,048_岩手県_二戸保健所_食品衛生(許可-届出)_2022年07月_末日_新規,製造業,食料品製造業,調味料製造業,,,,,,,,みーゆ工房,みゆ工房,,,1,,,,,ミーユコウボウ
fBiz0000092009,5,尻谷富蔵,,0286101,岩手県,二戸市,福岡字橋場,11番地39,,,ローソン軽米上舘店,ローソンカルマイカミダテテン,0286301,岩手県,九戸郡軽米町,上舘,15-43-8,,,⑩ コンビニエンスストア,,2022/6/17,,,2022/6/21,,,,,二戸保健所,ローソン軽米上舘店,0195,,0286301,,,岩手県　九戸郡軽米町　上舘　15-43-8,岩手県九戸郡軽米町上館１５－４３－８,,36949,岩手県,九戸郡軽米町,上館,2022/06/17,,2022/06/21,,,,,,,,,,,,,,,コンビニエンスストア,,,,048_岩手県_二戸保健所_食品衛生(許可-届出)_2022年07月_末日_新規,卸売業，小売業,飲食料品小売業,その他の飲食料品小売業,コンビニエンスストア（飲食料品を中心とするものに限る）,,,,,,,ローソン軽米上舘店,ロソン軽米上舘店,,ローソン,2,卸売業，小売業,飲食料品小売業,その他の飲食料品小売業,コンビニエンスストア（飲食料品を中心とするものに限る）,ローソンカルマイカミダテテン
fBiz0000256057,1,株式会社ホワイト,村上奈々,9880174,宮城県,気仙沼市,赤岩大滝,7-12,,0226-25-9225,ミニストップ折爪SA上り店,ミニストップオリツメサービスエリアノボリテン,0286222,岩手県,九戸郡軽米町,山内,第４地割111-62-1,,0195-47-2270,⑩ コンビニエンスストア,コンビニエンスストア,2022/6/20,,,2022/6/21,,,,,二戸保健所,ミニストップ折爪SA上り店,0195,0195-47-2270,0286222,,,岩手県　九戸郡軽米町　山内　第４地割111-62-1,岩手県九戸郡軽米町山内第４地割１１１－６２－１,,37234,岩手県,九戸郡軽米町,山内第４地割,2022/06/20,,2022/06/21,,,株式会社ホワイト,村上奈々,0226-25-9225,宮城県　気仙沼市　赤岩大滝　7-12,宮城県気仙沼市赤岩大滝７－１２,,39127,宮城県,気仙沼市,赤岩大滝,,,コンビニエンスストア, コンビニエンスストア,,,048_岩手県_二戸保健所_食品衛生(許可-届出)_2022年07月_末日_新規,卸売業，小売業,飲食料品小売業,その他の飲食料品小売業,コンビニエンスストア（飲食料品を中心とするものに限る）,,,,,,,ミニストップ折爪ＳＡ上り店,ミニストップ折爪ＳＡ上り店,株式会社ホワイト,ミニストップ,2,卸売業，小売業,飲食料品小売業,その他の飲食料品小売業,コンビニエンスストア（飲食料品を中心とするものに限る）,ミニストップオリツメサービスエリアノボリテン
fBiz0000151341,68,株式会社すき家,笹川直樹,1080075,東京都,港区,港南２丁目１８番１号,,,03-5783-8850,すき家　4号二戸店,スキヤ　ヨンゴウニノヘテン,0286104,岩手県,二戸市,米沢字下村6-1,,,050-3771-0970,⑬ その他の食料・飲料販売業,,2022/6/22,,,2022/6/24,,,,,二戸保健所,すき家　4号二戸店,0195,050-3771-0970,0286104,,,岩手県　二戸市　米沢字下村6-1　,岩手県二戸市米沢字下村６－１,,34225,岩手県,二戸市,米沢,2022/06/22,,2022/06/24,,,株式会社すき家,笹川直樹,03-5783-8850,東京都　港区　港南２丁目１８番１号　,東京都港区港南２丁目１８番１号,,73073,東京都,港区,港南２,,,食料品販売業,,,,048_岩手県_二戸保健所_食品衛生(許可-届出)_2022年07月_末日_新規,卸売業，小売業,飲食料品小売業,各種食料品小売業,各種食料品小売業,,,,,,,すき家　４号二戸店,すき家４号二戸店,株式会社すき家,すき家,1,宿泊業，飲食サービス業,飲食店,そば・うどん店,そば・うどん店,スキヤ　ヨンゴウニノヘテン
fBiz0000081323,3,株式会社馬場園芸,馬場淳,0286864,岩手県,二戸市,浄法寺町門前向,49番地6,,0195-43-3851,馬場園芸加工場,ババエンゲイカコウバ,0286851,岩手県,二戸市,浄法寺町小池,60-2,,0195-38-3851,⑳ 精穀・製粉業,,2022/6/29,,,2022/7/1,,,,,二戸保健所,馬場園芸加工場,0195,0195-38-3851,0286851,,,岩手県　二戸市　浄法寺町小池　60-2,岩手県二戸市浄法寺町小池６０－２,,34296,岩手県,二戸市,浄法寺町小池,2022/06/29,,2022/07/01,,,株式会社馬場園芸,馬場淳,0195-43-3851,岩手県　二戸市　浄法寺町門前向　49番地6,岩手県二戸市浄法寺町門前向４９番地６,,34392,岩手県,二戸市,浄法寺町門前向,,,精穀・製粉業,,,,048_岩手県_二戸保健所_食品衛生(許可-届出)_2022年07月_末日_新規,製造業,食料品製造業,精穀・製粉業,精米・精麦業,,,,,,,馬場園芸加工場,馬場園芸加工場,株式会社馬場園芸,,1,,,,,ババエンゲイカコウバ
fBiz0000148901,3,株式会社ワークイン,西舘孝雄,0281117,岩手県,上閉伊郡大槌町,末広町6番40号,,,0193-41-2105,つくし薬局一戸店,ツクシヤッキョクイチノヘテン,0285312,岩手県,二戸郡一戸町,一戸字向町,109,,0195-43-3096,⑬ その他の食料・飲料販売業,,2022/7/5,,,2022/7/5,,,,,二戸保健所,つくし薬局一戸店,0195,0195-43-3096,0285312,,,岩手県　二戸郡一戸町　一戸字向町　109,岩手県二戸郡一戸町一戸字向町１０９,,37586,岩手県,二戸郡一戸町,一戸,2022/07/05,,2022/07/05,,,株式会社ワークイン,西舘孝雄,0193-41-2105,岩手県　上閉伊郡大槌町　末広町6番40号　,岩手県上閉伊郡大槌町末広町６番４０号,,36553,岩手県,上閉伊郡大槌町,末広町,,,食料品販売業,,,,048_岩手県_二戸保健所_食品衛生(許可-届出)_2022年07月_末日_新規,卸売業，小売業,飲食料品小売業,各種食料品小売業,各種食料品小売業,,,,,,,つくし薬局一戸店,つくし薬局一戸店,株式会社ワークイン,,1,,,,,ツクシヤッキョクイチノヘテン
fBiz0000261064,2,上山誠,,0286222,岩手県,九戸郡軽米町,山内,9-7-3,,,上山農園,ウエヤマノウエン,0286222,岩手県,九戸郡軽米町,大字山内,9-8,,0195-47-2136,⑰ 農産保存食料品製造・加工業,,2022/7/5,,,2022/7/6,,,,,二戸保健所,上山農園,0195,0195-47-2136,0286222,,,岩手県　九戸郡軽米町　大字山内　9-8,岩手県九戸郡軽米町山内９－８,,36953,岩手県,九戸郡軽米町,山内,2022/07/05,,2022/07/06,,,,,,,,,,,,,,,農産保存食料品製造・加工業,,,,048_岩手県_二戸保健所_食品衛生(許可-届出)_2022年07月_末日_新規,製造業,食料品製造業,野菜缶詰・果実缶詰・農産保存食料品製造業,,,,,,,,上山農園,上山農園,,,3,,,,,ウエヤマノウエン
fBiz0000261064,2,上山誠,,0286222,岩手県,九戸郡軽米町,山内,9-7-3,,,上山農園,ウエヤマノウエン,0286222,岩手県,九戸郡軽米町,大字山内,9-8,,0195-47-2136,㉑ 製茶業,,2022/7/5,,,2022/7/6,,,,,二戸保健所,上山農園,0195,0195-47-2136,0286222,,,岩手県　九戸郡軽米町　大字山内　9-8,岩手県九戸郡軽米町山内９－８,,36953,岩手県,九戸郡軽米町,山内,2022/07/05,,2022/07/06,,,,,,,,,,,,,,,製茶業,,,,048_岩手県_二戸保健所_食品衛生(許可-届出)_2022年07月_末日_新規,製造業,飲料・たばこ・飼料製造業,茶・コーヒー製造業（清涼飲料を除く）,製茶業,,,,,,,上山農園,上山農園,,,3,,,,,ウエヤマノウエン
fBiz0000261064,2,上山誠,,0286222,岩手県,九戸郡軽米町,山内,9-7-3,,,上山農園,ウエヤマノウエン,0286222,岩手県,九戸郡軽米町,大字山内,9-8,,0195-47-2136,㉔ その他の食料品製造・加工業,,2022/7/5,,,2022/7/6,,,,,二戸保健所,上山農園,0195,0195-47-2136,0286222,,,岩手県　九戸郡軽米町　大字山内　9-8,岩手県九戸郡軽米町山内９－８,,36953,岩手県,九戸郡軽米町,山内,2022/07/05,,2022/07/06,,,,,,,,,,,,,,,その他の食料品製造・加工業,,,,048_岩手県_二戸保健所_食品衛生(許可-届出)_2022年07月_末日_新規,製造業,食料品製造業,その他の食料品製造業,,,,,,,,上山農園,上山農園,,,3,,,,,ウエヤマノウエン
fBiz0000264096,1,村上一久,,0286101,岩手県,二戸市,福岡字町裏,4,,,村上牛乳店,ムラカミギュウニュウテン,0286101,岩手県,二戸市,福岡字町裏,4,,0195-23-4436,③ 乳類販売業,,2022/7/8,,,2022/7/12,,,,,二戸保健所,村上牛乳店,0195,0195-23-4436,0286101,,,岩手県　二戸市　福岡字町裏　4,岩手県二戸市福岡字町裏４,,34222,岩手県,二戸市,福岡,2022/07/08,,2022/07/12,,,,,,,,,,,,,,,乳類販売業,,,,048_岩手県_二戸保健所_食品衛生(許可-届出)_2022年07月_末日_新規,卸売業，小売業,飲食料品小売業,,,,,,,,,村上牛乳店,村上牛乳店,,,1,,,,,ムラカミギュウニュウテン
fBiz0000264133,1,大滝桂子,,0286101,岩手県,二戸市,福岡字杉中,12-27,,,小池商店,コイケショウテン,0286101,岩手県,二戸市,福岡字田町,32,,0195-23-3060,① 魚介類販売業（包装済みの魚介類のみの販売）,,2022/7/8,,,2022/7/12,,,,,二戸保健所,小池商店,0195,0195-23-3060,0286101,,,岩手県　二戸市　福岡字田町　32,岩手県二戸市福岡字田町３２,,34222,岩手県,二戸市,福岡,2022/07/08,,2022/07/12,,,,,,,,,,,,,,,魚介類販売業,,,,048_岩手県_二戸保健所_食品衛生(許可-届出)_2022年07月_末日_新規,卸売業，小売業,飲食料品小売業,,,,,,,,,小池商店,小池商店,,,5,,,,,コイケショウテン
fBiz0000264133,1,大滝桂子,,0286101,岩手県,二戸市,福岡字杉中,12-27,,,小池商店,コイケショウテン,0286101,岩手県,二戸市,福岡字田町,32,,0195-23-3060,② 食肉販売業（包装済みの食肉のみの販売）,,2022/7/8,,,2022/7/12,,,,,二戸保健所,小池商店,0195,0195-23-3060,0286101,,,岩手県　二戸市　福岡字田町　32,岩手県二戸市福岡字田町３２,,34222,岩手県,二戸市,福岡,2022/07/08,,2022/07/12,,,,,,,,,,,,,,,食肉販売業,,,,048_岩手県_二戸保健所_食品衛生(許可-届出)_2022年07月_末日_新規,卸売業，小売業,飲食料品小売業,食肉小売業,,,,,,,,小池商店,小池商店,,,5,,,,,コイケショウテン
fBiz0000264133,1,大滝桂子,,0286101,岩手県,二戸市,福岡字杉中,12-27,,,小池商店,コイケショウテン,0286101,岩手県,二戸市,福岡字田町,32,,0195-23-3060,③ 乳類販売業,,2022/7/8,,,2022/7/12,,,,,二戸保健所,小池商店,0195,0195-23-3060,0286101,,,岩手県　二戸市　福岡字田町　32,岩手県二戸市福岡字田町３２,,34222,岩手県,二戸市,福岡,2022/07/08,,2022/07/12,,,,,,,,,,,,,,,乳類販売業,,,,048_岩手県_二戸保健所_食品衛生(許可-届出)_2022年07月_末日_新規,卸売業，小売業,飲食料品小売業,,,,,,,,,小池商店,小池商店,,,5,,,,,コイケショウテン
fBiz0000264133,1,大滝桂子,,0286101,岩手県,二戸市,福岡字杉中,12-27,,,小池商店,コイケショウテン,0286101,岩手県,二戸市,福岡字田町,32,,0195-23-3060,⑦ 野菜果物販売業,,2022/7/8,,,2022/7/12,,,,,二戸保健所,小池商店,0195,0195-23-3060,0286101,,,岩手県　二戸市　福岡字田町　32,岩手県二戸市福岡字田町３２,,34222,岩手県,二戸市,福岡,2022/07/08,,2022/07/12,,,,,,,,,,,,,,,野菜果物販売業,,,,048_岩手県_二戸保健所_食品衛生(許可-届出)_2022年07月_末日_新規,卸売業，小売業,飲食料品小売業,野菜・果実小売業,,,,,,,,小池商店,小池商店,,,5,,,,,コイケショウテン
fBiz0000264133,1,大滝桂子,,0286101,岩手県,二戸市,福岡字杉中,12-27,,,小池商店,コイケショウテン,0286101,岩手県,二戸市,福岡字田町,32,,0195-23-3060,⑬ その他の食料・飲料販売業,,2022/7/8,,,2022/7/12,,,,,二戸保健所,小池商店,0195,0195-23-3060,0286101,,,岩手県　二戸市　福岡字田町　32,岩手県二戸市福岡字田町３２,,34222,岩手県,二戸市,福岡,2022/07/08,,2022/07/12,,,,,,,,,,,,,,,食料品販売業,,,,048_岩手県_二戸保健所_食品衛生(許可-届出)_2022年07月_末日_新規,卸売業，小売業,飲食料品小売業,各種食料品小売業,各種食料品小売業,,,,,,,小池商店,小池商店,,,5,,,,,コイケショウテン
fBiz0000264145,1,有限会社辻村商店,辻村勝宏,0286101,岩手県,二戸市,福岡字田町,49番地1,,0195-23-2246,有限会社辻村商店,ユウゲンガイシャツジムラショウテン,0286101,岩手県,二戸市,福岡字田町,49番地1,,0195-23-2246,③ 乳類販売業,,2022/7/8,,,2022/7/12,,,,,二戸保健所,有限会社辻村商店,0195,0195-23-2246,0286101,,,岩手県　二戸市　福岡字田町　49番地1,岩手県二戸市福岡字田町４９番地１,,34222,岩手県,二戸市,福岡,2022/07/08,,2022/07/12,,,有限会社辻村商店,辻村勝宏,0195-23-2246,岩手県　二戸市　福岡字田町　49番地1,岩手県二戸市福岡字田町４９番地１,,34222,岩手県,二戸市,福岡,,,乳類販売業,,,,048_岩手県_二戸保健所_食品衛生(許可-届出)_2022年07月_末日_新規,卸売業，小売業,飲食料品小売業,,,,,,,,,有限会社辻村商店,有限会社辻村商店,有限会社辻村商店,,3,,,,,ユウゲンガイシャツジムラショウテン
fBiz0000264145,1,有限会社辻村商店,辻村勝宏,0286101,岩手県,二戸市,福岡字田町,49番地1,,0195-23-2246,有限会社辻村商店,ユウゲンガイシャツジムラショウテン,0286101,岩手県,二戸市,福岡字田町,49番地1,,0195-23-2246,⑧ 米穀類販売業,,2022/7/8,,,2022/7/12,,,,,二戸保健所,有限会社辻村商店,0195,0195-23-2246,0286101,,,岩手県　二戸市　福岡字田町　49番地1,岩手県二戸市福岡字田町４９番地１,,34222,岩手県,二戸市,福岡,2022/07/08,,2022/07/12,,,有限会社辻村商店,辻村勝宏,0195-23-2246,岩手県　二戸市　福岡字田町　49番地1,岩手県二戸市福岡字田町４９番地１,,34222,岩手県,二戸市,福岡,,,米穀類販売業,,,,048_岩手県_二戸保健所_食品衛生(許可-届出)_2022年07月_末日_新規,卸売業，小売業,飲食料品小売業,その他の飲食料品小売業,米穀類小売業,,,,,,,有限会社辻村商店,有限会社辻村商店,有限会社辻村商店,,3,,,,,ユウゲンガイシャツジムラショウテン
fBiz0000264145,1,有限会社辻村商店,辻村勝宏,0286101,岩手県,二戸市,福岡字田町,49番地1,,0195-23-2246,有限会社辻村商店,ユウゲンガイシャツジムラショウテン,0286101,岩手県,二戸市,福岡字田町,49番地1,,0195-23-2246,⑬ その他の食料・飲料販売業,,2022/7/8,,,2022/7/12,,,,,二戸保健所,有限会社辻村商店,0195,0195-23-2246,0286101,,,岩手県　二戸市　福岡字田町　49番地1,岩手県二戸市福岡字田町４９番地１,,34222,岩手県,二戸市,福岡,2022/07/08,,2022/07/12,,,有限会社辻村商店,辻村勝宏,0195-23-2246,岩手県　二戸市　福岡字田町　49番地1,岩手県二戸市福岡字田町４９番地１,,34222,岩手県,二戸市,福岡,,,食料品販売業,,,,048_岩手県_二戸保健所_食品衛生(許可-届出)_2022年07月_末日_新規,卸売業，小売業,飲食料品小売業,各種食料品小売業,各種食料品小売業,,,,,,,有限会社辻村商店,有限会社辻村商店,有限会社辻村商店,,3,,,,,ユウゲンガイシャツジムラショウテン
fBiz0000202417,2,姉帯善一,,0286863,岩手県,二戸市,浄法寺町八幡舘,9-18,,,姉帯菓子店,アネタイカシテン,0286863,岩手県,二戸市,浄法寺町八幡舘,9-18,,0195-38-2902,③ 乳類販売業,,2022/7/11,,,2022/7/12,,,,,二戸保健所,姉帯菓子店,0195,0195-38-2902,0286863,,,岩手県　二戸市　浄法寺町八幡舘　9-18,岩手県二戸市浄法寺町八幡館９－１８,,34369,岩手県,二戸市,浄法寺町八幡館,2022/07/11,,2022/07/12,,,,,,,,,,,,,,,乳類販売業,,,,048_岩手県_二戸保健所_食品衛生(許可-届出)_2022年07月_末日_新規,卸売業，小売業,飲食料品小売業,,,,,,,,,姉帯菓子店,姉帯菓子店,,,3,,,,,アネタイカシテン
fBiz0000202417,2,姉帯善一,,0286863,岩手県,二戸市,浄法寺町八幡舘,9-18,,,姉帯菓子店,アネタイカシテン,0286863,岩手県,二戸市,浄法寺町八幡舘,9-18,,0195-38-2902,⑬ その他の食料・飲料販売業,,2022/7/11,,,2022/7/12,,,,,二戸保健所,姉帯菓子店,0195,0195-38-2902,0286863,,,岩手県　二戸市　浄法寺町八幡舘　9-18,岩手県二戸市浄法寺町八幡館９－１８,,34369,岩手県,二戸市,浄法寺町八幡館,2022/07/11,,2022/07/12,,,,,,,,,,,,,,,食料品販売業,,,,048_岩手県_二戸保健所_食品衛生(許可-届出)_2022年07月_末日_新規,卸売業，小売業,飲食料品小売業,各種食料品小売業,各種食料品小売業,,,,,,,姉帯菓子店,姉帯菓子店,,,3,,,,,アネタイカシテン
fBiz0000264170,1,米田直樹,,0285312,岩手県,二戸郡一戸町,一戸字越田橋,49-2,,,米田販売店,マイタハンバイテン,0285312,岩手県,二戸郡一戸町,一戸字越田橋,49-2,,0195-33-2142,③ 乳類販売業,,2022/7/12,,,2022/7/12,,,,,二戸保健所,米田販売店,0195,0195-33-2142,0285312,,,岩手県　二戸郡一戸町　一戸字越田橋　49-2,岩手県二戸郡一戸町一戸字越田橋４９－２,,37586,岩手県,二戸郡一戸町,一戸,2022/07/12,,2022/07/12,,,,,,,,,,,,,,,乳類販売業,,,,048_岩手県_二戸保健所_食品衛生(許可-届出)_2022年07月_末日_新規,卸売業，小売業,飲食料品小売業,,,,,,,,,米田販売店,米田販売店,,,1,,,,,マイタハンバイテン
fBiz0000035020,1,髙松秀宣,,0286502,岩手県,九戸郡九戸村,大字伊保内,6-17,,,髙松魚店,タカマツギョテン,0286502,岩手県,九戸郡九戸村,大字伊保内,6-17,,0195-42-2535,① 飲食店営業,和食店,2021/6/14,二保第86-21号,2021/6/16,2021/6/16,2021/6/21,2027/6/20,　,,二戸保健所,髙松魚店,0195,0195-42-2535,0286502,,,岩手県　九戸郡九戸村　大字伊保内　6-17,岩手県九戸郡九戸村伊保内６－１７,,37049,岩手県,九戸郡九戸村,伊保内,2021/06/14,2021/06/16,2021/06/16,2021/06/21,2027/06/20,,,,,,,,,,,二保第86-21号,,飲食店営業, 和食店,　,,048_岩手県_二戸保健所_食品衛生(許可-届出)_2022年07月_末日_新規,宿泊業，飲食サービス業,飲食店,,,,,,,,,髙松魚店,髙松魚店,,,2,,,,,タカマツギョテン
fBiz0000035023,1,松田豊,,0285301,岩手県,二戸郡一戸町,西法寺字諏訪野,４,,,松田商店,マツダショウテン,0285301,岩手県,二戸郡一戸町,西法寺字諏訪野,４,,0195-32-2642,㉔ 麺類製造業,,2021/6/14,二保第86-22号,2021/6/16,2021/6/16,2021/6/21,2026/8/20,　,,二戸保健所,松田商店,0195,0195-32-2642,0285301,,,岩手県　二戸郡一戸町　西法寺字諏訪野　４,岩手県二戸郡一戸町西法寺字諏訪野４,,37594,岩手県,二戸郡一戸町,西法寺,2021/06/14,2021/06/16,2021/06/16,2021/06/21,2026/08/20,,,,,,,,,,,二保第86-22号,,麺類製造業,,　,,048_岩手県_二戸保健所_食品衛生(許可-届出)_2022年07月_末日_新規,製造業,食料品製造業,,,,,,,,,松田商店,松田商店,,,2,,,,,マツダショウテン
fBiz0000035025,1,井上利治,,0286302,岩手県,九戸郡軽米町,大字軽米,11-127-4,,,味彩,アジサイ,0286302,岩手県,九戸郡軽米町,大字軽米,11-127-4,,0195-46-3680,① 飲食店営業,仕出し屋,2021/6/14,二保第86-23号,2021/6/16,2021/6/16,2021/6/21,2027/6/20,　,,二戸保健所,味彩,0195,0195-46-3680,0286302,,,岩手県　九戸郡軽米町　大字軽米　11-127-4,岩手県九戸郡軽米町軽米１１－１２７－４,,36950,岩手県,九戸郡軽米町,軽米,2021/06/14,2021/06/16,2021/06/16,2021/06/21,2027/06/20,,,,,,,,,,,二保第86-23号,,飲食店営業, 仕出し屋,　,,048_岩手県_二戸保健所_食品衛生(許可-届出)_2022年07月_末日_新規,宿泊業，飲食サービス業,飲食店,,,,,,,,,味彩,味彩,,,1,,,,,アジサイ
fBiz0000035113,1,諫原輝也,,0286502,岩手県,九戸郡九戸村,大字伊保内,7-7-1,,,お食事処なかつる,オショクジドコロナカツル,0286502,岩手県,九戸郡九戸村,大字伊保内,11-26-9,,0195-42-4818,① 飲食店営業,和・洋・中華,2021/6/14,二保第86-26号,2021/6/16,2021/6/16,2021/6/21,2027/6/20,　,,二戸保健所,お食事処なかつる,0195,0195-42-4818,0286502,,,岩手県　九戸郡九戸村　大字伊保内　11-26-9,岩手県九戸郡九戸村伊保内１１－２６－９,,37049,岩手県,九戸郡九戸村,伊保内,2021/06/14,2021/06/16,2021/06/16,2021/06/21,2027/06/20,,,,,,,,,,,二保第86-26号,,飲食店営業, 和・洋・中華,　,,048_岩手県_二戸保健所_食品衛生(許可-届出)_2022年07月_末日_新規,宿泊業，飲食サービス業,飲食店,,,,,,,,,お食事処なかつる,お食事処なかつる,,,2,,,,,オショクジドコロナカツル
fBiz0000035113,1,諫原輝也,,0286502,岩手県,九戸郡九戸村,大字伊保内,7-7-1,,,お食事処なかつる,オショクジドコロナカツル,0286502,岩手県,九戸郡九戸村,大字伊保内,11-26-9,,0195-42-4818,㉕ そうざい製造業,和・洋・中華,2021/6/14,二保第86-27号,2021/6/16,2021/6/16,2021/6/21,2027/6/20,　,,二戸保健所,お食事処なかつる,0195,0195-42-4818,0286502,,,岩手県　九戸郡九戸村　大字伊保内　11-26-9,岩手県九戸郡九戸村伊保内１１－２６－９,,37049,岩手県,九戸郡九戸村,伊保内,2021/06/14,2021/06/16,2021/06/16,2021/06/21,2027/06/20,,,,,,,,,,,二保第86-27号,,そうざい製造業, 和・洋・中華,　,,048_岩手県_二戸保健所_食品衛生(許可-届出)_2022年07月_末日_新規,製造業,食料品製造業,,,,,,,,,お食事処なかつる,お食事処なかつる,,,2,,,,,オショクジドコロナカツル
fBiz0000035140,1,若宮堅吉,,0286302,岩手県,九戸郡軽米町,大字軽米,4-72-1,,,Rokusan,ロクサン,0286302,岩手県,九戸郡軽米町,大字軽米,4-72-1,,0195-46-2754,① 飲食店営業,バー,2021/6/14,二保第86-29号,2021/6/16,2021/6/16,2021/6/21,2027/6/20,　,,二戸保健所,Rokusan,0195,0195-46-2754,0286302,,,岩手県　九戸郡軽米町　大字軽米　4-72-1,岩手県九戸郡軽米町軽米４－７２－１,,36950,岩手県,九戸郡軽米町,軽米,2021/06/14,2021/06/16,2021/06/16,2021/06/21,2027/06/20,,,,,,,,,,,二保第86-29号,,飲食店営業, バー,　,,048_岩手県_二戸保健所_食品衛生(許可-届出)_2022年07月_末日_新規,宿泊業，飲食サービス業,飲食店,,,,,,,,,Ｒｏｋｕｓａｎ,Ｒｏｋｕｓａｎ,,,1,,,,,ロクサン
fBiz0000038251,1,有限会社おとも,尾友元一,0286502,岩手県,九戸郡九戸村,大字伊保内,12-25,,0195-42-3151,スーパーおとも,スーパーオトモ,0286502,岩手県,九戸郡九戸村,大字伊保内,12-25,,0195-42-3151,③ 食肉販売業,,2021/6/14,二保第86-19号,2021/6/16,2021/6/16,2021/6/21,2027/6/20,　,,二戸保健所,スーパーおとも,0195,0195-42-3151,0286502,,,岩手県　九戸郡九戸村　大字伊保内　12-25,岩手県九戸郡九戸村伊保内１２－２５,,37049,岩手県,九戸郡九戸村,伊保内,2021/06/14,2021/06/16,2021/06/16,2021/06/21,2027/06/20,有限会社おとも,尾友元一,0195-42-3151,岩手県　九戸郡九戸村　大字伊保内　12-25,岩手県九戸郡九戸村伊保内１２－２５,,37049,岩手県,九戸郡九戸村,伊保内,二保第86-19号,,食肉販売業,,　,,048_岩手県_二戸保健所_食品衛生(許可-届出)_2022年07月_末日_新規,卸売業，小売業,飲食料品小売業,食肉小売業,,,,,,,,スーパーおとも,スパおとも,有限会社おとも,,3,,,,,スーパーオトモ
fBiz0000038251,1,有限会社おとも,尾友元一,0286502,岩手県,九戸郡九戸村,大字伊保内,12-25,,0195-42-3151,スーパーおとも,スーパーオトモ,0286502,岩手県,九戸郡九戸村,大字伊保内,12-25,,0195-42-3151,④ 魚介類販売業,,2021/6/14,二保第86-20号,2021/6/16,2021/6/16,2021/6/21,2027/6/20,　,,二戸保健所,スーパーおとも,0195,0195-42-3151,0286502,,,岩手県　九戸郡九戸村　大字伊保内　12-25,岩手県九戸郡九戸村伊保内１２－２５,,37049,岩手県,九戸郡九戸村,伊保内,2021/06/14,2021/06/16,2021/06/16,2021/06/21,2027/06/20,有限会社おとも,尾友元一,0195-42-3151,岩手県　九戸郡九戸村　大字伊保内　12-25,岩手県九戸郡九戸村伊保内１２－２５,,37049,岩手県,九戸郡九戸村,伊保内,二保第86-20号,,魚介類販売業,,　,,048_岩手県_二戸保健所_食品衛生(許可-届出)_2022年07月_末日_新規,卸売業，小売業,飲食料品小売業,,,,,,,,,スーパーおとも,スパおとも,有限会社おとも,,3,,,,,スーパーオトモ
fBiz0000035080,2,有限会社瀧村屋,高橋静子,0286302,岩手県,九戸郡軽米町,大字軽米,10-92,,0195-46-2505,旅館瀧村屋,リョカンタキムラヤ,0286302,岩手県,九戸郡軽米町,大字軽米,10-92,,0195-46-2505,㉕ そうざい製造業,,2021/6/16,二保第86-24号,2021/6/16,2021/6/16,2021/6/21,2027/6/20,　,,二戸保健所,旅館瀧村屋,0195,0195-46-2505,0286302,,,岩手県　九戸郡軽米町　大字軽米　10-92,岩手県九戸郡軽米町軽米１０－９２,,36950,岩手県,九戸郡軽米町,軽米,2021/06/16,2021/06/16,2021/06/16,2021/06/21,2027/06/20,有限会社瀧村屋,高橋静子,0195-46-2505,岩手県　九戸郡軽米町　大字軽米　10-92,岩手県九戸郡軽米町軽米１０－９２,,36950,岩手県,九戸郡軽米町,軽米,二保第86-24号,,そうざい製造業,,　,,048_岩手県_二戸保健所_食品衛生(許可-届出)_2022年07月_末日_新規,製造業,食料品製造業,,,,,,,,,旅館瀧村屋,旅館瀧村屋,有限会社瀧村屋,,1,,,,,リョカンタキムラヤ
fBiz0000065818,1,工藤健成,,0286302,岩手県,九戸郡軽米町,大字軽米,８－３８,,,たごや,タゴヤ,0286302,岩手県,九戸郡軽米町,大字軽米,８－３８,,0195-46-3311,① 飲食店営業,食堂,2021/7/28,二保第86-42号,2021/7/30,2021/7/30,2021/7/30,2027/9/20, ,,二戸保健所,たごや,0195,0195-46-3311,0286302,,,岩手県　九戸郡軽米町　大字軽米　８－３８,岩手県九戸郡軽米町軽米８－３８,,36950,岩手県,九戸郡軽米町,軽米,2021/07/28,2021/07/30,2021/07/30,2021/07/30,2027/09/20,,,,,,,,,,,二保第86-42号,,飲食店営業, 食堂, ,,048_岩手県_二戸保健所_食品衛生(許可-届出)_2022年07月_末日_新規,宿泊業，飲食サービス業,飲食店,,,,,,,,,たごや,たごや,,,2,,,,,タゴヤ
fBiz0000070640,1,工藤正壽,,0286102,岩手県,二戸市,下斗米字門松,８２,,,手造りの味,テヅクリノアジ,0286102,岩手県,二戸市,下斗米字門松,８２,,0195-28-2405,㉕ そうざい製造業,,2021/8/5,二保第86-46号,2021/8/5,2021/8/5,2021/8/5,2026/9/20, ,,二戸保健所,手造りの味,0195,0195-28-2405,0286102,,,岩手県　二戸市　下斗米字門松　８２,岩手県二戸市下斗米字門松８２,,34216,岩手県,二戸市,下斗米,2021/08/05,2021/08/05,2021/08/05,2021/08/05,2026/09/20,,,,,,,,,,,二保第86-46号,,そうざい製造業,, ,,048_岩手県_二戸保健所_食品衛生(許可-届出)_2022年07月_末日_新規,製造業,食料品製造業,,,,,,,,,手造りの味,手造りの味,,,3,,,,,テヅクリノアジ
fBiz0000035023,2,松田豊,,0285301,岩手県,二戸郡一戸町,西法寺字諏訪野,４,,,松田商店,マツダショウテン,0285301,岩手県,二戸郡一戸町,西法寺字諏訪野,４,,0195-32-2642,① 飲食店営業,食堂,2021/8/11,二保第86-58号,2021/8/11,2021/8/11,2021/8/21,2026/8/20, ,,二戸保健所,松田商店,0195,0195-32-2642,0285301,,,岩手県　二戸郡一戸町　西法寺字諏訪野　４,岩手県二戸郡一戸町西法寺字諏訪野４,,37594,岩手県,二戸郡一戸町,西法寺,2021/08/11,2021/08/11,2021/08/11,2021/08/21,2026/08/20,,,,,,,,,,,二保第86-58号,,飲食店営業, 食堂, ,,048_岩手県_二戸保健所_食品衛生(許可-届出)_2022年07月_末日_新規,宿泊業，飲食サービス業,飲食店,,,,,,,,,松田商店,松田商店,,,2,,,,,マツダショウテン
fBiz0000072888,1,有限会社照井商店,照井伸二,0285133,岩手県,二戸郡一戸町,中山字大塚,１４８－３,,0195-35-3221,有限会社照井商店,ユウゲンガイシャテルイショウテン,0285133,岩手県,二戸郡一戸町,中山字大塚,１４８－３,,0195-35-3221,④ 魚介類販売業,,2021/8/11,二保第86-51号,2021/8/11,2021/8/11,2021/8/21,2027/8/20, ,,二戸保健所,有限会社照井商店,0195,0195-35-3221,0285133,,,岩手県　二戸郡一戸町　中山字大塚　１４８－３,岩手県二戸郡一戸町中山字大塚１４８－３,,37598,岩手県,二戸郡一戸町,中山,2021/08/11,2021/08/11,2021/08/11,2021/08/21,2027/08/20,有限会社照井商店,照井伸二,0195-35-3221,岩手県　二戸郡一戸町　中山字大塚　１４８－３,岩手県二戸郡一戸町中山字大塚１４８－３,,37598,岩手県,二戸郡一戸町,中山,二保第86-51号,,魚介類販売業,, ,,048_岩手県_二戸保健所_食品衛生(許可-届出)_2022年07月_末日_新規,卸売業，小売業,飲食料品小売業,,,,,,,,,有限会社照井商店,有限会社照井商店,有限会社照井商店,,1,,,,,ユウゲンガイシャテルイショウテン
fBiz0000073082,1,高森栄,,0286977,岩手県,二戸市,浄法寺町駒ケ嶺,１－２１,,,高森商店,タカモリショウテン,0286977,岩手県,二戸市,浄法寺町駒ケ嶺,１－２１,,0195-38-3636,① 飲食店営業,そうざい店,2021/8/11,二保第86-55号,2021/8/11,2021/8/11,2021/8/21,2027/8/20, ,,二戸保健所,高森商店,0195,0195-38-3636,0286977,,,岩手県　二戸市　浄法寺町駒ケ嶺　１－２１,岩手県二戸市浄法寺町駒が嶺１－２１,,34302,岩手県,二戸市,浄法寺町駒が嶺,2021/08/11,2021/08/11,2021/08/11,2021/08/21,2027/08/20,,,,,,,,,,,二保第86-55号,,飲食店営業, そうざい店, ,,048_岩手県_二戸保健所_食品衛生(許可-届出)_2022年07月_末日_新規,宿泊業，飲食サービス業,飲食店,,,,,,,,,高森商店,高森商店,,,2,,,,,タカモリショウテン
fBiz0000074180,1,有限会社山長ミート,槻木光夫,0286103,岩手県,二戸市,石切所字荒瀬,５５－１１,,0195-23-6727,有限会社山長ミート,ユウゲンガイシャヤマチョウミート,0286103,岩手県,二戸市,石切所字荒瀬,５５－１１,,0195-23-6727,⑨ 食肉処理業,,2021/8/12,二保第86-64号,2021/8/17,2021/8/17,2021/8/21,2027/8/20, ,,二戸保健所,有限会社山長ミート,0195,0195-23-6727,0286103,,,岩手県　二戸市　石切所字荒瀬　５５－１１,岩手県二戸市石切所字荒瀬５５－１１,,34212,岩手県,二戸市,石切所,2021/08/12,2021/08/17,2021/08/17,2021/08/21,2027/08/20,有限会社山長ミート,槻木光夫,0195-23-6727,岩手県　二戸市　石切所字荒瀬　５５－１１,岩手県二戸市石切所字荒瀬５５－１１,,34212,岩手県,二戸市,石切所,二保第86-64号,,食肉処理業,, ,,048_岩手県_二戸保健所_食品衛生(許可-届出)_2022年07月_末日_新規,農業，林業,農業,,,,,,,,,有限会社山長ミート,有限会社山長ミト,有限会社山長ミート,,1,,,,,ユウゲンガイシャヤマチョウミート
fBiz0000091723,1,株式会社神田牧場,神田拓谷,0285134,岩手県,二戸郡一戸町,奥中山字西田子,1290番地,,0195-35-3117,森のアイス工房・菓子工房,モリノアイスコウボウ・カシコウボウ,0285134,岩手県,二戸郡一戸町,奥中山字西田子,76-5,,0195-35-3117,⑫ アイスクリーム類製造業,,2021/9/8,二保第86-82号,2021/9/13,2021/9/13,2021/9/21,2027/9/20, ,,二戸保健所,森のアイス工房・菓子工房,0195,0195-35-3117,0285134,,,岩手県　二戸郡一戸町　奥中山字西田子　76-5,岩手県二戸郡一戸町奥中山字西田子７６－５,,37603,岩手県,二戸郡一戸町,奥中山,2021/09/08,2021/09/13,2021/09/13,2021/09/21,2027/09/20,株式会社神田牧場,神田拓谷,0195-35-3117,岩手県　二戸郡一戸町　奥中山字西田子　1290番地,岩手県二戸郡一戸町奥中山字西田子１２９０番地,,37603,岩手県,二戸郡一戸町,奥中山,二保第86-82号,,アイスクリーム類製造業,, ,,048_岩手県_二戸保健所_食品衛生(許可-届出)_2022年07月_末日_新規,製造業,食料品製造業,,,,,,,,,森のアイス工房・菓子工房,森のアイス工房菓子工房,株式会社神田牧場,,1,,,,,モリノアイスコウボウ・カシコウボウ
fBiz0000091725,1,丹野匡,,0286101,岩手県,二戸市,福岡字下川又,1-7,,,丹市菓子店,タンイチカシテン,0286101,岩手県,二戸市,福岡字下川又,1-7,,0195-23-2419,⑪ 菓子製造業,,2021/9/8,二保第86-83号,2021/9/13,2021/9/13,2021/9/21,2026/9/20, ,,二戸保健所,丹市菓子店,0195,0195-23-2419,0286101,,,岩手県　二戸市　福岡字下川又　1-7,岩手県二戸市福岡字下川又１－７,,34222,岩手県,二戸市,福岡,2021/09/08,2021/09/13,2021/09/13,2021/09/21,2026/09/20,,,,,,,,,,,二保第86-83号,,菓子製造業,, ,,048_岩手県_二戸保健所_食品衛生(許可-届出)_2022年07月_末日_新規,製造業,食料品製造業,,,,,,,,,丹市菓子店,丹市菓子店,,,1,,,,,タンイチカシテン
fBiz0000091999,1,田中フジ,,0286301,岩手県,九戸郡軽米町,大字上舘,58-22-1,,,下茶屋,シモチャヤ,0286301,岩手県,九戸郡軽米町,大字上舘,58-22-1,,0195-45-3206,㉕ そうざい製造業,,2021/9/8,二保第86-89号,2021/9/13,2021/9/13,2021/9/21,2026/9/20, ,,二戸保健所,下茶屋,0195,0195-45-3206,0286301,,,岩手県　九戸郡軽米町　大字上舘　58-22-1,岩手県九戸郡軽米町上館５８－２２－１,,36949,岩手県,九戸郡軽米町,上館,2021/09/08,2021/09/13,2021/09/13,2021/09/21,2026/09/20,,,,,,,,,,,二保第86-89号,,そうざい製造業,, ,,048_岩手県_二戸保健所_食品衛生(許可-届出)_2022年07月_末日_新規,製造業,食料品製造業,,,,,,,,,下茶屋,下茶屋,,,1,,,,,シモチャヤ
fBiz0000092009,2,尻谷富蔵,,0286101,岩手県,二戸市,福岡字橋場,11番地39,,,ローソン岩手軽米店,ローソンイワテカルマイテン,0286221,岩手県,九戸郡軽米町,大字晴山22字皀角子久保,40-6,,0195-47-1563,① 飲食店営業,コンビニエンスストア,2021/9/8,二保第86-91号,2021/9/13,2021/9/13,2021/9/21,2028/9/20, ,,二戸保健所,ローソン岩手軽米店,0195,0195-47-1563,0286221,,,岩手県　九戸郡軽米町　大字晴山22字皀角子久保　40-6,岩手県九戸郡軽米町晴山２２字皀角子久保４０－６,,36955,岩手県,九戸郡軽米町,晴山,2021/09/08,2021/09/13,2021/09/13,2021/09/21,2028/09/20,,,,,,,,,,,二保第86-91号,,飲食店営業, コンビニエンスストア, ,,048_岩手県_二戸保健所_食品衛生(許可-届出)_2022年07月_末日_新規,宿泊業，飲食サービス業,飲食店,,,,,,,,,ローソン岩手軽米店,ロソン岩手軽米店,,ローソン,2,卸売業，小売業,飲食料品小売業,その他の飲食料品小売業,コンビニエンスストア（飲食料品を中心とするものに限る）,ローソンイワテカルマイテン
fBiz0000065818,2,工藤健成,,0286302,岩手県,九戸郡軽米町,大字軽米,８－３８,,,たごや,タゴヤ,0286302,岩手県,九戸郡軽米町,軽米,８－３８,,0195463311,㉔ 麺類製造業,,2021/11/15,二保第86-124号,2021/12/7,2021/12/7,2021/12/7,2027/12/20, ,,二戸保健所,たごや,0195,0195-46-3311,0286302,,,岩手県　九戸郡軽米町　軽米　８－３８,岩手県九戸郡軽米町軽米８－３８,,36950,岩手県,九戸郡軽米町,軽米,2021/11/15,2021/12/07,2021/12/07,2021/12/07,2027/12/20,,,,,,,,,,,二保第86-124号,,麺類製造業,, ,,048_岩手県_二戸保健所_食品衛生(許可-届出)_2022年07月_末日_新規,製造業,食料品製造業,,,,,,,,,たごや,たごや,,,2,,,,,タゴヤ
fBiz0000145271,1,有限会社伸友,馬場洋子,0286852,岩手県,二戸市,浄法寺町樋田,45-3,,0195-38-2001,スーパーしんゆう,スーパーシンユウ,0286852,岩手県,二戸市,浄法寺町樋田,45-3,,0195-38-2001,① 飲食店営業,スーパー,2021/11/15,二保第86-114号,2021/11/18,2021/11/18,2021/11/21,2027/11/20, ,,二戸保健所,スーパーしんゆう,0195,0195-38-2001,0286852,,,岩手県　二戸市　浄法寺町樋田　45-3,岩手県二戸市浄法寺町樋田４５－３,,34353,岩手県,二戸市,浄法寺町樋田,2021/11/15,2021/11/18,2021/11/18,2021/11/21,2027/11/20,有限会社伸友,馬場洋子,0195-38-2001,岩手県　二戸市　浄法寺町樋田　45-3,岩手県二戸市浄法寺町樋田４５－３,,34353,岩手県,二戸市,浄法寺町樋田,二保第86-114号,,飲食店営業, スーパー, ,,048_岩手県_二戸保健所_食品衛生(許可-届出)_2022年07月_末日_新規,宿泊業，飲食サービス業,飲食店,,,,,,,,,スーパーしんゆう,スパしんゆう,有限会社伸友,,1,,,,,スーパーシンユウ
fBiz0000038251,2,有限会社おとも,尾友元一,0286502,岩手県,九戸郡九戸村,大字伊保内,12-25,,0195-42-3151,スーパーおとも,スーパーオトモ,0286502,岩手県,九戸郡九戸村,大字伊保内,12-25,,0195-42-3151,① 飲食店営業,スーパー,2021/12/13,二保第86-130号,2021/12/16,2021/12/16,2021/12/21,2027/12/20, ,,二戸保健所,スーパーおとも,0195,0195-42-3151,0286502,,,岩手県　九戸郡九戸村　大字伊保内　12-25,岩手県九戸郡九戸村伊保内１２－２５,,37049,岩手県,九戸郡九戸村,伊保内,2021/12/13,2021/12/16,2021/12/16,2021/12/21,2027/12/20,有限会社おとも,尾友元一,0195-42-3151,岩手県　九戸郡九戸村　大字伊保内　12-25,岩手県九戸郡九戸村伊保内１２－２５,,37049,岩手県,九戸郡九戸村,伊保内,二保第86-130号,,飲食店営業, スーパー, ,,048_岩手県_二戸保健所_食品衛生(許可-届出)_2022年07月_末日_新規,宿泊業，飲食サービス業,飲食店,,,,,,,,,スーパーおとも,スパおとも,有限会社おとも,,3,,,,,スーパーオトモ
fBiz0000038251,3,有限会社おとも,尾友元一,0286502,岩手県,九戸郡九戸村,大字伊保内,12-25,,0195-42-3151,ローソン九戸店,ローソンクノヘテン,0286502,岩手県,九戸郡九戸村,大字伊保内,12-49-2,,0195-42-3560,① 飲食店営業,コンビニ,2021/12/13,二保第86-131号,2021/12/16,2021/12/16,2021/12/21,2028/12/20, ,,二戸保健所,ローソン九戸店,0195,0195-42-3560,0286502,,,岩手県　九戸郡九戸村　大字伊保内　12-49-2,岩手県九戸郡九戸村伊保内１２－４９－２,,37049,岩手県,九戸郡九戸村,伊保内,2021/12/13,2021/12/16,2021/12/16,2021/12/21,2028/12/20,有限会社おとも,尾友元一,0195-42-3151,岩手県　九戸郡九戸村　大字伊保内　12-25,岩手県九戸郡九戸村伊保内１２－２５,,37049,岩手県,九戸郡九戸村,伊保内,二保第86-131号,,飲食店営業, コンビニ, ,,048_岩手県_二戸保健所_食品衛生(許可-届出)_2022年07月_末日_新規,宿泊業，飲食サービス業,飲食店,,,,,,,,,ローソン九戸店,ロソン九戸店,有限会社おとも,ローソン,2,卸売業，小売業,飲食料品小売業,その他の飲食料品小売業,コンビニエンスストア（飲食料品を中心とするものに限る）,ローソンクノヘテン
fBiz0000176304,1,株式会社二戸食品,木村弘志,0360201,青森県,平川市,李平西豊田,27番地1,,0172-57-2731,株式会社二戸食品,カブシキガイシャニノヘショクヒン,0286105,岩手県,二戸市,堀野字大畑,51番地,,0195-43-3026,⑪ 菓子製造業,,2021/12/13,二保第86-133号,2021/12/16,2021/12/16,2021/12/21,2028/12/20, ,,二戸保健所,株式会社二戸食品,0195,0195-43-3026,0286105,,,岩手県　二戸市　堀野字大畑　51番地,岩手県二戸市堀野字大畑５１番地,,34224,岩手県,二戸市,堀野,2021/12/13,2021/12/16,2021/12/16,2021/12/21,2028/12/20,株式会社二戸食品,木村弘志,0172-57-2731,青森県　平川市　李平西豊田　27番地1,青森県平川市李平西豊田２７番地１,,28311,青森県,平川市,李平西豊田,二保第86-133号,,菓子製造業,, ,,048_岩手県_二戸保健所_食品衛生(許可-届出)_2022年07月_末日_新規,製造業,食料品製造業,,,,,,,,,株式会社二戸食品,株式会社二戸食品,株式会社二戸食品,,2,,,,,カブシキガイシャニノヘショクヒン
fBiz0000176306,1,小森智津子,,0286105,岩手県,二戸市,堀野字馬場,3-10,,,こもり手作りパン教室,コモリテヅクリパンキョウシツ,0286105,岩手県,二戸市,堀野字東側,36-2,,,⑪ 菓子製造業,,2021/12/13,二保第86-134号,2021/12/16,2021/12/16,2021/12/21,2027/5/20, ,,二戸保健所,こもり手作りパン教室,0195,,0286105,,,岩手県　二戸市　堀野字東側　36-2,岩手県二戸市堀野字東側３６－２,,34224,岩手県,二戸市,堀野,2021/12/13,2021/12/16,2021/12/16,2021/12/21,2027/05/20,,,,,,,,,,,二保第86-134号,,菓子製造業,, ,,048_岩手県_二戸保健所_食品衛生(許可-届出)_2022年07月_末日_新規,製造業,食料品製造業,,,,,,,,,こもり手作りパン教室,こもり手作りパン教室,,,2,,,,,コモリテヅクリパンキョウシツ
fBiz0000176302,1,大黒醤油株式会社,坂本剛,0286413,岩手県,九戸郡軽米町,大字円子,2-4-108,,0195-45-2820,大黒醤油株式会社,ダイコクショウユカブシキガイシャ,0286413,岩手県,九戸郡軽米町,大字円子,2-4-108,,0195-45-2820,㉕ そうざい製造業,,2021/12/14,二保第86-132号,2021/12/16,2021/12/16,2021/12/21,2026/12/20, ,,二戸保健所,大黒醤油株式会社,0195,0195-45-2820,0286413,,,岩手県　九戸郡軽米町　大字円子　2-4-108,岩手県九戸郡軽米町円子２－４－１０８,,36957,岩手県,九戸郡軽米町,円子,2021/12/14,2021/12/16,2021/12/16,2021/12/21,2026/12/20,大黒醤油株式会社,坂本剛,0195-45-2820,岩手県　九戸郡軽米町　大字円子　2-4-108,岩手県九戸郡軽米町円子２－４－１０８,,36957,岩手県,九戸郡軽米町,円子,二保第86-132号,,そうざい製造業,, ,,048_岩手県_二戸保健所_食品衛生(許可-届出)_2022年07月_末日_新規,製造業,食料品製造業,,,,,,,,,大黒醤油株式会社,大黒醤油株式会社,大黒醤油株式会社,,1,,,,,ダイコクショウユカブシキガイシャ
fBiz0000074193,2,多賀茂夫,,0286101,岩手県,二戸市,福岡字在府小路,４１の１１,,,来夢来人,ライムライト,0286101,岩手県,二戸市,福岡字橋場,６の５,,0195-25-4973,① 飲食店営業,バー,2022/2/10,二保第86-146号,2022/2/16,2022/2/16,2022/2/21,2028/5/20, ,,二戸保健所,来夢来人,0195,0195-25-4973,0286101,,,岩手県　二戸市　福岡字橋場　６の５,岩手県二戸市福岡字橋場６ノ５,,34222,岩手県,二戸市,福岡,2022/02/10,2022/02/16,2022/02/16,2022/02/21,2028/05/20,,,,,,,,,,,二保第86-146号,,飲食店営業, バー, ,,048_岩手県_二戸保健所_食品衛生(許可-届出)_2022年07月_末日_新規,宿泊業，飲食サービス業,飲食店,,,,,,,,,来夢来人,来夢来人,,,1,,,,,ライムライト
fBiz0000202402,1,尾友トメ,,0286101,岩手県,二戸市,福岡字矢神,111-1-121号,,,すなっくエリカ,スナックエリカ,0286101,岩手県,二戸市,福岡字下町,35,米長ビル2F,0195-23-4903,① 飲食店営業,スナック,2022/2/10,二保第86-147号,2022/2/16,2022/2/16,2022/2/21,2028/5/20, ,,二戸保健所,すなっくエリカ,0195,0195-23-4903,0286101,,,岩手県　二戸市　福岡字下町　35,岩手県二戸市福岡字下町３５,米長ビル2F,34222,岩手県,二戸市,福岡,2022/02/10,2022/02/16,2022/02/16,2022/02/21,2028/05/20,,,,,,,,,,,二保第86-147号,,飲食店営業, スナック, ,,048_岩手県_二戸保健所_食品衛生(許可-届出)_2022年07月_末日_新規,宿泊業，飲食サービス業,飲食店,,,,,,,,,すなっくエリカ,すなっくエリカ,,,1,,,,,スナックエリカ
fBiz0000202407,1,高橋誠子,,0390200,青森県,三戸郡田子町,字飯豊,43の5,,,スナック影,スナックカゲ,0286101,岩手県,二戸市,福岡字橋場,1-18,,0195-23-4623,① 飲食店営業,酒場,2022/2/10,二保第86-148号,2022/2/16,2022/2/16,2022/2/21,2027/5/20, ,,二戸保健所,スナック影,0195,0195-23-4623,0286101,,,岩手県　二戸市　福岡字橋場　1-18,岩手県二戸市福岡字橋場１－１８,,34222,岩手県,二戸市,福岡,2022/02/10,2022/02/16,2022/02/16,2022/02/21,2027/05/20,,,,,,,,,,,二保第86-148号,,飲食店営業, 酒場, ,,048_岩手県_二戸保健所_食品衛生(許可-届出)_2022年07月_末日_新規,宿泊業，飲食サービス業,飲食店,,,,,,,,,スナック影,スナック影,,,1,,,,,スナックカゲ
fBiz0000202410,1,田口正晴,,0286101,岩手県,二戸市,福岡字長嶺,50,,,ちっちや食堂,チッチヤショクドウ,0286101,岩手県,二戸市,福岡字長嶺,50,,0195-23-3003,① 飲食店営業,食堂,2022/2/10,二保第86-149号,2022/2/16,2022/2/16,2022/2/21,2027/5/20, ,,二戸保健所,ちっちや食堂,0195,0195-23-3003,0286101,,,岩手県　二戸市　福岡字長嶺　50,岩手県二戸市福岡字長嶺５０,,34222,岩手県,二戸市,福岡,2022/02/10,2022/02/16,2022/02/16,2022/02/21,2027/05/20,,,,,,,,,,,二保第86-149号,,飲食店営業, 食堂, ,,048_岩手県_二戸保健所_食品衛生(許可-届出)_2022年07月_末日_新規,宿泊業，飲食サービス業,飲食店,,,,,,,,,ちっちや食堂,ちっちや食堂,,,1,,,,,チッチヤショクドウ
fBiz0000202413,1,小保内一総,,0285711,岩手県,二戸市,金田一字八ツ長甲,66,,,小保内魚店,オボナイギョテン,0285711,岩手県,二戸市,金田一字八ツ長甲,66,,0195-27-3155,① 飲食店営業,その他の飲食店,2022/2/10,二保第86-151号,2022/2/16,2022/2/16,2022/2/21,2027/5/20, ,,二戸保健所,小保内魚店,0195,0195-27-3155,0285711,,,岩手県　二戸市　金田一字八ツ長甲　66,岩手県二戸市金田一字八ツ長甲６６,,34215,岩手県,二戸市,金田一,2022/02/10,2022/02/16,2022/02/16,2022/02/21,2027/05/20,,,,,,,,,,,二保第86-151号,,飲食店営業, その他の飲食店, ,,048_岩手県_二戸保健所_食品衛生(許可-届出)_2022年07月_末日_新規,宿泊業，飲食サービス業,飲食店,,,,,,,,,小保内魚店,小保内魚店,,,4,,,,,オボナイギョテン
fBiz0000202417,1,姉帯善一,,0286863,岩手県,二戸市,浄法寺町八幡舘,9-18,,,姉帯菓子店,アネタイカシテン,0286863,岩手県,二戸市,浄法寺町八幡舘,9-18,,0195-38-2902,⑪ 菓子製造業,,2022/2/10,二保第86-153号,2022/2/16,2022/2/16,2022/2/21,2027/5/20, ,,二戸保健所,姉帯菓子店,0195,0195-38-2902,0286863,,,岩手県　二戸市　浄法寺町八幡舘　9-18,岩手県二戸市浄法寺町八幡館９－１８,,34369,岩手県,二戸市,浄法寺町八幡館,2022/02/10,2022/02/16,2022/02/16,2022/02/21,2027/05/20,,,,,,,,,,,二保第86-153号,,菓子製造業,, ,,048_岩手県_二戸保健所_食品衛生(許可-届出)_2022年07月_末日_新規,製造業,食料品製造業,,,,,,,,,姉帯菓子店,姉帯菓子店,,,3,,,,,アネタイカシテン
fBiz0000145272,1,社会福祉法人桂泉会,佐藤義輝,0285711,岩手県,二戸市,金田一字上田面,301番地1,,0195-43-3112,サンニーノ,サンニーノ,0286106,岩手県,二戸市,仁左平字矢沢,4番地1,,0195-23-0787,① 飲食店営業,レストラン,2022/3/9,二保第86-115号,2021/11/18,2021/11/18,2021/11/21,2027/11/20, ,,二戸保健所,サンニーノ,0195,0195-23-0787,0286106,,,岩手県　二戸市　仁左平字矢沢　4番地1,岩手県二戸市仁左平字矢沢４番地１,,34219,岩手県,二戸市,仁左平,2022/03/09,2021/11/18,2021/11/18,2021/11/21,2027/11/20,社会福祉法人桂泉会,佐藤義輝,0195-43-3112,岩手県　二戸市　金田一字上田面　301番地1,岩手県二戸市金田一字上田面３０１番地１,,34215,岩手県,二戸市,金田一,二保第86-115号,,飲食店営業, レストラン, ,,048_岩手県_二戸保健所_食品衛生(許可-届出)_2022年07月_末日_新規,宿泊業，飲食サービス業,飲食店,,,,,,,,,サンニーノ,サンニノ,社会福祉法人桂泉会,,1,,,,,サンニーノ
fBiz0000074203,1,有限会社さとう商事,佐藤美由紀,0286105,岩手県,二戸市,堀野字大畑,１３－１,,0195-23-4238,FFマートさとう,エフエフマートサトウ,0286105,岩手県,二戸市,堀野字大畑,１３－１,,0195-23-4238,③ 食肉販売業,,2022/3/11,二保第86-66号,2021/8/17,2021/8/17,2021/8/21,2027/8/20, ,,二戸保健所,FFマートさとう,0195,0195-23-4238,0286105,,,岩手県　二戸市　堀野字大畑　１３－１,岩手県二戸市堀野字大畑１３－１,,34224,岩手県,二戸市,堀野,2022/03/11,2021/08/17,2021/08/17,2021/08/21,2027/08/20,有限会社さとう商事,佐藤美由紀,0195-23-4238,岩手県　二戸市　堀野字大畑　１３－１,岩手県二戸市堀野字大畑１３－１,,34224,岩手県,二戸市,堀野,二保第86-66号,,食肉販売業,, ,,048_岩手県_二戸保健所_食品衛生(許可-届出)_2022年07月_末日_新規,卸売業，小売業,飲食料品小売業,食肉小売業,,,,,,,,ＦＦマートさとう,ＦＦマトさとう,有限会社さとう商事,,1,,,,,エフエフマートサトウ
fBiz0000216501,1,大村キク,,0285301,岩手県,二戸郡一戸町,西法寺字稲荷,25-1,,,大村煎餅店,オオムラセンベイテン,0285301,岩手県,二戸郡一戸町,西法寺字稲荷,25-1,,0195-32-3081,⑪ 菓子製造業,,2022/3/14,二保第86-160号,2022/3/16,2022/3/16,2022/3/21,2027/3/20, ,,二戸保健所,大村煎餅店,0195,0195-32-3081,0285301,,,岩手県　二戸郡一戸町　西法寺字稲荷　25-1,岩手県二戸郡一戸町西法寺字稲荷２５－１,,37594,岩手県,二戸郡一戸町,西法寺,2022/03/14,2022/03/16,2022/03/16,2022/03/21,2027/03/20,,,,,,,,,,,二保第86-160号,,菓子製造業,, ,,048_岩手県_二戸保健所_食品衛生(許可-届出)_2022年07月_末日_新規,製造業,食料品製造業,,,,,,,,,大村煎餅店,大村煎餅店,,,1,,,,,オオムラセンベイテン
fBiz0000216507,1,小田野悦子,,0286505,岩手県,九戸郡九戸村,大字江刺家,4-9,,,もこもこハウス,モコモコハウス,0286505,岩手県,九戸郡九戸村,大字江刺家,4-9,,0195-42-3737,⑪ 菓子製造業,,2022/3/14,二保第86-161号,2022/3/16,2022/3/16,2022/3/21,2027/6/20, ,,二戸保健所,もこもこハウス,0195,0195-42-3737,0286505,,,岩手県　九戸郡九戸村　大字江刺家　4-9,岩手県九戸郡九戸村江刺家４－９,,37050,岩手県,九戸郡九戸村,江刺家,2022/03/14,2022/03/16,2022/03/16,2022/03/21,2027/06/20,,,,,,,,,,,二保第86-161号,,菓子製造業,, ,,048_岩手県_二戸保健所_食品衛生(許可-届出)_2022年07月_末日_新規,製造業,食料品製造業,,,,,,,,,もこもこハウス,もこもこハウス,,,1,,,,,モコモコハウス
fBiz0000216791,1,株式会社あべはんこう,阿部繁之,0286101,岩手県,二戸市,福岡字町裏,21番地1,,0195-25-4111,あべはんショップ,アベハンショップ,0286101,岩手県,二戸市,福岡字町裏,21番地1,,0195-23-2119,① 飲食店営業,仕出し、弁当店,2022/3/15,二保第86-163号,2022/3/16,2022/3/16,2022/3/16,2028/5/20, ,,二戸保健所,あべはんショップ,0195,0195-23-2119,0286101,,,岩手県　二戸市　福岡字町裏　21番地1,岩手県二戸市福岡字町裏２１番地１,,34222,岩手県,二戸市,福岡,2022/03/15,2022/03/16,2022/03/16,2022/03/16,2028/05/20,株式会社あべはんこう,阿部繁之,0195-25-4111,岩手県　二戸市　福岡字町裏　21番地1,岩手県二戸市福岡字町裏２１番地１,,34222,岩手県,二戸市,福岡,二保第86-163号,,飲食店営業, 仕出し、弁当店, ,,048_岩手県_二戸保健所_食品衛生(許可-届出)_2022年07月_末日_新規,宿泊業，飲食サービス業,飲食店,,,,,,,,,あべはんショップ,あべはんショップ,株式会社あべはんこう,,2,,,,,アベハンショップ
fBiz0000146077,1,有限会社畑中酒店,畑中正,0284211,岩手県,岩手郡岩手町,大字川口,41-159-6,,0195-65-2833,ファミリーマート一戸奥中山店,ファミリーマートイチノヘオクナカヤマテン,0285133,岩手県,二戸郡一戸町,中山字大塚,72-1,,0195-35-3006,① 飲食店営業,コンビニエンスストア,2022/4/25,二保第86-10号,2022/4/27,2022/4/27,2022/4/27,2029/5/20, ,,二戸保健所,ファミリーマート一戸奥中山店,0195,0195-35-3006,0285133,,,岩手県　二戸郡一戸町　中山字大塚　72-1,岩手県二戸郡一戸町中山字大塚７２－１,,37598,岩手県,二戸郡一戸町,中山,2022/04/25,2022/04/27,2022/04/27,2022/04/27,2029/05/20,有限会社畑中酒店,畑中正,0195-65-2833,岩手県　岩手郡岩手町　大字川口　41-159-6,岩手県岩手郡岩手町川口４１－１５９－６,,35339,岩手県,岩手郡岩手町,川口,二保第86-10号,,飲食店営業, コンビニエンスストア, ,,048_岩手県_二戸保健所_食品衛生(許可-届出)_2022年07月_末日_新規,宿泊業，飲食サービス業,飲食店,,,,,,,,,ファミリーマート一戸奥中山店,ファミリマト一戸奥中山店,有限会社畑中酒店,ファミリーマート,2,卸売業，小売業,飲食料品小売業,その他の飲食料品小売業,コンビニエンスストア（飲食料品を中心とするものに限る）,ファミリーマートイチノヘオクナカヤマテン
fBiz0000240730,1,小野寺智美,,0286103,岩手県,二戸市,石切所字森合,31,,,八十八,ハトヤ,0286103,岩手県,二戸市,石切所字森合,46,,,⑪ 菓子製造業,,2022/5/17,二保第86-12号,2022/5/19,2022/5/19,2022/5/19,2027/5/20, ,,二戸保健所,八十八,0195,,0286103,,,岩手県　二戸市　石切所字森合　46,岩手県二戸市石切所字森合４６,,34212,岩手県,二戸市,石切所,2022/05/17,2022/05/19,2022/05/19,2022/05/19,2027/05/20,,,,,,,,,,,二保第86-12号,,菓子製造業,, ,,048_岩手県_二戸保健所_食品衛生(許可-届出)_2022年07月_末日_新規,製造業,食料品製造業,,,,,,,,,八十八,八十八,,,2,,,,,ハトヤ
fBiz0000240730,3,小野寺智美,,0286103,岩手県,二戸市,石切所字森合,31,,,八十八,ハトヤ,0286103,岩手県,二戸市,石切所字森合,46,,,① 飲食店営業,,2022/5/17,二保第86-13号,2022/5/19,2022/5/19,2022/5/21,2027/5/20, ,,二戸保健所,八十八,0195,,0286103,,,岩手県　二戸市　石切所字森合　46,岩手県二戸市石切所字森合４６,,34212,岩手県,二戸市,石切所,2022/05/17,2022/05/19,2022/05/19,2022/05/21,2027/05/20,,,,,,,,,,,二保第86-13号,,飲食店営業,, ,,048_岩手県_二戸保健所_食品衛生(許可-届出)_2022年07月_末日_新規,宿泊業，飲食サービス業,飲食店,,,,,,,,,八十八,八十八,,,2,,,,,ハトヤ
fBiz0000240735,1,清水一好,,0285711,岩手県,二戸市,金田一字荒田,111の2,,,御食事しみず,オショクジシミズ,0285711,岩手県,二戸市,金田一字荒田,111の2,,0195-27-3250,① 飲食店営業,食堂,2022/5/17,二保第86-14号,2022/5/19,2022/5/19,2022/5/21,2028/5/20, ,,二戸保健所,御食事しみず,0195,0195-27-3250,0285711,,,岩手県　二戸市　金田一字荒田　111の2,岩手県二戸市金田一字荒田１１１ノ２,,34215,岩手県,二戸市,金田一,2022/05/17,2022/05/19,2022/05/19,2022/05/21,2028/05/20,,,,,,,,,,,二保第86-14号,,飲食店営業, 食堂, ,,048_岩手県_二戸保健所_食品衛生(許可-届出)_2022年07月_末日_新規,宿泊業，飲食サービス業,飲食店,,,,,,,,,御食事しみず,御食事しみず,,,1,,,,,オショクジシミズ
fBiz0000240739,1,佐々木美夫,,0286103,岩手県,二戸市,石切所字荷渡,5-10,,,ほっともっと二戸地区合同庁舎前店,ホットモットニノヘチクゴウドウチョウシャマエテン,0286103,岩手県,二戸市,石切所字荷渡,19-6,,0195-23-0565,① 飲食店営業,持ち帰り弁当屋,2022/5/17,二保第86-15号,2022/5/19,2022/5/19,2022/5/21,2029/5/20, ,,二戸保健所,ほっともっと二戸地区合同庁舎前店,0195,0195-23-0565,0286103,,,岩手県　二戸市　石切所字荷渡　19-6,岩手県二戸市石切所字荷渡１９－６,,34212,岩手県,二戸市,石切所,2022/05/17,2022/05/19,2022/05/19,2022/05/21,2029/05/20,,,,,,,,,,,二保第86-15号,,飲食店営業, 持ち帰り弁当屋, ,,048_岩手県_二戸保健所_食品衛生(許可-届出)_2022年07月_末日_新規,宿泊業，飲食サービス業,飲食店,,,,,,,,,ほっともっと二戸地区合同庁舎前店,ほっともっと二戸地区合同庁舎前店,,ほっともっと,1,宿泊業，飲食サービス業,持ち帰り・配達飲食サービス業,持ち帰り飲食サービス業,持ち帰り飲食サービス業,ホットモットニノヘチクゴウドウチョウシャマエテン
fBiz0000240745,1,新毛直樹,,0286103,岩手県,二戸市,石切所字台中平,97-1新毛住宅6号,,,蔵前居酒屋三代目あんぼ,クラマエイザカヤサンダイメアンボ,0286101,岩手県,二戸市,福岡字上町,5,,0195-43-3811,① 飲食店営業,居酒屋,2022/5/17,二保第86-16号,2022/5/19,2022/5/19,2022/5/21,2028/5/20, ,,二戸保健所,蔵前居酒屋三代目あんぼ,0195,0195-43-3811,0286101,,,岩手県　二戸市　福岡字上町　5,岩手県二戸市福岡字上町５,,34222,岩手県,二戸市,福岡,2022/05/17,2022/05/19,2022/05/19,2022/05/21,2028/05/20,,,,,,,,,,,二保第86-16号,,飲食店営業, 居酒屋, ,,048_岩手県_二戸保健所_食品衛生(許可-届出)_2022年07月_末日_新規,宿泊業，飲食サービス業,飲食店,,,,,,,,,蔵前居酒屋三代目あんぼ,蔵前居酒屋三代目あんぼ,,,1,,,,,クラマエイザカヤサンダイメアンボ
fBiz0000052478,2,特定非営利活動法人浄法寺サポートセンター,小笠原忠,0286852,岩手県,二戸市,浄法寺町樋田３４－３,,,0195-38-3336,ほほえみ工房,ホホエミコウボウ,0286852,岩手県,二戸市,浄法寺町樋田,３４－３,,0195-38-3336,⑪ 菓子製造業,,2022/5/18,二保第86-28号,2022/5/19,2022/5/19,2022/5/21,2029/5/20, ,,二戸保健所,ほほえみ工房,0195,0195-38-3336,0286852,,,岩手県　二戸市　浄法寺町樋田　３４－３,岩手県二戸市浄法寺町樋田３４－３,,34353,岩手県,二戸市,浄法寺町樋田,2022/05/18,2022/05/19,2022/05/19,2022/05/21,2029/05/20,特定非営利活動法人浄法寺サポートセンター,小笠原忠,0195-38-3336,岩手県　二戸市　浄法寺町樋田３４－３　,岩手県二戸市浄法寺町樋田３４－３,,34353,岩手県,二戸市,浄法寺町樋田,二保第86-28号,,菓子製造業,, ,,048_岩手県_二戸保健所_食品衛生(許可-届出)_2022年07月_末日_新規,製造業,食料品製造業,,,,,,,,,ほほえみ工房,ほほえみ工房,特定非営利活動法人浄法寺サポートセンター,,1,,,,,ホホエミコウボウ
fBiz0000176306,3,小森智津子,,0286105,岩手県,二戸市,堀野字馬場,3-10,,,こもり手作りパン教室,コモリテヅクリパンキョウシツ,0286105,岩手県,二戸市,堀野字東側,36-2,,,① 飲食店営業,そうざい店,2022/5/18,二保第86-23号,2022/5/19,2022/5/19,2022/5/21,2027/5/20, ,,二戸保健所,こもり手作りパン教室,0195,,0286105,,,岩手県　二戸市　堀野字東側　36-2,岩手県二戸市堀野字東側３６－２,,34224,岩手県,二戸市,堀野,2022/05/18,2022/05/19,2022/05/19,2022/05/21,2027/05/20,,,,,,,,,,,二保第86-23号,,飲食店営業, そうざい店, ,,048_岩手県_二戸保健所_食品衛生(許可-届出)_2022年07月_末日_新規,宿泊業，飲食サービス業,飲食店,,,,,,,,,こもり手作りパン教室,こもり手作りパン教室,,,2,,,,,コモリテヅクリパンキョウシツ
fBiz0000240750,1,有限会社竹春,竹田春夫,0286105,岩手県,二戸市,堀野字長地,70,,0195-23-4207,鮨処　たけ田,スシドコロ　タケダ,0286105,岩手県,二戸市,堀野字馬場,46-4,,0195-22-3988,① 飲食店営業,すし屋,2022/5/18,二保第86-17号,2022/5/19,2022/5/19,2022/5/21,2028/5/20, ,,二戸保健所,鮨処　たけ田,0195,0195-22-3988,0286105,,,岩手県　二戸市　堀野字馬場　46-4,岩手県二戸市堀野字馬場４６－４,,34224,岩手県,二戸市,堀野,2022/05/18,2022/05/19,2022/05/19,2022/05/21,2028/05/20,有限会社竹春,竹田春夫,0195-23-4207,岩手県　二戸市　堀野字長地　70,岩手県二戸市堀野字長地７０,,34224,岩手県,二戸市,堀野,二保第86-17号,,飲食店営業, すし屋, ,,048_岩手県_二戸保健所_食品衛生(許可-届出)_2022年07月_末日_新規,宿泊業，飲食サービス業,飲食店,,,,,,,,,鮨処　たけ田,鮨処たけ田,有限会社竹春,,1,,,,,スシドコロ　タケダ
fBiz0000240762,1,藤原三男,,0285711,岩手県,二戸市,金田一字荒田,79-4,,,藤原商店,フジワラショウテン,0285711,岩手県,二戸市,金田一字荒田,79-4,,0195-27-2672,⑪ 菓子製造業,,2022/5/18,二保第86-18号,2022/5/19,2022/5/19,2022/5/21,2027/5/20, ,,二戸保健所,藤原商店,0195,0195-27-2672,0285711,,,岩手県　二戸市　金田一字荒田　79-4,岩手県二戸市金田一字荒田７９－４,,34215,岩手県,二戸市,金田一,2022/05/18,2022/05/19,2022/05/19,2022/05/21,2027/05/20,,,,,,,,,,,二保第86-18号,,菓子製造業,, ,,048_岩手県_二戸保健所_食品衛生(許可-届出)_2022年07月_末日_新規,製造業,食料品製造業,,,,,,,,,藤原商店,藤原商店,,,1,,,,,フジワラショウテン
fBiz0000240767,1,乗上良一,,0286101,岩手県,二戸市,福岡字陣場,57-2,,,めが餅店,メガモチテン,0286101,岩手県,二戸市,福岡字陣場,57-2,,0195-23-9253,⑪ 菓子製造業,,2022/5/18,二保第86-19号,2022/5/19,2022/5/19,2022/5/21,2027/6/20, ,,二戸保健所,めが餅店,0195,0195-23-9253,0286101,,,岩手県　二戸市　福岡字陣場　57-2,岩手県二戸市福岡字陣場５７－２,,34222,岩手県,二戸市,福岡,2022/05/18,2022/05/19,2022/05/19,2022/05/21,2027/06/20,,,,,,,,,,,二保第86-19号,,菓子製造業,, ,,048_岩手県_二戸保健所_食品衛生(許可-届出)_2022年07月_末日_新規,製造業,食料品製造業,,,,,,,,,めが餅店,めが餅店,,,1,,,,,メガモチテン
fBiz0000240774,1,土川昭悦,,0285303,岩手県,二戸郡一戸町,小友字半在家,160,,,西川目食堂,ニシガメショクドウ,0285305,岩手県,二戸郡一戸町,月舘字宮田,3-7,,0195-33-1955,① 飲食店営業,食堂,2022/5/18,二保第86-20号,2022/5/19,2022/5/19,2022/5/21,2027/5/20, ,,二戸保健所,西川目食堂,0195,0195-33-1955,0285305,,,岩手県　二戸郡一戸町　月舘字宮田　3-7,岩手県二戸郡一戸町月館字宮田３－７,,37595,岩手県,二戸郡一戸町,月館,2022/05/18,2022/05/19,2022/05/19,2022/05/21,2027/05/20,,,,,,,,,,,二保第86-20号,,飲食店営業, 食堂, ,,048_岩手県_二戸保健所_食品衛生(許可-届出)_2022年07月_末日_新規,宿泊業，飲食サービス業,飲食店,,,,,,,,,西川目食堂,西川目食堂,,,1,,,,,ニシガメショクドウ
fBiz0000240782,1,田中耕造,,0285311,岩手県,二戸郡一戸町,高善寺字野田,1-22,,,内徳,ウチトク,0285311,岩手県,二戸郡一戸町,高善寺字野田,3-18,,0195-32-2522,① 飲食店営業,そうざい店,2022/5/18,二保第86-22号,2022/5/19,2022/5/19,2022/5/21,2028/5/20, ,,二戸保健所,内徳,0195,0195-32-2522,0285311,,,岩手県　二戸郡一戸町　高善寺字野田　3-18,岩手県二戸郡一戸町高善寺字野田３－１８,,37591,岩手県,二戸郡一戸町,高善寺,2022/05/18,2022/05/19,2022/05/19,2022/05/21,2028/05/20,,,,,,,,,,,二保第86-22号,,飲食店営業, そうざい店, ,,048_岩手県_二戸保健所_食品衛生(許可-届出)_2022年07月_末日_新規,宿泊業，飲食サービス業,飲食店,,,,,,,,,内徳,内徳,,,2,,,,,ウチトク
fBiz0000240782,1,田中耕造,,0285311,岩手県,二戸郡一戸町,高善寺字野田,1-22,,,内徳,ウチトク,0285311,岩手県,二戸郡一戸町,高善寺字野田,3-18,,0195-32-2522,④ 魚介類販売業,そうざい店,2022/5/18,二保第86-21号,2022/5/19,2022/5/19,2022/5/21,2028/5/20, ,,二戸保健所,内徳,0195,0195-32-2522,0285311,,,岩手県　二戸郡一戸町　高善寺字野田　3-18,岩手県二戸郡一戸町高善寺字野田３－１８,,37591,岩手県,二戸郡一戸町,高善寺,2022/05/18,2022/05/19,2022/05/19,2022/05/21,2028/05/20,,,,,,,,,,,二保第86-21号,,魚介類販売業, そうざい店, ,,048_岩手県_二戸保健所_食品衛生(許可-届出)_2022年07月_末日_新規,卸売業，小売業,飲食料品小売業,,,,,,,,,内徳,内徳,,,2,,,,,ウチトク
fBiz0000240789,1,有限会社祭ばやし,水梨英樹,0286101,岩手県,二戸市,福岡字中町,7,,0195-23-3468,居酒屋祭ばやし,イザカヤマツリバヤシ,0286101,岩手県,二戸市,福岡字中町,7,,0195-23-3468,① 飲食店営業,居酒屋,2022/5/18,二保第86-25号,2022/5/19,2022/5/19,2022/5/21,2028/5/20, ,,二戸保健所,居酒屋祭ばやし,0195,0195-23-3468,0286101,,,岩手県　二戸市　福岡字中町　7,岩手県二戸市福岡字中町７,,34222,岩手県,二戸市,福岡,2022/05/18,2022/05/19,2022/05/19,2022/05/21,2028/05/20,有限会社祭ばやし,水梨英樹,0195-23-3468,岩手県　二戸市　福岡字中町　7,岩手県二戸市福岡字中町７,,34222,岩手県,二戸市,福岡,二保第86-25号,,飲食店営業, 居酒屋, ,,048_岩手県_二戸保健所_食品衛生(許可-届出)_2022年07月_末日_新規,宿泊業，飲食サービス業,飲食店,,,,,,,,,居酒屋祭ばやし,居酒屋祭ばやし,有限会社祭ばやし,,1,,,,,イザカヤマツリバヤシ
fBiz0000240796,1,特定非営利活動法人三の丸ひまわり,阿部洋司,0286101,岩手県,二戸市,福岡字城ノ外,4番地1,,0195-22-1777,café福,カフェフク,0286103,岩手県,二戸市,石切所字荷渡,6-2,シビックセンター内,0195-25-5411,① 飲食店営業,喫茶店,2022/5/18,二保第86-26号,2022/5/19,2022/5/19,2022/5/21,2029/5/20, ,,二戸保健所,café福,0195,0195-25-5411,0286103,,,岩手県　二戸市　石切所字荷渡　6-2,岩手県二戸市石切所字荷渡６－２,シビックセンター内,34212,岩手県,二戸市,石切所,2022/05/18,2022/05/19,2022/05/19,2022/05/21,2029/05/20,特定非営利活動法人三の丸ひまわり,阿部洋司,0195-22-1777,岩手県　二戸市　福岡字城ノ外　4番地1,岩手県二戸市福岡字城ノ外４番地１,,34222,岩手県,二戸市,福岡,二保第86-26号,,飲食店営業, 喫茶店, ,,048_岩手県_二戸保健所_食品衛生(許可-届出)_2022年07月_末日_新規,宿泊業，飲食サービス業,飲食店,,,,,,,,,ｃａｆé福,ｃａｆe福,特定非営利活動法人三の丸ひまわり,,1,,,,,カフェフク
fBiz0000240801,1,株式会社座敷わらし,五日市洋,0285711,岩手県,二戸市,金田一字長川,41,,0195-27-2131,緑風荘,リョクフウソウ,0285711,岩手県,二戸市,金田一字長川,41,,0195-27-2131,① 飲食店営業,旅館業,2022/5/18,二保第86-27号,2022/5/19,2022/5/19,2022/5/21,2028/5/20, ,,二戸保健所,緑風荘,0195,0195-27-2131,0285711,,,岩手県　二戸市　金田一字長川　41,岩手県二戸市金田一字長川４１,,34215,岩手県,二戸市,金田一,2022/05/18,2022/05/19,2022/05/19,2022/05/21,2028/05/20,株式会社座敷わらし,五日市洋,0195-27-2131,岩手県　二戸市　金田一字長川　41,岩手県二戸市金田一字長川４１,,34215,岩手県,二戸市,金田一,二保第86-27号,,飲食店営業, 旅館業, ,,048_岩手県_二戸保健所_食品衛生(許可-届出)_2022年07月_末日_新規,宿泊業，飲食サービス業,飲食店,,,,,,,,,緑風荘,緑風荘,株式会社座敷わらし,,1,,,,,リョクフウソウ
fBiz0000240805,1,株式会社小松製菓,小松豊,0286103,岩手県,二戸市,石切所字前田,41-1,,0195-23-4315,株式会社小松製菓,カブシキガイシャコマツセイカ,0286103,岩手県,二戸市,石切所字台中平,35-5,,0195-23-4315,⑪ 菓子製造業,,2022/5/18,二保第86-29号,2022/5/19,2022/5/19,2022/5/21,2029/6/20, ,,二戸保健所,株式会社小松製菓,0195,0195-23-4315,0286103,,,岩手県　二戸市　石切所字台中平　35-5,岩手県二戸市石切所字台中平３５－５,,34212,岩手県,二戸市,石切所,2022/05/18,2022/05/19,2022/05/19,2022/05/21,2029/06/20,株式会社小松製菓,小松豊,0195-23-4315,岩手県　二戸市　石切所字前田　41-1,岩手県二戸市石切所字前田４１－１,,34212,岩手県,二戸市,石切所,二保第86-29号,,菓子製造業,, ,,048_岩手県_二戸保健所_食品衛生(許可-届出)_2022年07月_末日_新規,製造業,食料品製造業,,,,,,,,,株式会社小松製菓,株式会社小松製菓,株式会社小松製菓,,2,,,,,カブシキガイシャコマツセイカ
fBiz0000240810,1,株式会社小松製菓,小松豊,0286103,岩手県,二戸市,石切所字前田,41-1,,0195-23-4315,自助工房四季の里,ジジョコウボウシキノサト,0286103,岩手県,二戸市,石切所字荒瀬,49-1,,0195-23-7148,① 飲食店営業,食堂,2022/5/18,二保第86-30号,2022/5/19,2022/5/19,2022/5/21,2028/5/20, ,,二戸保健所,自助工房四季の里,0195,0195-23-7148,0286103,,,岩手県　二戸市　石切所字荒瀬　49-1,岩手県二戸市石切所字荒瀬４９－１,,34212,岩手県,二戸市,石切所,2022/05/18,2022/05/19,2022/05/19,2022/05/21,2028/05/20,株式会社小松製菓,小松豊,0195-23-4315,岩手県　二戸市　石切所字前田　41-1,岩手県二戸市石切所字前田４１－１,,34212,岩手県,二戸市,石切所,二保第86-30号,,飲食店営業, 食堂, ,,048_岩手県_二戸保健所_食品衛生(許可-届出)_2022年07月_末日_新規,宿泊業，飲食サービス業,飲食店,,,,,,,,,自助工房四季の里,自助工房四季の里,株式会社小松製菓,,1,,,,,ジジョコウボウシキノサト
fBiz0000247118,1,十文字浩,,0286103,岩手県,二戸市,石切所字台中平,114,,,ほっかほっか亭二戸バイパス店,ホッカホッカテイニノヘバイパステン,0285711,岩手県,二戸市,金田一字上田面,83-2,,0195-43-3339,① 飲食店営業,持ち帰り弁当,2022/5/31,二保第86-35号,2022/5/31,2022/5/31,2022/5/31,2029/8/20, ,,二戸保健所,ほっかほっか亭二戸バイパス店,0195,0195-43-3339,0285711,,,岩手県　二戸市　金田一字上田面　83-2,岩手県二戸市金田一字上田面８３－２,,34215,岩手県,二戸市,金田一,2022/05/31,2022/05/31,2022/05/31,2022/05/31,2029/08/20,,,,,,,,,,,二保第86-35号,,飲食店営業, 持ち帰り弁当, ,,048_岩手県_二戸保健所_食品衛生(許可-届出)_2022年07月_末日_新規,宿泊業，飲食サービス業,飲食店,,,,,,,,,ほっかほっか亭二戸バイパス店,ほっかほっか亭二戸バイパス店,,ほっかほっか亭,1,宿泊業，飲食サービス業,持ち帰り・配達飲食サービス業,持ち帰り飲食サービス業,持ち帰り飲食サービス業,ホッカホッカテイニノヘバイパステン
fBiz0000070640,2,工藤正壽,,0286102,岩手県,二戸市,下斗米字門松,８２,,,手造りの味,テヅクリノアジ,0286102,岩手県,二戸市,下斗米字門松,８２,,0195-28-2405,⑪ 菓子製造業,,2022/6/1,二保第86-40号,2022/6/8,2022/6/8,2022/6/8,2027/6/20,　,,二戸保健所,手造りの味,0195,0195-28-2405,0286102,,,岩手県　二戸市　下斗米字門松　８２,岩手県二戸市下斗米字門松８２,,34216,岩手県,二戸市,下斗米,2022/06/01,2022/06/08,2022/06/08,2022/06/08,2027/06/20,,,,,,,,,,,二保第86-40号,,菓子製造業,,　,,048_岩手県_二戸保健所_食品衛生(許可-届出)_2022年07月_末日_新規,製造業,食料品製造業,,,,,,,,,手造りの味,手造りの味,,,3,,,,,テヅクリノアジ
fBiz0000070640,2,工藤正壽,,0286102,岩手県,二戸市,下斗米字門松,８２,,,手造りの味,テヅクリノアジ,0286102,岩手県,二戸市,下斗米字門松,８２,,0195-28-2405,⑳ みそ又はしょうゆ製造業,,2022/6/1,二保第86-41号,2022/6/8,2022/6/8,2022/6/8,2027/6/20,　,,二戸保健所,手造りの味,0195,0195-28-2405,0286102,,,岩手県　二戸市　下斗米字門松　８２,岩手県二戸市下斗米字門松８２,,34216,岩手県,二戸市,下斗米,2022/06/01,2022/06/08,2022/06/08,2022/06/08,2027/06/20,,,,,,,,,,,二保第86-41号,,みそ製造業,,　,,048_岩手県_二戸保健所_食品衛生(許可-届出)_2022年07月_末日_新規,製造業,食料品製造業,,,,,,,,,手造りの味,手造りの味,,,3,,,,,テヅクリノアジ
fBiz0000247981,1,藤原祐子,,0285711,岩手県,二戸市,金田一字野月,196,,,藤工房,フジコウボウ,0285711,岩手県,二戸市,金田一字野月,196,,0195-27-3696,㉕ そうざい製造業,,2022/6/1,二保第86-38号,2022/6/8,2022/6/8,2022/6/8,2027/8/20,　,,二戸保健所,藤工房,0195,0195-27-3696,0285711,,,岩手県　二戸市　金田一字野月　196,岩手県二戸市金田一字野月１９６,,34215,岩手県,二戸市,金田一,2022/06/01,2022/06/08,2022/06/08,2022/06/08,2027/08/20,,,,,,,,,,,二保第86-38号,,そうざい製造業,,　,,048_岩手県_二戸保健所_食品衛生(許可-届出)_2022年07月_末日_新規,製造業,食料品製造業,,,,,,,,,藤工房,藤工房,,,3,,,,,フジコウボウ
fBiz0000247981,1,藤原祐子,,0285711,岩手県,二戸市,金田一字野月,196,,,藤工房,フジコウボウ,0285711,岩手県,二戸市,金田一字野月,196,,0195-27-3696,㉙ 漬物製造業,,2022/6/1,二保第86-39号,2022/6/8,2022/6/8,2022/6/8,2027/8/20,　,,二戸保健所,藤工房,0195,0195-27-3696,0285711,,,岩手県　二戸市　金田一字野月　196,岩手県二戸市金田一字野月１９６,,34215,岩手県,二戸市,金田一,2022/06/01,2022/06/08,2022/06/08,2022/06/08,2027/08/20,,,,,,,,,,,二保第86-39号,,漬物製造業,,　,,048_岩手県_二戸保健所_食品衛生(許可-届出)_2022年07月_末日_新規,製造業,食料品製造業,,,,,,,,,藤工房,藤工房,,,3,,,,,フジコウボウ
fBiz0000247998,1,岩部ふさ子,,0286504,岩手県,九戸郡九戸村,大字長興寺,7-8,,,ひめほたるの里おりつめ工房,ヒメホタルノサトオリツメコウボウ,0286506,岩手県,九戸郡九戸村,大字山屋,2-28-1,,0195-42-4884,① 飲食店営業,弁当屋・そうざい店,2022/6/1,二保第86-42号,2022/6/8,2022/6/8,2022/6/8,2028/6/20,　,,二戸保健所,ひめほたるの里おりつめ工房,0195,0195-42-4884,0286506,,,岩手県　九戸郡九戸村　大字山屋　2-28-1,岩手県九戸郡九戸村山屋２－２８－１,,37055,岩手県,九戸郡九戸村,山屋,2022/06/01,2022/06/08,2022/06/08,2022/06/08,2028/06/20,,,,,,,,,,,二保第86-42号,,飲食店営業, 弁当屋・そうざい店,　,,048_岩手県_二戸保健所_食品衛生(許可-届出)_2022年07月_末日_新規,宿泊業，飲食サービス業,飲食店,,,,,,,,,ひめほたるの里おりつめ工房,ひめほたるの里おりつめ工房,,,3,,,,,ヒメホタルノサトオリツメコウボウ
fBiz0000247998,1,岩部ふさ子,,0286504,岩手県,九戸郡九戸村,大字長興寺,7-8,,,ひめほたるの里おりつめ工房,ヒメホタルノサトオリツメコウボウ,0286506,岩手県,九戸郡九戸村,大字山屋,2-28-1,,0195-42-4884,⑪ 菓子製造業,弁当屋・そうざい店,2022/6/1,二保第86-43号,2022/6/8,2022/6/8,2022/6/8,2028/6/20,　,,二戸保健所,ひめほたるの里おりつめ工房,0195,0195-42-4884,0286506,,,岩手県　九戸郡九戸村　大字山屋　2-28-1,岩手県九戸郡九戸村山屋２－２８－１,,37055,岩手県,九戸郡九戸村,山屋,2022/06/01,2022/06/08,2022/06/08,2022/06/08,2028/06/20,,,,,,,,,,,二保第86-43号,,菓子製造業, 弁当屋・そうざい店,　,,048_岩手県_二戸保健所_食品衛生(許可-届出)_2022年07月_末日_新規,製造業,食料品製造業,,,,,,,,,ひめほたるの里おりつめ工房,ひめほたるの里おりつめ工房,,,3,,,,,ヒメホタルノサトオリツメコウボウ
fBiz0000247998,1,岩部ふさ子,,0286504,岩手県,九戸郡九戸村,大字長興寺,7-8,,,ひめほたるの里おりつめ工房,ヒメホタルノサトオリツメコウボウ,0286506,岩手県,九戸郡九戸村,大字山屋,2-28-1,,0195-42-4884,㉒ 豆腐製造業,弁当屋・そうざい店,2022/6/1,二保第86-44号,2022/6/8,2022/6/8,2022/6/8,2028/6/20,　,,二戸保健所,ひめほたるの里おりつめ工房,0195,0195-42-4884,0286506,,,岩手県　九戸郡九戸村　大字山屋　2-28-1,岩手県九戸郡九戸村山屋２－２８－１,,37055,岩手県,九戸郡九戸村,山屋,2022/06/01,2022/06/08,2022/06/08,2022/06/08,2028/06/20,,,,,,,,,,,二保第86-44号,,豆腐製造業, 弁当屋・そうざい店,　,,048_岩手県_二戸保健所_食品衛生(許可-届出)_2022年07月_末日_新規,製造業,食料品製造業,,,,,,,,,ひめほたるの里おりつめ工房,ひめほたるの里おりつめ工房,,,3,,,,,ヒメホタルノサトオリツメコウボウ
fBiz0000092009,4,尻谷富蔵,,0286101,岩手県,二戸市,福岡字橋場,11番地39,,,ローソン軽米上舘店,ローソンカルマイカミダテテン,0286301,岩手県,九戸郡軽米町,大字上舘,15-43-8,,,① 飲食店営業,コンビニエンスストア,2022/6/12,二保第86-62号,2022/6/17,2022/6/17,2022/6/17,2029/6/20,　,,二戸保健所,ローソン軽米上舘店,0195,,0286301,,,岩手県　九戸郡軽米町　大字上舘　15-43-8,岩手県九戸郡軽米町上館１５－４３－８,,36949,岩手県,九戸郡軽米町,上館,2022/06/12,2022/06/17,2022/06/17,2022/06/17,2029/06/20,,,,,,,,,,,二保第86-62号,,飲食店営業, コンビニエンスストア,　,,048_岩手県_二戸保健所_食品衛生(許可-届出)_2022年07月_末日_新規,宿泊業，飲食サービス業,飲食店,,,,,,,,,ローソン軽米上舘店,ロソン軽米上舘店,,ローソン,2,卸売業，小売業,飲食料品小売業,その他の飲食料品小売業,コンビニエンスストア（飲食料品を中心とするものに限る）,ローソンカルマイカミダテテン
fBiz0000250205,2,山井美智代,,0285303,岩手県,二戸郡一戸町,小友字下川原目,53-4,,,スモールハウス,スモールハウス,0285303,岩手県,二戸郡一戸町,小友字下川原目,53-4,,0195-33-1664,㉙ 漬物製造業,,2022/6/12,二保第86-64号,2022/6/17,2022/6/17,2022/6/17,2028/6/20,　,,二戸保健所,スモールハウス,0195,0195-33-1664,0285303,,,岩手県　二戸郡一戸町　小友字下川原目　53-4,岩手県二戸郡一戸町小友字下川原目５３－４,,37589,岩手県,二戸郡一戸町,小友,2022/06/12,2022/06/17,2022/06/17,2022/06/17,2028/06/20,,,,,,,,,,,二保第86-64号,,漬物製造業,,　,,048_岩手県_二戸保健所_食品衛生(許可-届出)_2022年07月_末日_新規,製造業,食料品製造業,,,,,,,,,スモールハウス,スモルハウス,,,4,,,,,スモールハウス
fBiz0000250205,3,山井美智代,,0285303,岩手県,二戸郡一戸町,小友字下川原目,53-4,,,スモールハウス,スモールハウス,0285303,岩手県,二戸郡一戸町,小友字下川原目,53-4,,0195-33-1664,㉕ そうざい製造業,,2022/6/13,二保第86-46号,2022/6/17,2022/6/17,2022/6/21,2028/6/20,　,,二戸保健所,スモールハウス,0195,0195-33-1664,0285303,,,岩手県　二戸郡一戸町　小友字下川原目　53-4,岩手県二戸郡一戸町小友字下川原目５３－４,,37589,岩手県,二戸郡一戸町,小友,2022/06/13,2022/06/17,2022/06/17,2022/06/21,2028/06/20,,,,,,,,,,,二保第86-46号,,そうざい製造業,,　,,048_岩手県_二戸保健所_食品衛生(許可-届出)_2022年07月_末日_新規,製造業,食料品製造業,,,,,,,,,スモールハウス,スモルハウス,,,4,,,,,スモールハウス
fBiz0000252514,1,小倉康弘,,0285311,岩手県,二戸郡一戸町,高善寺字野田,108-7,,,かりんとう屋,カリントウヤ,0285311,岩手県,二戸郡一戸町,高善寺字野田,108-7,,0195-32-2438,⑪ 菓子製造業,,2022/6/13,二保第86-45号,2022/6/17,2022/6/17,2022/6/21,2027/6/20,　,,二戸保健所,かりんとう屋,0195,0195-32-2438,0285311,,,岩手県　二戸郡一戸町　高善寺字野田　108-7,岩手県二戸郡一戸町高善寺字野田１０８－７,,37591,岩手県,二戸郡一戸町,高善寺,2022/06/13,2022/06/17,2022/06/17,2022/06/21,2027/06/20,,,,,,,,,,,二保第86-45号,,菓子製造業,,　,,048_岩手県_二戸保健所_食品衛生(許可-届出)_2022年07月_末日_新規,製造業,食料品製造業,,,,,,,,,かりんとう屋,かりんとう屋,,,1,,,,,カリントウヤ
fBiz0000035020,3,髙松秀宣,,0286502,岩手県,九戸郡九戸村,大字伊保内,6-17,,,髙松魚店,タカマツギョテン,0286502,岩手県,九戸郡九戸村,大字伊保内,6-17,,0195-42-2535,④ 魚介類販売業,,2022/6/14,二保第86-56号,2022/6/17,2022/6/17,2022/6/21,2028/6/20,　,,二戸保健所,髙松魚店,0195,0195-42-2535,0286502,,,岩手県　九戸郡九戸村　大字伊保内　6-17,岩手県九戸郡九戸村伊保内６－１７,,37049,岩手県,九戸郡九戸村,伊保内,2022/06/14,2022/06/17,2022/06/17,2022/06/21,2028/06/20,,,,,,,,,,,二保第86-56号,,魚介類販売業,,　,,048_岩手県_二戸保健所_食品衛生(許可-届出)_2022年07月_末日_新規,卸売業，小売業,飲食料品小売業,,,,,,,,,髙松魚店,髙松魚店,,,2,,,,,タカマツギョテン
fBiz0000139621,2,株式会社　軽米町産業開発,山本賢一,0286221,岩手県,九戸郡軽米町,大字晴山,22-38-1,,0195-43-4666,フェアリ外売店,フェアリソトバイテン,0286411,岩手県,九戸郡軽米町,大字小軽米,20-3-1,,0195-45-3137,① 飲食店営業,売店,2022/6/14,二保第86-51号,2022/6/17,2022/6/17,2022/6/21,2028/6/20,　,,二戸保健所,フェアリ外売店,0195,0195-45-3137,0286411,,,岩手県　九戸郡軽米町　大字小軽米　20-3-1,岩手県九戸郡軽米町小軽米２０－３－１,,36952,岩手県,九戸郡軽米町,小軽米,2022/06/14,2022/06/17,2022/06/17,2022/06/21,2028/06/20,株式会社　軽米町産業開発,山本賢一,0195-43-4666,岩手県　九戸郡軽米町　大字晴山　22-38-1,岩手県九戸郡軽米町晴山２２－３８－１,,36955,岩手県,九戸郡軽米町,晴山,二保第86-51号,,飲食店営業, 売店,　,,048_岩手県_二戸保健所_食品衛生(許可-届出)_2022年07月_末日_新規,宿泊業，飲食サービス業,飲食店,,,,,,,,,フェアリ外売店,フェアリ外売店,株式会社軽米町産業開発,,1,,,,,フェアリソトバイテン
fBiz0000139621,3,株式会社　軽米町産業開発,山本賢一,0286221,岩手県,九戸郡軽米町,大字晴山,22-38-1,,0195-43-4666,レストランフェアリ,レストランフェアリ,0286411,岩手県,九戸郡軽米町,大字小軽米,20-3-1,,0195-45-3137,① 飲食店営業,レストラン,2022/6/14,二保第86-52号,2022/6/17,2022/6/17,2022/6/21,2028/6/20,　,,二戸保健所,レストランフェアリ,0195,0195-45-3137,0286411,,,岩手県　九戸郡軽米町　大字小軽米　20-3-1,岩手県九戸郡軽米町小軽米２０－３－１,,36952,岩手県,九戸郡軽米町,小軽米,2022/06/14,2022/06/17,2022/06/17,2022/06/21,2028/06/20,株式会社　軽米町産業開発,山本賢一,0195-43-4666,岩手県　九戸郡軽米町　大字晴山　22-38-1,岩手県九戸郡軽米町晴山２２－３８－１,,36955,岩手県,九戸郡軽米町,晴山,二保第86-52号,,飲食店営業, レストラン,　,,048_岩手県_二戸保健所_食品衛生(許可-届出)_2022年07月_末日_新規,宿泊業，飲食サービス業,飲食店,,,,,,,,,レストランフェアリ,レストランフェアリ,株式会社軽米町産業開発,,1,,,,,レストランフェアリ
fBiz0000165268,2,株式会社佐善商店,佐藤善弘,0286101,岩手県,二戸市,福岡字落久保,25番地,,0195-23-3136,佐善商店,サゼンショウテン,0286101,岩手県,二戸市,福岡字落久保,２５番地,,0195-23-3136,⑪ 菓子製造業,,2022/6/14,二保第86-54号,2022/6/17,2022/6/17,2022/6/21,2027/6/20,　,,二戸保健所,佐善商店,0195,0195-23-3136,0286101,,,岩手県　二戸市　福岡字落久保　２５番地,岩手県二戸市福岡字落久保２５番地,,34222,岩手県,二戸市,福岡,2022/06/14,2022/06/17,2022/06/17,2022/06/21,2027/06/20,株式会社佐善商店,佐藤善弘,0195-23-3136,岩手県　二戸市　福岡字落久保　25番地,岩手県二戸市福岡字落久保２５番地,,34222,岩手県,二戸市,福岡,二保第86-54号,,菓子製造業,,　,,048_岩手県_二戸保健所_食品衛生(許可-届出)_2022年07月_末日_新規,製造業,食料品製造業,,,,,,,,,佐善商店,佐善商店,株式会社佐善商店,,1,,,,,サゼンショウテン
fBiz0000252518,1,猿舘常男,,0286101,岩手県,二戸市,福岡字中町,28,,,小桜屋,コザクラヤ,0286101,岩手県,二戸市,福岡字中町,28,,0195-23-2430,⑪ 菓子製造業,,2022/6/14,二保第86-53号,2022/6/17,2022/6/17,2022/6/21,2027/6/20,　,,二戸保健所,小桜屋,0195,0195-23-2430,0286101,,,岩手県　二戸市　福岡字中町　28,岩手県二戸市福岡字中町２８,,34222,岩手県,二戸市,福岡,2022/06/14,2022/06/17,2022/06/17,2022/06/21,2027/06/20,,,,,,,,,,,二保第86-53号,,菓子製造業,,　,,048_岩手県_二戸保健所_食品衛生(許可-届出)_2022年07月_末日_新規,製造業,食料品製造業,,,,,,,,,小桜屋,小桜屋,,,1,,,,,コザクラヤ
fBiz0000252524,1,久慈清一,,0285312,岩手県,二戸郡一戸町,一戸字本町,35,,,久慈本店,クジホンテン,0285312,岩手県,二戸郡一戸町,一戸字本町,35,,0195-32-2009,⑳ みそ又はしょうゆ製造業,,2022/6/14,二保第86-57号,2022/6/17,2022/6/17,2022/6/21,2027/6/20,　,,二戸保健所,久慈本店,0195,0195-32-2009,0285312,,,岩手県　二戸郡一戸町　一戸字本町　35,岩手県二戸郡一戸町一戸字本町３５,,37586,岩手県,二戸郡一戸町,一戸,2022/06/14,2022/06/17,2022/06/17,2022/06/21,2027/06/20,,,,,,,,,,,二保第86-57号,,みそ製造業,,　,,048_岩手県_二戸保健所_食品衛生(許可-届出)_2022年07月_末日_新規,製造業,食料品製造業,,,,,,,,,久慈本店,久慈本店,,,1,,,,,クジホンテン
fBiz0000256057,1,株式会社ホワイト,村上奈々,9880174,宮城県,気仙沼市,赤岩大滝,7-12,,0226-25-9225,ミニストップ折爪SA上り店,ミニストップオリツメサービスエリアノボリテン,0286222,岩手県,九戸郡軽米町,山内,第４地割111-62-1,,0195-47-2270,① 飲食店営業,コンビニエンスストア,2022/6/20,二保第86-69号,2022/6/27,2022/6/27,2022/6/27,2029/9/20,　,,二戸保健所,ミニストップ折爪SA上り店,0195,0195-47-2270,0286222,,,岩手県　九戸郡軽米町　山内　第４地割111-62-1,岩手県九戸郡軽米町山内第４地割１１１－６２－１,,37234,岩手県,九戸郡軽米町,山内第４地割,2022/06/20,2022/06/27,2022/06/27,2022/06/27,2029/09/20,株式会社ホワイト,村上奈々,0226-25-9225,宮城県　気仙沼市　赤岩大滝　7-12,宮城県気仙沼市赤岩大滝７－１２,,39127,宮城県,気仙沼市,赤岩大滝,二保第86-69号,,飲食店営業, コンビニエンスストア,　,,048_岩手県_二戸保健所_食品衛生(許可-届出)_2022年07月_末日_新規,宿泊業，飲食サービス業,飲食店,,,,,,,,,ミニストップ折爪ＳＡ上り店,ミニストップ折爪ＳＡ上り店,株式会社ホワイト,ミニストップ,2,卸売業，小売業,飲食料品小売業,その他の飲食料品小売業,コンビニエンスストア（飲食料品を中心とするものに限る）,ミニストップオリツメサービスエリアノボリテン
fBiz0000081323,2,株式会社馬場園芸,馬場淳,0286864,岩手県,二戸市,浄法寺町門前向,49番地6,,0195-43-3851,株式会社馬場園芸加工場,カブシキガイシャババエンゲイカコウジョウ,0286851,岩手県,二戸市,浄法寺町小池,60番地2,,0195-43-3851,㉕ そうざい製造業,,2022/6/29,二保第86-71号,2021/9/3,2021/9/3,2021/9/3,2028/11/20, ,,二戸保健所,株式会社馬場園芸加工場,0195,0195-43-3851,0286851,,,岩手県　二戸市　浄法寺町小池　60番地2,岩手県二戸市浄法寺町小池６０番地２,,34296,岩手県,二戸市,浄法寺町小池,2022/06/29,2021/09/03,2021/09/03,2021/09/03,2028/11/20,株式会社馬場園芸,馬場淳,0195-43-3851,岩手県　二戸市　浄法寺町門前向　49番地6,岩手県二戸市浄法寺町門前向４９番地６,,34392,岩手県,二戸市,浄法寺町門前向,二保第86-71号,,そうざい製造業,, ,,048_岩手県_二戸保健所_食品衛生(許可-届出)_2022年07月_末日_新規,製造業,食料品製造業,,,,,,,,,株式会社馬場園芸加工場,株式会社馬場園芸加工場,株式会社馬場園芸,,3,,,,,カブシキガイシャババエンゲイカコウジョウ
fBiz0000109876,2,テーオー食品株式会社,高橋征一,,東京都,豊島区,南長崎１丁目２番４号,,,03-3952-1381,テーオー食品株式会社　岩手工場,テーオーショクヒンカブシキガイシャ　イワテコウジョウ,0286505,岩手県,九戸郡九戸村,大字江刺家,20-20-15,,0195-42-3511,⑲ 食用油脂製造業,,2022/7/12,二保第86-75号,2022/7/15,2022/7/15,2022/7/15,2029/9/20,　,,二戸保健所,テーオー食品株式会社　岩手工場,0195,0195-42-3511,0286505,,,岩手県　九戸郡九戸村　大字江刺家　20-20-15,岩手県九戸郡九戸村江刺家２０－２０－１５,,37050,岩手県,九戸郡九戸村,江刺家,2022/07/12,2022/07/15,2022/07/15,2022/07/15,2029/09/20,テーオー食品株式会社,高橋征一,03-3952-1381,東京都　豊島区　南長崎１丁目２番４号　,東京都豊島区南長崎１丁目２番４号,,74842,東京都,豊島区,南長崎１,二保第86-75号,,食用油脂製造業,,　,,048_岩手県_二戸保健所_食品衛生(許可-届出)_2022年07月_末日_新規,製造業,食料品製造業,,,,,,,,,テーオー食品株式会社岩手工場,テオ食品株式会社岩手工場,テーオー食品株式会社,,3,,,,,テーオーショクヒンカブシキガイシャ　イワテコウジョウ
fBiz0000109876,2,テーオー食品株式会社,高橋征一,,東京都,豊島区,南長崎１丁目２番４号,,,03-3952-1381,テーオー食品株式会社　岩手工場,テーオーショクヒンカブシキガイシャ　イワテコウジョウ,0286505,岩手県,九戸郡九戸村,大字江刺家,20-20-15,,0195-42-3511,㉚ 密封包装食品製造業,,2022/7/12,二保第86-76号,2022/7/15,2022/7/15,2022/7/15,2029/9/20,　,,二戸保健所,テーオー食品株式会社　岩手工場,0195,0195-42-3511,0286505,,,岩手県　九戸郡九戸村　大字江刺家　20-20-15,岩手県九戸郡九戸村江刺家２０－２０－１５,,37050,岩手県,九戸郡九戸村,江刺家,2022/07/12,2022/07/15,2022/07/15,2022/07/15,2029/09/20,テーオー食品株式会社,高橋征一,03-3952-1381,東京都　豊島区　南長崎１丁目２番４号　,東京都豊島区南長崎１丁目２番４号,,74842,東京都,豊島区,南長崎１,二保第86-76号,,密封包装食品製造業,,　,,048_岩手県_二戸保健所_食品衛生(許可-届出)_2022年07月_末日_新規,製造業,食料品製造業,,,,,,,,,テーオー食品株式会社岩手工場,テオ食品株式会社岩手工場,テーオー食品株式会社,,3,,,,,テーオーショクヒンカブシキガイシャ　イワテコウジョウ
fBiz0000269055,1,苅谷静子,,0286303,岩手県,九戸郡軽米町,大字高家,4-53-18,,,晴高どんどん市場,セイコウドンドンイチバ,0286303,岩手県,九戸郡軽米町,大字高家,7-54-1,,0195-46-3115,㉕ そうざい製造業,,2022/7/25,二保第86-82号,2022/7/27,2022/7/27,2022/7/27,2027/9/20,　,,二戸保健所,晴高どんどん市場,0195,0195-46-3115,0286303,,,岩手県　九戸郡軽米町　大字高家　7-54-1,岩手県九戸郡軽米町高家７－５４－１,,36951,岩手県,九戸郡軽米町,高家,2022/07/25,2022/07/27,2022/07/27,2022/07/27,2027/09/20,,,,,,,,,,,二保第86-82号,,そうざい製造業,,　,,048_岩手県_二戸保健所_食品衛生(許可-届出)_2022年07月_末日_新規,製造業,食料品製造業,,,,,,,,,晴高どんどん市場,晴高どんどん市場,,,2,,,,,セイコウドンドンイチバ
fBiz0000269055,1,苅谷静子,,0286303,岩手県,九戸郡軽米町,大字高家,4-53-18,,,晴高どんどん市場,セイコウドンドンイチバ,0286303,岩手県,九戸郡軽米町,大字高家,7-54-1,,0195-46-3115,㉙ 漬物製造業,,2022/7/25,二保第86-83号,2022/7/27,2022/7/27,2022/7/27,2027/9/20,　,,二戸保健所,晴高どんどん市場,0195,0195-46-3115,0286303,,,岩手県　九戸郡軽米町　大字高家　7-54-1,岩手県九戸郡軽米町高家７－５４－１,,36951,岩手県,九戸郡軽米町,高家,2022/07/25,2022/07/27,2022/07/27,2022/07/27,2027/09/20,,,,,,,,,,,二保第86-83号,,漬物製造業,,　,,048_岩手県_二戸保健所_食品衛生(許可-届出)_2022年07月_末日_新規,製造業,食料品製造業,,,,,,,,,晴高どんどん市場,晴高どんどん市場,,,2,,,,,セイコウドンドンイチバ