11:57:33,,,,,,,,,,,,,,,,,,,,,,,,,,,,,,,,,,,,,,,,,,,,,,,,,,,,,,,,,,,,,,,,,,,,,,,,,
,n処理終了,,,,,,,,,,,,,,,,n10_company_name_maintenance,完了,,,,,,,,,,,,,,,,,,,,,,,,,,,,,,,,,,,,,,,,,,,,,,,,,,,,,,,
施設名,施設-住所0,施設-住所1,施設-マンション名,施設-電話番号1,申請者1,申請者2,申請-住所0,申請-住所1,申請-住所2,確認番号,業種,業態,申請年月日,許可年月日,許可期間開始日,許可期間終了日,ここまで,,,,,,,,,,,,,,,,,,,,,,,,,,,,,,,,,,,,,,,,,,,,,,,,,,,,,,,,
屋号名称,営業所所在地,施設-住所1,施設-マンション名,営業所_電話番号,申請者氏名,代表者氏名,申請者住所　印刷用,申請-住所1,申請-住所2,許可番号,営業の種類,業態,初回許可年月日,許可年月日,許可開始日,許可満了日,,管轄保健所,名称,市外局番,電話番号,施設の郵便番号,緯度,経度,施設の住所（元住所）,施設の住所（整備）,施設マンション名,施設-住所コード,施設-都道府県,施設-郡・政令市・市区町村名,施設-大字名・字名,申請年月日,開業年月日,許可年月日,許可期間開始日,許可期間終了日,申請法人,申請者氏名(個人名),申請者（開設者）の電話番号,申請者の住所（元住所）,申請者の住所（整備）,申請マンション名,申請-住所コード,申請-都道府県,申請-郡・政令市・市区町村名,申請-大字名・字名,確認番号,申請区分,業種,業態,その他,法人番号,シート名,産業分類大,産業分類中,産業分類小,産業分類詳細,facility_idを識別するための文字列,店舗コード,company_idを識別するための文字列,法人コード,ライセンスコード,検索用日付,整備名称,整備名称2,整備申請法人,チェーン店名,重複確認,店舗業種(大),店舗業種(中),店舗業種(小),店舗業種(詳細),施設名のフリガナ
スナックニューカネ,北九州市門司区高田一丁目２－２０,北九州市門司区高田１丁目２－２０,,,池喜代香,,,,,2022-20478,飲食店営業,一般食堂,2022/7/28,2022/7/28,2022/9/1,2028/8/31,,北九州市保健所,スナックニューカネ,093,,,,,北九州市門司区高田１丁目２－２０,福岡県北九州市門司区高田１丁目２－２０,,198288,福岡県,北九州市門司区,高田１,2022/07/28,,2022/07/28,2022/09/01,2028/08/31,,,,,,,,,,,2022-20478,,飲食店営業, 一般食堂,,,390_福岡県_北九州市保健所_食品衛生(許可)_2022年07月_末日_新規,宿泊業，飲食サービス業,飲食店,,,,,,,,,スナックニューカネ,スナックニュカネ,,,1,,,,,
INFO SHOP 大都会門司港,北九州市門司区老松町２－１１,北九州市門司区老松町２－１１,,,米澤豪,,,,,2022-10054,飲食店営業,ブックカフェ,2022/7/29,2022/7/29,2022/9/1,2028/8/31,,北九州市保健所,INFO SHOP 大都会門司港,093,,,,,北九州市門司区老松町２－１１,福岡県北九州市門司区老松町２－１１,,198205,福岡県,北九州市門司区,老松町,2022/07/29,,2022/07/29,2022/09/01,2028/08/31,,,,,,,,,,,2022-10054,,飲食店営業, ブックカフェ,,,390_福岡県_北九州市保健所_食品衛生(許可)_2022年07月_末日_新規,宿泊業，飲食サービス業,飲食店,,,,,,,,,ＩＮＦＯ　ＳＨＯＰ　大都会門司港,ＩＮＦＯＳＨＯＰ大都会門司港,,,1,,,,,
ももんじ,北九州市門司区白野江三丁目２８－１,北九州市門司区白野江３丁目２８－１,,,堤秀和,,,,,2022-20343,食肉処理業,,2022/7/8,2022/7/8,2022/7/8,2028/7/31,,北九州市保健所,ももんじ,093,,,,,北九州市門司区白野江３丁目２８－１,福岡県北九州市門司区白野江３丁目２８－１,,198273,福岡県,北九州市門司区,白野江３,2022/07/08,,2022/07/08,2022/07/08,2028/07/31,,,,,,,,,,,2022-20343,,食肉販売業,,,,390_福岡県_北九州市保健所_食品衛生(許可)_2022年07月_末日_新規,卸売業，小売業,飲食料品小売業,食肉小売業,,,,,,,,ももんじ,ももんじ,,,1,,,,,
（未定）,北九州市門司区栄町７－３,北九州市門司区栄町７－３,,,合同会社若東,曹若東,福岡県北九州市門司区栄町７－３,福岡県北九州市門司区栄町７－３,,2022-20474,飲食店営業,,2022/7/26,2022/7/26,2022/7/26,2028/7/31,,北九州市保健所,（未定）,093,,,,,北九州市門司区栄町７－３,福岡県北九州市門司区栄町７－３,,198263,福岡県,北九州市門司区,栄町,2022/07/26,,2022/07/26,2022/07/26,2028/07/31,合同会社若東,曹若東,,福岡県北九州市門司区栄町７－３　,福岡県北九州市門司区栄町７－３,,198263,福岡県,北九州市門司区,栄町,2022-20474,,飲食店営業,,,,390_福岡県_北九州市保健所_食品衛生(許可)_2022年07月_末日_新規,宿泊業，飲食サービス業,飲食店,,,,,,,,,（未定）,未定,合同会社若東,,1,,,,,
豊国学園高等学校食堂,北九州市門司区柳町四丁目５－１,北九州市門司区柳町４丁目５－１,,093-372-1388,有限会社坪根,三嶋優子,福岡県北九州市門司区風師二丁目３－２４,福岡県北九州市門司区風師２丁目３－２４,,2022-10053,飲食店営業,一般食堂,2022/7/21,2022/7/21,2022/8/1,2028/7/31,,北九州市保健所,豊国学園高等学校食堂,093,093-372-1388,,,,北九州市門司区柳町４丁目５－１,福岡県北九州市門司区柳町４丁目５－１,,198379,福岡県,北九州市門司区,柳町４,2022/07/21,,2022/07/21,2022/08/01,2028/07/31,有限会社坪根,三嶋優子,,福岡県北九州市門司区風師２丁目３－２４　,福岡県北九州市門司区風師２丁目３－２４,,198218,福岡県,北九州市門司区,風師２,2022-10053,,飲食店営業, 一般食堂,,,390_福岡県_北九州市保健所_食品衛生(許可)_2022年07月_末日_新規,宿泊業，飲食サービス業,飲食店,,,,,,,,,豊国学園高等学校食堂,豊国学園高等学校食堂,有限会社坪根,,1,,,,,
からあげ輝鶏,北九州市門司区柳町二丁目５－１,北九州市門司区柳町２丁目５－１,,093-371-6477,有限会社アガペ創美,井上雄輝,福岡県北九州市小倉南区高津尾１３７－１,福岡県北九州市小倉南区高津尾１３７－１,,2022-10049,飲食店営業,弁当屋,2022/7/11,2022/7/11,2022/9/1,2028/8/31,,北九州市保健所,からあげ輝鶏,093,093-371-6477,,,,北九州市門司区柳町２丁目５－１,福岡県北九州市門司区柳町２丁目５－１,,198377,福岡県,北九州市門司区,柳町２,2022/07/11,,2022/07/11,2022/09/01,2028/08/31,有限会社アガペ創美,井上雄輝,,福岡県北九州市小倉南区高津尾１３７－１　,福岡県北九州市小倉南区高津尾１３７－１,,198943,福岡県,北九州市小倉南区,高津尾,2022-10049,,飲食店営業, 弁当屋,,,390_福岡県_北九州市保健所_食品衛生(許可)_2022年07月_末日_新規,宿泊業，飲食サービス業,飲食店,,,,,,,,,からあげ輝鶏,からあげ輝鶏,有限会社アガペ創美,,1,,,,,
Bar　WING,北九州市門司区柳町二丁目２－２２門司駅前BLDG２F,北九州市門司区柳町２丁目２－２２,門司駅前BLDG２F,093-391-9519,徳永安紀,,,,,2022-10028,飲食店営業,バー,2022/7/28,2022/7/28,2022/7/28,2028/7/31,,北九州市保健所,Bar　WING,093,093-391-9519,,,,北九州市門司区柳町２丁目２－２２,福岡県北九州市門司区柳町２丁目２－２２,門司駅前BLDG２F,198377,福岡県,北九州市門司区,柳町２,2022/07/28,,2022/07/28,2022/07/28,2028/07/31,,,,,,,,,,,2022-10028,,飲食店営業, バー,,,390_福岡県_北九州市保健所_食品衛生(許可)_2022年07月_末日_新規,宿泊業，飲食サービス業,飲食店,,,,,,,,,Ｂａｒ　ＷＩＮＧ,ＢａｒＷＩＮＧ,,,1,,,,,
お魚本舗　輝鮮,北九州市門司区柳町一丁目９－２３和光ビル１F,北九州市門司区柳町１丁目９－２３,和光ビル１F,093-391-0600,笹井愛,,,,,2022-20388,飲食店営業,弁当屋,2022/7/1,2022/7/1,2022/7/1,2028/6/30,,北九州市保健所,お魚本舗　輝鮮,093,093-391-0600,,,,北九州市門司区柳町１丁目９－２３,福岡県北九州市門司区柳町１丁目９－２３,和光ビル１F,198376,福岡県,北九州市門司区,柳町１,2022/07/01,,2022/07/01,2022/07/01,2028/06/30,,,,,,,,,,,2022-20388,,飲食店営業, 弁当屋,,,390_福岡県_北九州市保健所_食品衛生(許可)_2022年07月_末日_新規,宿泊業，飲食サービス業,飲食店,,,,,,,,,お魚本舗　輝鮮,お魚本舗輝鮮,,,1,,,,,
すえ家,北九州市門司区柳町一丁目６－７,北九州市門司区柳町１丁目６－７,,093-372-9555,有延マリ子,,,,,2022-10047,飲食店営業,一般食堂,2022/7/4,2022/7/4,2022/8/1,2028/7/31,,北九州市保健所,すえ家,093,093-372-9555,,,,北九州市門司区柳町１丁目６－７,福岡県北九州市門司区柳町１丁目６－７,,198376,福岡県,北九州市門司区,柳町１,2022/07/04,,2022/07/04,2022/08/01,2028/07/31,,,,,,,,,,,2022-10047,,飲食店営業, 一般食堂,,,390_福岡県_北九州市保健所_食品衛生(許可)_2022年07月_末日_新規,宿泊業，飲食サービス業,飲食店,,,,,,,,,すえ家,すえ家,,,1,,,,,
こやまこおふぃ,北九州市門司区柳町一丁目５－２５,北九州市門司区柳町１丁目５－２５,,093-391-3694,小山徹,,,,,2022-10051,飲食店営業,一般食堂,2022/7/15,2022/7/15,2022/9/1,2028/8/31,,北九州市保健所,こやまこおふぃ,093,093-391-3694,,,,北九州市門司区柳町１丁目５－２５,福岡県北九州市門司区柳町１丁目５－２５,,198376,福岡県,北九州市門司区,柳町１,2022/07/15,,2022/07/15,2022/09/01,2028/08/31,,,,,,,,,,,2022-10051,,飲食店営業, 一般食堂,,,390_福岡県_北九州市保健所_食品衛生(許可)_2022年07月_末日_新規,宿泊業，飲食サービス業,飲食店,,,,,,,,,こやまこおふぃ,こやまこおふぃ,,,1,,,,,
喫茶カド,北九州市門司区柳町一丁目３－１３,北九州市門司区柳町１丁目３－１３,,093-381-2547,角田桂子,,,,,2022-10052,飲食店営業,一般食堂,2022/7/21,2022/7/21,2022/9/1,2028/8/31,,北九州市保健所,喫茶カド,093,093-381-2547,,,,北九州市門司区柳町１丁目３－１３,福岡県北九州市門司区柳町１丁目３－１３,,198376,福岡県,北九州市門司区,柳町１,2022/07/21,,2022/07/21,2022/09/01,2028/08/31,,,,,,,,,,,2022-10052,,飲食店営業, 一般食堂,,,390_福岡県_北九州市保健所_食品衛生(許可)_2022年07月_末日_新規,宿泊業，飲食サービス業,飲食店,,,,,,,,,喫茶カド,喫茶カド,,,1,,,,,
ぬかみそだきのふじた,北九州市門司区松原三丁目４－６,北九州市門司区松原３丁目４－６,,,株式会社ふじた,藤田浩三,福岡県北九州市門司区松原三丁目４－６,福岡県北九州市門司区松原３丁目４－６,,2022-20451,冷凍食品製造業,,2022/7/26,2022/7/26,2022/7/26,2028/7/31,,北九州市保健所,ぬかみそだきのふじた,093,,,,,北九州市門司区松原３丁目４－６,福岡県北九州市門司区松原３丁目４－６,,198363,福岡県,北九州市門司区,松原３,2022/07/26,,2022/07/26,2022/07/26,2028/07/31,株式会社ふじた,藤田浩三,,福岡県北九州市門司区松原３丁目４－６　,福岡県北九州市門司区松原３丁目４－６,,198363,福岡県,北九州市門司区,松原３,2022-20451,,冷凍食品製造業,,,,390_福岡県_北九州市保健所_食品衛生(許可)_2022年07月_末日_新規,製造業,食料品製造業,,,,,,,,,ぬかみそだきのふじた,ぬかみそだきのふじた,株式会社ふじた,,1,,,,,
S・tart・in,北九州市門司区東門司二丁目１－１９,北九州市門司区東門司２丁目１－１９,,,貞岡朋宏,,,,,2022-10050,菓子製造業,,2022/7/14,2022/7/14,2022/9/1,2028/8/31,,北九州市保健所,S・tart・in,093,,,,,北九州市門司区東門司２丁目１－１９,福岡県北九州市門司区東門司２丁目１－１９,,198346,福岡県,北九州市門司区,東門司２,2022/07/14,,2022/07/14,2022/09/01,2028/08/31,,,,,,,,,,,2022-10050,,菓子製造業,,,,390_福岡県_北九州市保健所_食品衛生(許可)_2022年07月_末日_新規,製造業,食料品製造業,,,,,,,,,Ｓ・ｔａｒｔ・ｉｎ,Ｓｔａｒｔｉｎ,,,1,,,,,
金山堂書店,北九州市門司区本町１－１１,北九州市門司区本町１－１１,,093-331-1505,株式会社金山堂,菅中誠二,福岡県北九州市門司区本町１－１１,福岡県北九州市門司区本町１－１１,,2022-20449,飲食店営業,テイクアウト,2022/7/21,2022/7/21,2022/7/21,2028/7/31,,北九州市保健所,金山堂書店,093,093-331-1505,,,,北九州市門司区本町１－１１,福岡県北九州市門司区本町１－１１,,198359,福岡県,北九州市門司区,本町,2022/07/21,,2022/07/21,2022/07/21,2028/07/31,株式会社金山堂,菅中誠二,,福岡県北九州市門司区本町１－１１　,福岡県北九州市門司区本町１－１１,,198359,福岡県,北九州市門司区,本町,2022-20449,,飲食店営業, テイクアウト,,,390_福岡県_北九州市保健所_食品衛生(許可)_2022年07月_末日_新規,宿泊業，飲食サービス業,飲食店,,,,,,,,,金山堂書店,金山堂書店,株式会社金山堂,,1,,,,,
株式会社名門大洋フェリーターミナル食堂,北九州市門司区新門司１－６,北九州市門司区新門司１－６,,093-481-1785,株式会社シティラインサービス,野口恭広,大阪府大阪市西区江戸堀一丁目９－６,大阪府大阪市西区江戸堀１丁目９－６,,2022-10048,飲食店営業,一般食堂,2022/7/8,2022/7/8,2022/9/1,2029/8/31,,北九州市保健所,株式会社名門大洋フェリーターミナル食堂,093,093-481-1785,,,,北九州市門司区新門司１－６,福岡県北九州市門司区新門司１－６,,198278,福岡県,北九州市門司区,新門司１,2022/07/08,,2022/07/08,2022/09/01,2029/08/31,株式会社シティラインサービス,野口恭広,,大阪府大阪市西区江戸堀１丁目９－６　,大阪府大阪市西区江戸堀１丁目９－６,,154378,大阪府,大阪市西区,江戸堀１,2022-10048,,飲食店営業, 一般食堂,,,390_福岡県_北九州市保健所_食品衛生(許可)_2022年07月_末日_新規,宿泊業，飲食サービス業,飲食店,,,,,,,,,株式会社名門大洋フェリーターミナル食堂,株式会社名門大洋フェリタミナル食堂,株式会社シティラインサービス,,1,,,,,
ひもろぎ,北九州市門司区大字門司３４９２,北九州市門司区大字門司３４９２,,,高瀨知里,,,,,2022-20385,飲食店営業,,2022/7/1,2022/7/1,2022/8/1,2028/7/31,,北九州市保健所,ひもろぎ,093,,,,,北九州市門司区大字門司３４９２,福岡県北九州市門司区門司３４９２,,198373,福岡県,北九州市門司区,門司,2022/07/01,,2022/07/01,2022/08/01,2028/07/31,,,,,,,,,,,2022-20385,,飲食店営業,,,,390_福岡県_北九州市保健所_食品衛生(許可)_2022年07月_末日_新規,宿泊業，飲食サービス業,飲食店,,,,,,,,,ひもろぎ,ひもろぎ,,,1,,,,,
金福のにくまん,北九州市若松区高須東四丁目２－８共栄ビル１F　C号室,北九州市若松区高須東４丁目２－８,共栄ビル１F C号室,093-741-3638,株式会社金福,江智武,福岡県北九州市若松区大字大鳥居４６２－１,福岡県北九州市若松区大字大鳥居４６２－１,,2022-60204,そうざい製造業,,2022/7/19,2022/7/19,2022/7/19,2028/7/31,,北九州市保健所,金福のにくまん,093,093-741-3638,,,,北九州市若松区高須東４丁目２－８,福岡県北九州市若松区高須東４丁目２－８,共栄ビル１F C号室,198524,福岡県,北九州市若松区,高須東４,2022/07/19,,2022/07/19,2022/07/19,2028/07/31,株式会社金福,江智武,,福岡県北九州市若松区大字大鳥居４６２－１　,福岡県北九州市若松区大鳥居４６２－１,,198414,福岡県,北九州市若松区,大鳥居,2022-60204,,そうざい製造業,,,,390_福岡県_北九州市保健所_食品衛生(許可)_2022年07月_末日_新規,製造業,食料品製造業,,,,,,,,,金福のにくまん,金福のにくまん,株式会社金福,,1,,,,,
小春日和,北九州市若松区青葉台西四丁目１１－６,北九州市若松区青葉台西４丁目１１－６,,,坂口勇貴,,,,,2022-60184,菓子製造業,,2022/7/21,2022/7/21,2022/8/1,2028/7/31,,北九州市保健所,小春日和,093,,,,,北九州市若松区青葉台西４丁目１１－６,福岡県北九州市若松区青葉台西４丁目１１－６,,198535,福岡県,北九州市若松区,青葉台西４,2022/07/21,,2022/07/21,2022/08/01,2028/07/31,,,,,,,,,,,2022-60184,,菓子製造業,,,,390_福岡県_北九州市保健所_食品衛生(許可)_2022年07月_末日_新規,製造業,食料品製造業,,,,,,,,,小春日和,小春日和,,,1,,,,,
ナーシングホームわかまつ,北九州市若松区花野路一丁目３－１,北九州市若松区花野路１丁目３－１,,093-701-6601,株式会社サンワシステムサービス,寺本智,福岡県行橋市西泉七丁目４－６,福岡県行橋市西泉７丁目４－６,,2022-20365,飲食店営業,給食,2022/7/13,2022/7/13,2022/7/13,2029/7/31,,北九州市保健所,ナーシングホームわかまつ,093,093-701-6601,,,,北九州市若松区花野路１丁目３－１,福岡県北九州市若松区花野路１丁目３－１,,198544,福岡県,北九州市若松区,花野路１,2022/07/13,,2022/07/13,2022/07/13,2029/07/31,株式会社サンワシステムサービス,寺本智,,福岡県行橋市西泉７丁目４－６　,福岡県行橋市西泉７丁目４－６,,201964,福岡県,行橋市,西泉７,2022-20365,,飲食店営業, 給食,,,390_福岡県_北九州市保健所_食品衛生(許可)_2022年07月_末日_新規,宿泊業，飲食サービス業,飲食店,,,,,,,,,ナーシングホームわかまつ,ナシングホムわかまつ,株式会社サンワシステムサービス,,1,,,,,
ｎｉｃｏｌａ,北九州市若松区童子丸二丁目３－９　１F,北九州市若松区童子丸２丁目３－９,１F,093-980-1823,光永知恵,,,,,2022-40031,飲食店営業,,2022/7/7,2022/7/7,2022/8/1,2028/7/31,,北九州市保健所,ｎｉｃｏｌａ,093,093-980-1823,,,,北九州市若松区童子丸２丁目３－９,福岡県北九州市若松区童子丸２丁目３－９,１F,198444,福岡県,北九州市若松区,童子丸２,2022/07/07,,2022/07/07,2022/08/01,2028/07/31,,,,,,,,,,,2022-40031,,飲食店営業,,,,390_福岡県_北九州市保健所_食品衛生(許可)_2022年07月_末日_新規,宿泊業，飲食サービス業,飲食店,,,,,,,,,ｎｉｃｏｌａ,ｎｉｃｏｌａ,,,1,,,,,
Plus joy,北九州市若松区棚田町８－２０,北九州市若松区棚田町８－２０,,,有限会社多加喜,多加喜一,福岡県北九州市若松区棚田町８－２０,福岡県北九州市若松区棚田町８－２０,,2022-60206,飲食店営業,自動車営業,2022/7/12,2022/7/12,2022/7/12,2027/7/31,,北九州市保健所,Plus joy,093,,,,,北九州市若松区棚田町８－２０,福岡県北九州市若松区棚田町８－２０,,198441,福岡県,北九州市若松区,棚田町,2022/07/12,,2022/07/12,2022/07/12,2027/07/31,有限会社多加喜,多加喜一,,福岡県北九州市若松区棚田町８－２０　,福岡県北九州市若松区棚田町８－２０,,198441,福岡県,北九州市若松区,棚田町,2022-60206,,飲食店営業, 自動車営業,,,390_福岡県_北九州市保健所_食品衛生(許可)_2022年07月_末日_新規,宿泊業，飲食サービス業,飲食店,,,,,,,,,Ｐｌｕｓ　ｊｏｙ,Ｐｌｕｓｊｏｙ,有限会社多加喜,,1,,,,,
肉の米倉,北九州市若松区東二島三丁目３－２,北九州市若松区東二島３丁目３－２,,093-701-2630,株式会社肉の米倉,米倉武司,福岡県北九州市若松区東二島三丁目３－２,福岡県北九州市若松区東二島３丁目３－２,,2022-40029,食肉販売業,,2022/7/20,2022/7/20,2022/8/1,2028/7/31,,北九州市保健所,肉の米倉,093,093-701-2630,,,,北九州市若松区東二島３丁目３－２,福岡県北九州市若松区東二島３丁目３－２,,198470,福岡県,北九州市若松区,東二島３,2022/07/20,,2022/07/20,2022/08/01,2028/07/31,株式会社肉の米倉,米倉武司,,福岡県北九州市若松区東二島３丁目３－２　,福岡県北九州市若松区東二島３丁目３－２,,198470,福岡県,北九州市若松区,東二島３,2022-40029,,食肉販売業,,,,390_福岡県_北九州市保健所_食品衛生(許可)_2022年07月_末日_新規,卸売業，小売業,飲食料品小売業,食肉小売業,,,,,,,,肉の米倉,肉の米倉,株式会社肉の米倉,,1,,,,,
ダイニングバーフリーク,北九州市若松区本町二丁目６－２１,北九州市若松区本町２丁目６－２１,,,藤井誠二,,,,,2022-40036,飲食店営業,ダイニングバー,2022/7/31,2022/7/31,2022/8/1,2028/7/31,,北九州市保健所,ダイニングバーフリーク,093,,,,,北九州市若松区本町２丁目６－２１,福岡県北九州市若松区本町２丁目６－２１,,198487,福岡県,北九州市若松区,本町２,2022/07/31,,2022/07/31,2022/08/01,2028/07/31,,,,,,,,,,,2022-40036,,飲食店営業, ダイニングバー,,,390_福岡県_北九州市保健所_食品衛生(許可)_2022年07月_末日_新規,宿泊業，飲食サービス業,飲食店,,,,,,,,,ダイニングバーフリーク,ダイニングバフリク,,,1,,,,,
夕日の見える丘,北九州市若松区大字有毛２３７２－４,北九州市若松区大字有毛２３７２－４,,093-741-0118,有限会社望海荘,本田祐三子,福岡県北九州市若松区大字有毛２３７２－４,福岡県北九州市若松区大字有毛２３７２－４,,2022-40028,飲食店営業,レストラン,2022/7/4,2022/7/4,2022/8/1,2028/7/31,,北九州市保健所,夕日の見える丘,093,093-741-0118,,,,北九州市若松区大字有毛２３７２－４,福岡県北九州市若松区有毛２３７２－４,,198402,福岡県,北九州市若松区,有毛,2022/07/04,,2022/07/04,2022/08/01,2028/07/31,有限会社望海荘,本田祐三子,,福岡県北九州市若松区大字有毛２３７２－４　,福岡県北九州市若松区有毛２３７２－４,,198402,福岡県,北九州市若松区,有毛,2022-40028,,飲食店営業, レストラン,,,390_福岡県_北九州市保健所_食品衛生(許可)_2022年07月_末日_新規,宿泊業，飲食サービス業,飲食店,,,,,,,,,夕日の見える丘,夕日の見える丘,有限会社望海荘,,1,,,,,
GO　AOKI,北九州市若松区大井戸町５丁目２０－１,北九州市若松区大井戸町５丁目２０－１,,,青木清美,,,,,2022-40034,飲食店営業,,2022/7/26,2022/7/26,2022/7/26,2028/7/31,,北九州市保健所,GO　AOKI,093,,,,,北九州市若松区大井戸町５丁目２０－１,福岡県北九州市若松区大井戸町５丁目２０－１,,198412,福岡県,北九州市若松区,大井戸町,2022/07/26,,2022/07/26,2022/07/26,2028/07/31,,,,,,,,,,,2022-40034,,飲食店営業,,,,390_福岡県_北九州市保健所_食品衛生(許可)_2022年07月_末日_新規,宿泊業，飲食サービス業,飲食店,,,,,,,,,ＧＯ　ＡＯＫＩ,ＧＯＡＯＫＩ,,,2,,,,,
GO　AOKI,北九州市若松区大井戸町５丁目２０－１,北九州市若松区大井戸町５丁目２０－１,,,青木清美,,,,,2022-40035,菓子製造業,,2022/7/26,2022/7/26,2022/7/26,2028/7/31,,北九州市保健所,GO　AOKI,093,,,,,北九州市若松区大井戸町５丁目２０－１,福岡県北九州市若松区大井戸町５丁目２０－１,,198412,福岡県,北九州市若松区,大井戸町,2022/07/26,,2022/07/26,2022/07/26,2028/07/31,,,,,,,,,,,2022-40035,,菓子製造業,,,,390_福岡県_北九州市保健所_食品衛生(許可)_2022年07月_末日_新規,製造業,食料品製造業,,,,,,,,,ＧＯ　ＡＯＫＩ,ＧＯＡＯＫＩ,,,2,,,,,
焼とり次郎,北九州市若松区二島六丁目１－２９,北九州市若松区二島６丁目１－２９,,093-791-7349,久保田京子,,,,,2022-40030,飲食店営業,,2022/7/1,2022/7/1,2022/7/1,2028/7/31,,北九州市保健所,焼とり次郎,093,093-791-7349,,,,北九州市若松区二島６丁目１－２９,福岡県北九州市若松区二島６丁目１－２９,,198503,福岡県,北九州市若松区,二島６,2022/07/01,,2022/07/01,2022/07/01,2028/07/31,,,,,,,,,,,2022-40030,,飲食店営業,,,,390_福岡県_北九州市保健所_食品衛生(許可)_2022年07月_末日_新規,宿泊業，飲食サービス業,飲食店,,,,,,,,,焼とり次郎,焼とり次郎,,,1,,,,,
Ａｔｔｒａｉｔ,北九州市若松区二島五丁目１０－１１,北九州市若松区二島５丁目１０－１１,,,深谷記代美,,,,,2022-60116,菓子製造業,洋菓子店,2022/7/13,2022/7/13,2022/7/13,2028/7/31,,北九州市保健所,Ａｔｔｒａｉｔ,093,,,,,北九州市若松区二島５丁目１０－１１,福岡県北九州市若松区二島５丁目１０－１１,,198502,福岡県,北九州市若松区,二島５,2022/07/13,,2022/07/13,2022/07/13,2028/07/31,,,,,,,,,,,2022-60116,,菓子製造業, 洋菓子店,,,390_福岡県_北九州市保健所_食品衛生(許可)_2022年07月_末日_新規,製造業,食料品製造業,,,,,,,,,Ａｔｔｒａｉｔ,Ａｔｔｒａｉｔ,,,1,,,,,
焼き鳥こぐま,北九州市若松区二島一丁目３－２５ー１０１,北九州市若松区二島１丁目３－２５,ー１０１,,中木正弘,,,,,2022-60248,飲食店営業,,2022/7/27,2022/7/27,2022/7/27,2028/7/31,,北九州市保健所,焼き鳥こぐま,093,,,,,北九州市若松区二島１丁目３－２５,福岡県北九州市若松区二島１丁目３－２５,ー１０１,198498,福岡県,北九州市若松区,二島１,2022/07/27,,2022/07/27,2022/07/27,2028/07/31,,,,,,,,,,,2022-60248,,飲食店営業,,,,390_福岡県_北九州市保健所_食品衛生(許可)_2022年07月_末日_新規,宿泊業，飲食サービス業,飲食店,,,,,,,,,焼き鳥こぐま,焼き鳥こぐま,,,1,,,,,
スナック１０フラン,北九州市若松区中川町１－３０,北九州市若松区中川町１－３０,,093-751-8987,井上清子,,,,,2022-40032,飲食店営業,スナック,2022/7/28,2022/7/28,2022/8/1,2028/7/31,,北九州市保健所,スナック１０フラン,093,093-751-8987,,,,北九州市若松区中川町１－３０,福岡県北九州市若松区中川町１－３０,,198446,福岡県,北九州市若松区,中川町,2022/07/28,,2022/07/28,2022/08/01,2028/07/31,,,,,,,,,,,2022-40032,,飲食店営業, スナック,,,390_福岡県_北九州市保健所_食品衛生(許可)_2022年07月_末日_新規,宿泊業，飲食サービス業,飲食店,,,,,,,,,スナック１０フラン,スナック１０フラン,,,1,,,,,
ファミリア,北九州市戸畑区西大谷二丁目１０－３５,北九州市戸畑区西大谷２丁目１０－３５,,,野中悟,,,,,2022-60205,飲食店営業,自動車営業,2022/7/7,2022/7/7,2022/7/7,2027/7/31,,北九州市保健所,ファミリア,093,,,,,北九州市戸畑区西大谷２丁目１０－３５,福岡県北九州市戸畑区西大谷２丁目１０－３５,,198615,福岡県,北九州市戸畑区,西大谷２,2022/07/07,,2022/07/07,2022/07/07,2027/07/31,,,,,,,,,,,2022-60205,,飲食店営業, 自動車営業,,,390_福岡県_北九州市保健所_食品衛生(許可)_2022年07月_末日_新規,宿泊業，飲食サービス業,飲食店,,,,,,,,,ファミリア,ファミリア,,,1,,,,,
スナックさんとす,北九州市戸畑区浅生二丁目９－６ー１F,北九州市戸畑区浅生２丁目９－６,ー１F,,青柳三千枝,,,,,2022-70020,飲食店営業,スナック,2022/7/21,2022/7/21,2022/7/21,2028/7/31,,北九州市保健所,スナックさんとす,093,,,,,北九州市戸畑区浅生２丁目９－６,福岡県北九州市戸畑区浅生２丁目９－６,ー１F,198558,福岡県,北九州市戸畑区,浅生２,2022/07/21,,2022/07/21,2022/07/21,2028/07/31,,,,,,,,,,,2022-70020,,飲食店営業, スナック,,,390_福岡県_北九州市保健所_食品衛生(許可)_2022年07月_末日_新規,宿泊業，飲食サービス業,飲食店,,,,,,,,,スナックさんとす,スナックさんとす,,,1,,,,,
紅金魚,北九州市戸畑区浅生二丁目８－１３　浪漫館１階C号室,北九州市戸畑区浅生２丁目８－１３,浪漫館１階C号室,,岸良菜々子,,,,,2022-60199,飲食店営業,バー,2022/7/26,2022/7/26,2022/7/26,2028/7/31,,北九州市保健所,紅金魚,093,,,,,北九州市戸畑区浅生２丁目８－１３,福岡県北九州市戸畑区浅生２丁目８－１３,浪漫館１階C号室,198558,福岡県,北九州市戸畑区,浅生２,2022/07/26,,2022/07/26,2022/07/26,2028/07/31,,,,,,,,,,,2022-60199,,飲食店営業, バー,,,390_福岡県_北九州市保健所_食品衛生(許可)_2022年07月_末日_新規,宿泊業，飲食サービス業,飲食店,,,,,,,,,紅金魚,紅金魚,,,1,,,,,
焼鳥たかはし,北九州市戸畑区浅生二丁目１２－１４,北九州市戸畑区浅生２丁目１２－１４,,,髙橋廣子,,,,,2022-60202,そうざい製造業,,2022/7/15,2022/7/15,2022/7/15,2028/7/31,,北九州市保健所,焼鳥たかはし,093,,,,,北九州市戸畑区浅生２丁目１２－１４,福岡県北九州市戸畑区浅生２丁目１２－１４,,198558,福岡県,北九州市戸畑区,浅生２,2022/07/15,,2022/07/15,2022/07/15,2028/07/31,,,,,,,,,,,2022-60202,,そうざい製造業,,,,390_福岡県_北九州市保健所_食品衛生(許可)_2022年07月_末日_新規,製造業,食料品製造業,,,,,,,,,焼鳥たかはし,焼鳥たかはし,,,1,,,,,
エームＳＪ３７３８,北九州市戸畑区小芝二丁目４－３１戸畑リハビリテーション病院内BF,北九州市戸畑区小芝２丁目４－３１,戸畑リハビリテーション病院内BF,,エームサービスジャパン株式会社,小谷周,東京都港区赤坂二丁目２３－１,東京都港区赤坂２丁目２３－１,,2022-70018,飲食店営業,集団給食,2022/7/12,2022/7/12,2022/8/1,2029/7/31,,北九州市保健所,エームＳＪ３７３８,093,,,,,北九州市戸畑区小芝２丁目４－３１,福岡県北九州市戸畑区小芝２丁目４－３１,戸畑リハビリテーション病院内BF,198573,福岡県,北九州市戸畑区,小芝２,2022/07/12,,2022/07/12,2022/08/01,2029/07/31,エームサービスジャパン株式会社,小谷周,,東京都港区赤坂２丁目２３－１　,東京都港区赤坂２丁目２３－１,,73047,東京都,港区,赤坂２,2022-70018,,飲食店営業, 集団給食,,,390_福岡県_北九州市保健所_食品衛生(許可)_2022年07月_末日_新規,宿泊業，飲食サービス業,飲食店,,,,,,,,,エームＳＪ３７３８,エムＳＪ３７３８,エームサービスジャパン株式会社,,1,,,,,
シャトレーゼ戸畑一枝店,北九州市戸畑区一枝二丁目５－２６,北九州市戸畑区一枝２丁目５－２６,,,株式会社Plaisir Works,松崎芳博,福岡県北九州市小倉北区熊本1-5-26,福岡県北九州市小倉北区熊本１－５－２６,,2022-20485,菓子製造業,,2022/7/25,2022/7/25,2022/8/1,2028/7/31,,北九州市保健所,シャトレーゼ戸畑一枝店,093,,,,,北九州市戸畑区一枝２丁目５－２６,福岡県北九州市戸畑区一枝２丁目５－２６,,198561,福岡県,北九州市戸畑区,一枝２,2022/07/25,,2022/07/25,2022/08/01,2028/07/31,株式会社Plaisir Works,松崎芳博,,福岡県北九州市小倉北区熊本１－５－２６　,福岡県北九州市小倉北区熊本１－５－２６,,198742,福岡県,北九州市小倉北区,熊本１,2022-20485,,菓子製造業,,,,390_福岡県_北九州市保健所_食品衛生(許可)_2022年07月_末日_新規,製造業,食料品製造業,,,,,,,,,シャトレーゼ戸畑一枝店,シャトレゼ戸畑一枝店,株式会社Ｐｌａｉｓｉｒ　Ｗｏｒｋｓ,シャトレーゼ,1,宿泊業，飲食サービス業,持ち帰り・配達飲食サービス業,持ち帰り飲食サービス業,持ち帰り飲食サービス業,
エームＳＪ３７８９,北九州市小倉南区高野四丁目１２－１１（こくらの郷）,北九州市小倉南区高野４丁目１２－１１,こくらの郷,093-451-0658,エームサービスジャパン株式会社,小谷周,東京都港区赤坂二丁目２３－１,東京都港区赤坂２丁目２３－１,,2022-20350,飲食店営業,集団給食施設,2022/7/1,2022/7/1,2022/8/1,2029/7/31,,北九州市保健所,エームＳＪ３７８９,093,093-451-0658,,,,北九州市小倉南区高野４丁目１２－１１,福岡県北九州市小倉南区高野４丁目１２－１１,こくらの郷,199116,福岡県,北九州市小倉南区,高野４,2022/07/01,,2022/07/01,2022/08/01,2029/07/31,エームサービスジャパン株式会社,小谷周,,東京都港区赤坂２丁目２３－１　,東京都港区赤坂２丁目２３－１,,73047,東京都,港区,赤坂２,2022-20350,,飲食店営業, 集団給食施設,,,390_福岡県_北九州市保健所_食品衛生(許可)_2022年07月_末日_新規,宿泊業，飲食サービス業,飲食店,,,,,,,,,エームＳＪ３７８９,エムＳＪ３７８９,エームサービスジャパン株式会社,,1,,,,,
らんずトラック,北九州市小倉南区葛原東４丁目５－１８,北九州市小倉南区葛原東４丁目５－１８,,,磯田友和,,,,,2022-20395,飲食店営業,自動車営業,2022/7/7,2022/7/7,2022/7/7,2027/7/31,,北九州市保健所,らんずトラック,093,,,,,北九州市小倉南区葛原東４丁目５－１８,福岡県北九州市小倉南区葛原東４丁目５－１８,,198910,福岡県,北九州市小倉南区,葛原東４,2022/07/07,,2022/07/07,2022/07/07,2027/07/31,,,,,,,,,,,2022-20395,,飲食店営業, 自動車営業,,,390_福岡県_北九州市保健所_食品衛生(許可)_2022年07月_末日_新規,宿泊業，飲食サービス業,飲食店,,,,,,,,,らんずトラック,らんずトラック,,,1,,,,,
グランダジュール,北九州市小倉南区葛原一丁目１２‐２３,北九州市小倉南区葛原１丁目１２－２３,,093-475-7700,オーエーセンター株式会社,吉武美枝子,福岡県北九州市小倉北区宇佐町２丁目１０番１号,福岡県北九州市小倉北区宇佐町２丁目１０番１号,,2022-20376,菓子製造業,,2022/7/15,2022/7/15,2022/7/15,2028/7/31,,北九州市保健所,グランダジュール,093,093-475-7700,,,,北九州市小倉南区葛原１丁目１２－２３,福岡県北九州市小倉南区葛原１丁目１２－２３,,198900,福岡県,北九州市小倉南区,葛原１,2022/07/15,,2022/07/15,2022/07/15,2028/07/31,オーエーセンター株式会社,吉武美枝子,,福岡県北九州市小倉北区宇佐町２丁目１０番１号　,福岡県北九州市小倉北区宇佐町２丁目１０番１号,,198685,福岡県,北九州市小倉北区,宇佐町２,2022-20376,,菓子製造業,,,,390_福岡県_北九州市保健所_食品衛生(許可)_2022年07月_末日_新規,製造業,食料品製造業,,,,,,,,,グランダジュール,グランダジュル,オーエーセンター株式会社,,1,,,,,
幸来亭,北九州市小倉南区若園四丁目２－１４,北九州市小倉南区若園４丁目２－１４,,093-962-5888,仲島鋭二,,,,,2022-30046,飲食店営業,,2022/7/27,2022/7/27,2022/8/1,2028/7/31,,北九州市保健所,幸来亭,093,093-962-5888,,,,北九州市小倉南区若園４丁目２－１４,福岡県北九州市小倉南区若園４丁目２－１４,,199011,福岡県,北九州市小倉南区,若園４,2022/07/27,,2022/07/27,2022/08/01,2028/07/31,,,,,,,,,,,2022-30046,,飲食店営業,,,,390_福岡県_北九州市保健所_食品衛生(許可)_2022年07月_末日_新規,宿泊業，飲食サービス業,飲食店,,,,,,,,,幸来亭,幸来亭,,,1,,,,,
株式会社レイウッド湯川事業所,北九州市小倉南区湯川新町一丁目１４‐２９,北九州市小倉南区湯川新町１丁目１４－２９,,093-551-5780,株式会社レイウッド,後藤征申,福岡県北九州市小倉北区赤坂五丁目５‐５６,福岡県北九州市小倉北区赤坂５丁目５－５６,,2022-20379,飲食店営業,,2022/7/6,2022/7/6,2022/7/6,2028/7/31,,北九州市保健所,株式会社レイウッド湯川事業所,093,093-551-5780,,,,北九州市小倉南区湯川新町１丁目１４－２９,福岡県北九州市小倉南区湯川新町１丁目１４－２９,,199033,福岡県,北九州市小倉南区,湯川新町１,2022/07/06,,2022/07/06,2022/07/06,2028/07/31,株式会社レイウッド,後藤征申,,福岡県北九州市小倉北区赤坂５丁目５－５６　,福岡県北九州市小倉北区赤坂５丁目５－５６,,198651,福岡県,北九州市小倉北区,赤坂５,2022-20379,,飲食店営業,,,,390_福岡県_北九州市保健所_食品衛生(許可)_2022年07月_末日_新規,宿泊業，飲食サービス業,飲食店,,,,,,,,,株式会社レイウッド湯川事業所,株式会社レイウッド湯川事業所,株式会社レイウッド,,1,,,,,
ゆめマート曽根,北九州市小倉南区沼本町四丁目２－１,北九州市小倉南区沼本町４丁目２－１,,,株式会社ゆめマート北九州,井上宏春,福岡県北九州市八幡西区中須１丁目１－７,福岡県北九州市八幡西区中須１丁目１－７,,2022-20387,飲食店営業,弁当屋,2022/7/7,2022/7/7,2022/7/7,2028/7/31,,北九州市保健所,ゆめマート曽根,093,,,,,北九州市小倉南区沼本町４丁目２－１,福岡県北九州市小倉南区沼本町４丁目２－１,,199021,福岡県,北九州市小倉南区,沼本町４,2022/07/07,,2022/07/07,2022/07/07,2028/07/31,株式会社ゆめマート北九州,井上宏春,,福岡県北九州市八幡西区中須１丁目１－７　,福岡県北九州市八幡西区中須１丁目１－７,,199504,福岡県,北九州市八幡西区,中須１,2022-20387,,飲食店営業, 弁当屋,,,390_福岡県_北九州市保健所_食品衛生(許可)_2022年07月_末日_新規,宿泊業，飲食サービス業,飲食店,,,,,,,,,ゆめマート曽根,ゆめマト曽根,株式会社ゆめマート北九州,,1,,,,,
韓菜美食堂,北九州市小倉南区日の出町一丁目４‐１０,北九州市小倉南区日の出町１丁目４－１０,,093-962-3554,コインクローバー株式会社,松原慶恵,福岡県北九州市小倉南区日の出町1-4-10,福岡県北九州市小倉南区日の出町１－４－１０,,2022-20360,そうざい製造業,,2022/7/6,2022/7/6,2022/7/6,2028/7/31,,北九州市保健所,韓菜美食堂,093,093-962-3554,,,,北九州市小倉南区日の出町１丁目４－１０,福岡県北九州市小倉南区日ノ出町１丁目４－１０,,199081,福岡県,北九州市小倉南区,日の出町１,2022/07/06,,2022/07/06,2022/07/06,2028/07/31,コインクローバー株式会社,松原慶恵,,福岡県北九州市小倉南区日の出町１－４－１０　,福岡県北九州市小倉南区日ノ出町１－４－１０,,199081,福岡県,北九州市小倉南区,日の出町１,2022-20360,,そうざい製造業,,,,390_福岡県_北九州市保健所_食品衛生(許可)_2022年07月_末日_新規,製造業,食料品製造業,,,,,,,,,韓菜美食堂,韓菜美食堂,コインクローバー株式会社,,1,,,,,
ローソン小倉徳力店,北九州市小倉南区徳力2丁目4-1,北九州市小倉南区徳力２丁目４－１,,0939670114,有限会社ポートオアシス,古賀宏和,福岡県北九州市門司区清滝４丁目２番２号,福岡県北九州市門司区清滝４丁目２番２号,,2022-20398,飲食店営業,コンビニエンスストア,2022/7/8,2022/7/8,2022/9/1,2028/8/31,,北九州市保健所,ローソン小倉徳力店,093,093-967-0114,,,,北九州市小倉南区徳力２丁目４－１,福岡県北九州市小倉南区徳力２丁目４－１,,198961,福岡県,北九州市小倉南区,徳力２,2022/07/08,,2022/07/08,2022/09/01,2028/08/31,有限会社ポートオアシス,古賀宏和,,福岡県北九州市門司区清滝４丁目２番２号　,福岡県北九州市門司区清滝４丁目２番２号,,198247,福岡県,北九州市門司区,清滝４,2022-20398,,飲食店営業, コンビニエンスストア,,,390_福岡県_北九州市保健所_食品衛生(許可)_2022年07月_末日_新規,宿泊業，飲食サービス業,飲食店,,,,,,,,,ローソン小倉徳力店,ロソン小倉徳力店,有限会社ポートオアシス,ローソン,1,卸売業，小売業,飲食料品小売業,その他の飲食料品小売業,コンビニエンスストア（飲食料品を中心とするものに限る）,
とんかつ濱かつ北九州徳力店,北九州市小倉南区徳力1-20-1,北九州市小倉南区徳力１－２０－１,,093-963-3502,株式会社ファミリエ,藤井大輔,福岡県北九州市小倉南区徳力1-20-1,福岡県北九州市小倉南区徳力１－２０－１,,2022-20457,飲食店営業,食堂,2022/7/29,2022/7/29,2022/9/1,2029/8/31,,北九州市保健所,とんかつ濱かつ北九州徳力店,093,093-963-3502,,,,北九州市小倉南区徳力１－２０－１,福岡県北九州市小倉南区徳力１－２０－１,,198960,福岡県,北九州市小倉南区,徳力１,2022/07/29,,2022/07/29,2022/09/01,2029/08/31,株式会社ファミリエ,藤井大輔,,福岡県北九州市小倉南区徳力１－２０－１　,福岡県北九州市小倉南区徳力１－２０－１,,198960,福岡県,北九州市小倉南区,徳力１,2022-20457,,飲食店営業, 食堂,,,390_福岡県_北九州市保健所_食品衛生(許可)_2022年07月_末日_新規,宿泊業，飲食サービス業,飲食店,,,,,,,,,とんかつ濱かつ北九州徳力店,とんかつ濱かつ北九州徳力店,株式会社ファミリエ,,1,,,,,
カナディアンコーヒー,北九州市小倉南区守恒本町二丁目４‐１２,北九州市小倉南区守恒本町２丁目４－１２,,093-963-4541,芦刈淳也,,,,,2022-20301,菓子製造業,,2022/7/14,2022/7/14,2022/7/14,2028/7/31,,北九州市保健所,カナディアンコーヒー,093,093-963-4541,,,,北九州市小倉南区守恒本町２丁目４－１２,福岡県北九州市小倉南区守恒本町２丁目４－１２,,199185,福岡県,北九州市小倉南区,守恒本町２,2022/07/14,,2022/07/14,2022/07/14,2028/07/31,,,,,,,,,,,2022-20301,,菓子製造業,,,,390_福岡県_北九州市保健所_食品衛生(許可)_2022年07月_末日_新規,製造業,食料品製造業,,,,,,,,,カナディアンコーヒー,カナディアンコヒ,,,1,,,,,
ＡＺ徳力,北九州市小倉南区守恒本町三丁目２－１０,北九州市小倉南区守恒本町３丁目２－１０,,093-961-6191,株式会社ENEOSジェネレーションズ,野村隆治,神奈川県横浜市西区みなとみらい4-4-2,神奈川県横浜市西区みなとみらい４－４－２,,2022-20389,飲食店営業,食堂、テイクアウト,2022/7/14,2022/7/14,2022/7/14,2029/7/31,,北九州市保健所,ＡＺ徳力,093,093-961-6191,,,,北九州市小倉南区守恒本町３丁目２－１０,福岡県北九州市小倉南区守恒本町３丁目２－１０,,199186,福岡県,北九州市小倉南区,守恒本町３,2022/07/14,,2022/07/14,2022/07/14,2029/07/31,株式会社ENEOSジェネレーションズ,野村隆治,,神奈川県横浜市西区みなとみらい４－４－２　,神奈川県横浜市西区みなとみらい４－４－２,,78513,神奈川県,横浜市西区,みなとみらい４,2022-20389,,飲食店営業, 食堂、テイクアウト,,,390_福岡県_北九州市保健所_食品衛生(許可)_2022年07月_末日_新規,宿泊業，飲食サービス業,飲食店,,,,,,,,,ＡＺ徳力,ＡＺ徳力,株式会社ＥＮＥＯＳジェネレーションズ,,1,,,,,
大衆鰻　うな壱,北九州市小倉南区守恒本町一丁目３－３２－１０１,北九州市小倉南区守恒本町１丁目３－３２,１０１,,株式会社　One&Only,近藤友里栄,福岡県北九州市小倉南区志井1259番地3,福岡県北九州市小倉南区志井１２５９番地３,,2022-20413,飲食店営業,,2022/7/14,2022/7/14,2022/7/14,2028/7/31,,北九州市保健所,大衆鰻　うな壱,093,,,,,北九州市小倉南区守恒本町１丁目３－３２,福岡県北九州市小倉南区守恒本町１丁目３－３２,１０１,199184,福岡県,北九州市小倉南区,守恒本町１,2022/07/14,,2022/07/14,2022/07/14,2028/07/31,株式会社　One&Only,近藤友里栄,,福岡県北九州市小倉南区志井１２５９番地３　,福岡県北九州市小倉南区志井１２５９番地３,,198921,福岡県,北九州市小倉南区,志井１,2022-20413,,飲食店営業,,,,390_福岡県_北九州市保健所_食品衛生(許可)_2022年07月_末日_新規,宿泊業，飲食サービス業,飲食店,,,,,,,,,大衆鰻　うな壱,大衆鰻うな壱,株式会社Ｏｎｅ＆Ｏｎｌｙ,,1,,,,,
厩務員食堂,北九州市小倉南区北方四丁目５－１,北九州市小倉南区北方４丁目５－１,,093-962-3236,岸本千鶴男,,,,,2022-30038,飲食店営業,,2022/7/6,2022/7/6,2022/8/1,2028/7/31,,北九州市保健所,厩務員食堂,093,093-962-3236,,,,北九州市小倉南区北方４丁目５－１,福岡県北九州市小倉南区北方４丁目５－１,,198895,福岡県,北九州市小倉南区,北方４,2022/07/06,,2022/07/06,2022/08/01,2028/07/31,,,,,,,,,,,2022-30038,,飲食店営業,,,,390_福岡県_北九州市保健所_食品衛生(許可)_2022年07月_末日_新規,宿泊業，飲食サービス業,飲食店,,,,,,,,,厩務員食堂,厩務員食堂,,,1,,,,,
北方うどん,北九州市小倉南区北方一丁目４－１４,北九州市小倉南区北方１丁目４－１４,,,石迫章,,,,,2022-30047,飲食店営業,,2022/7/27,2022/7/27,2022/9/1,2027/8/31,,北九州市保健所,北方うどん,093,,,,,北九州市小倉南区北方１丁目４－１４,福岡県北九州市小倉南区北方１丁目４－１４,,198892,福岡県,北九州市小倉南区,北方１,2022/07/27,,2022/07/27,2022/09/01,2027/08/31,,,,,,,,,,,2022-30047,,飲食店営業,,,,390_福岡県_北九州市保健所_食品衛生(許可)_2022年07月_末日_新規,宿泊業，飲食サービス業,飲食店,,,,,,,,,北方うどん,北方うどん,,,1,,,,,
玄丸,北九州市小倉南区北方一丁目１６-３,北九州市小倉南区北方１丁目１６－３,,,山本龍治,,,,,2022-20369,飲食店営業,,2022/7/6,2022/7/6,2022/8/1,2028/7/31,,北九州市保健所,玄丸,093,,,,,北九州市小倉南区北方１丁目１６－３,福岡県北九州市小倉南区北方１丁目１６－３,,198892,福岡県,北九州市小倉南区,北方１,2022/07/06,,2022/07/06,2022/08/01,2028/07/31,,,,,,,,,,,2022-20369,,飲食店営業,,,,390_福岡県_北九州市保健所_食品衛生(許可)_2022年07月_末日_新規,宿泊業，飲食サービス業,飲食店,,,,,,,,,玄丸,玄丸,,,1,,,,,
株式会社若葉給食,北九州市小倉南区八幡町６,北九州市小倉南区八幡町６,,,株式会社若葉給食,三井義政,福岡県北九州市小倉北区東篠崎二丁目５－８,福岡県北九州市小倉北区東篠崎２丁目５－８,,2022-20466,飲食店営業,仕出し,2022/7/29,2022/7/29,2022/8/1,2027/7/31,,北九州市保健所,株式会社若葉給食,093,,,,,北九州市小倉南区八幡町６,福岡県北九州市小倉南区八幡町６,,198975,福岡県,北九州市小倉南区,八幡町,2022/07/29,,2022/07/29,2022/08/01,2027/07/31,株式会社若葉給食,三井義政,,福岡県北九州市小倉北区東篠崎２丁目５－８　,福岡県北九州市小倉北区東篠崎２丁目５－８,,198843,福岡県,北九州市小倉北区,東篠崎２,2022-20466,,飲食店営業, 仕出し,,,390_福岡県_北九州市保健所_食品衛生(許可)_2022年07月_末日_新規,宿泊業，飲食サービス業,飲食店,,,,,,,,,株式会社若葉給食,株式会社若葉給食,株式会社若葉給食,,1,,,,,
美味炉集人,北九州市小倉南区下曽根三丁目９－５,北九州市小倉南区下曽根３丁目９－５,,093-471-1031,上田信弘,,,,,2022-30040,飲食店営業,,2022/7/14,2022/7/14,2022/8/1,2028/7/31,,北九州市保健所,美味炉集人,093,093-471-1031,,,,北九州市小倉南区下曽根３丁目９－５,福岡県北九州市小倉南区下曽根３丁目９－５,,198934,福岡県,北九州市小倉南区,下曽根３,2022/07/14,,2022/07/14,2022/08/01,2028/07/31,,,,,,,,,,,2022-30040,,飲食店営業,,,,390_福岡県_北九州市保健所_食品衛生(許可)_2022年07月_末日_新規,宿泊業，飲食サービス業,飲食店,,,,,,,,,美味炉集人,美味炉集人,,,1,,,,,
ホッペが落ち”マ～ス”,北九州市小倉南区上葛原一丁目１０,北九州市小倉南区上葛原１丁目１０,,,悠悠ホーム株式会社,内山敏幸,福岡県大野城市筒井四丁目４－１７,福岡県大野城市筒井４丁目４－１７,,2022-20476,飲食店営業,自動車営業,2022/7/21,2022/7/21,2022/7/21,2027/7/31,,北九州市保健所,ホッペが落ち”マ～ス”,093,,,,,北九州市小倉南区上葛原１丁目１０,福岡県北九州市小倉南区上葛原１丁目１０,,199031,福岡県,北九州市小倉南区,上葛原１,2022/07/21,,2022/07/21,2022/07/21,2027/07/31,悠悠ホーム株式会社,内山敏幸,,福岡県大野城市筒井４丁目４－１７　,福岡県大野城市筒井４丁目４－１７,,202615,福岡県,大野城市,筒井４,2022-20476,,飲食店営業, 自動車営業,,,390_福岡県_北九州市保健所_食品衛生(許可)_2022年07月_末日_新規,宿泊業，飲食サービス業,飲食店,,,,,,,,,ホッペが落ち”マ～ス”,ホッペが落ちマス,悠悠ホーム株式会社,,1,,,,,
一風堂　サンリブシティ小倉店,北九州市小倉南区上葛原2丁目14番1号サンリブシティ小倉１F,北九州市小倉南区上葛原２丁目１４番１号,サンリブシティ小倉１F,,株式会社力の源カンパニー,中尾徹,福岡県福岡市中央区大名1丁目13-14,福岡県福岡市中央区大名１丁目１３－１４,,2022-20396,飲食店営業,ラーメン店,2022/7/8,2022/7/8,2022/7/8,2028/7/31,,北九州市保健所,一風堂　サンリブシティ小倉店,093,,,,,北九州市小倉南区上葛原２丁目１４番１号,福岡県北九州市小倉南区上葛原２丁目１４番１号,サンリブシティ小倉１F,199032,福岡県,北九州市小倉南区,上葛原２,2022/07/08,,2022/07/08,2022/07/08,2028/07/31,株式会社力の源カンパニー,中尾徹,,福岡県福岡市中央区大名１丁目１３－１４　,福岡県福岡市中央区大名１丁目１３－１４,,200293,福岡県,福岡市中央区,大名１,2022-20396,,飲食店営業, ラーメン店,,,390_福岡県_北九州市保健所_食品衛生(許可)_2022年07月_末日_新規,宿泊業，飲食サービス業,飲食店,,,,,,,,,一風堂　サンリブシティ小倉店,一風堂サンリブシティ小倉店,株式会社力の源カンパニー,一風堂,1,宿泊業，飲食サービス業,飲食店,そば・うどん店,そば・うどん店,
old bank,北九州市小倉南区上吉田一丁目６－１,北九州市小倉南区上吉田１丁目６－１,,,株式会社ＳＯＵＩＣ,佐伯誠,福岡県北九州市小倉北区木町１丁目２番１－１２０６号,福岡県北九州市小倉北区木町１丁目２番１－１２０６号,,2022-20367,飲食店営業,一般食堂,2022/7/7,2022/7/7,2022/7/7,2028/7/31,,北九州市保健所,old bank,093,,,,,北九州市小倉南区上吉田１丁目６－１,福岡県北九州市小倉南区上吉田１丁目６－１,,199083,福岡県,北九州市小倉南区,上吉田１,2022/07/07,,2022/07/07,2022/07/07,2028/07/31,株式会社ＳＯＵＩＣ,佐伯誠,,福岡県北九州市小倉北区木町１丁目２番１－１２０６号　,福岡県北九州市小倉北区木町１丁目２番１－１２０６号,,198720,福岡県,北九州市小倉北区,木町１,2022-20367,,飲食店営業, 一般食堂,,,390_福岡県_北九州市保健所_食品衛生(許可)_2022年07月_末日_新規,宿泊業，飲食サービス業,飲食店,,,,,,,,,ｏｌｄ　ｂａｎｋ,ｏｌｄｂａｎｋ,株式会社ＳＯＵＩＣ,,1,,,,,
ＩＣＯ＋,北九州市小倉北区魚町四丁目２－１４,北九州市小倉北区魚町４丁目２－１４,,093-521-3331,天野伸一郎,,,,,2022-20434,飲食店営業,居酒屋,2022/7/29,2022/7/29,2022/9/1,2028/8/31,,北九州市保健所,ＩＣＯ＋,093,093-521-3331,,,,北九州市小倉北区魚町４丁目２－１４,福岡県北九州市小倉北区魚町４丁目２－１４,,198683,福岡県,北九州市小倉北区,魚町４,2022/07/29,,2022/07/29,2022/09/01,2028/08/31,,,,,,,,,,,2022-20434,,飲食店営業, 居酒屋,,,390_福岡県_北九州市保健所_食品衛生(許可)_2022年07月_末日_新規,宿泊業，飲食サービス業,飲食店,,,,,,,,,ＩＣＯ＋,ＩＣＯ,,,1,,,,,
にくまる平和通店,北九州市小倉北区魚町二丁目５-８,北九州市小倉北区魚町２丁目５－８,,,太陽の船株式会社,大津昇平,福岡県北九州市小倉北区大畠３丁目４番２０号,福岡県北九州市小倉北区大畠３丁目４番２０号,,2022-20496,飲食店営業,,2022/7/27,2022/7/27,2022/8/1,2028/7/31,,北九州市保健所,にくまる平和通店,093,,,,,北九州市小倉北区魚町２丁目５－８,福岡県北九州市小倉北区魚町２丁目５－８,,198681,福岡県,北九州市小倉北区,魚町２,2022/07/27,,2022/07/27,2022/08/01,2028/07/31,太陽の船株式会社,大津昇平,,福岡県北九州市小倉北区大畠３丁目４番２０号　,福岡県北九州市小倉北区大畠３丁目４番２０号,,198692,福岡県,北九州市小倉北区,大畠３,2022-20496,,飲食店営業,,,,390_福岡県_北九州市保健所_食品衛生(許可)_2022年07月_末日_新規,宿泊業，飲食サービス業,飲食店,,,,,,,,,にくまる平和通店,にくまる平和通店,太陽の船株式会社,,1,,,,,
ルーシー５５,北九州市小倉北区魚町二丁目３‐７鳥町共栄会ビル１Ｆ,北九州市小倉北区魚町２丁目３－７,鳥町共栄会ビル１Ｆ,,株式会社ジョーシングループ,大野功太朗,福岡県北九州市小倉北区田町７‐１２,福岡県北九州市小倉北区田町７－１２,,2022-20460,飲食店営業,,2022/7/29,2022/7/29,2022/7/29,2028/7/31,,北九州市保健所,ルーシー５５,093,,,,,北九州市小倉北区魚町２丁目３－７,福岡県北九州市小倉北区魚町２丁目３－７,鳥町共栄会ビル１Ｆ,198681,福岡県,北九州市小倉北区,魚町２,2022/07/29,,2022/07/29,2022/07/29,2028/07/31,株式会社ジョーシングループ,大野功太朗,,福岡県北九州市小倉北区田町７－１２　,福岡県北九州市小倉北区田町７－１２,,198813,福岡県,北九州市小倉北区,田町,2022-20460,,飲食店営業,,,,390_福岡県_北九州市保健所_食品衛生(許可)_2022年07月_末日_新規,宿泊業，飲食サービス業,飲食店,,,,,,,,,ルーシー５５,ルシ５５,株式会社ジョーシングループ,,1,,,,,
麺処　きのちゃんうどん,北九州市小倉北区魚町三丁目４－２鳥町センター１０２・３号室,北九州市小倉北区魚町３丁目４－２,鳥町センター１０２・３号室,,株式会社ALL-in,岡野優作,福岡県北九州市小倉北区魚町1-3-18山岡ビル301,福岡県北九州市小倉北区魚町１－３－１８,山岡ビル３０１,2022-20410,飲食店営業,一般食堂,2022/7/13,2022/7/13,2022/7/13,2028/7/31,,北九州市保健所,麺処　きのちゃんうどん,093,,,,,北九州市小倉北区魚町３丁目４－２,福岡県北九州市小倉北区魚町３丁目４－２,鳥町センター１０２・３号室,198682,福岡県,北九州市小倉北区,魚町３,2022/07/13,,2022/07/13,2022/07/13,2028/07/31,株式会社ALL-in,岡野優作,,福岡県北九州市小倉北区魚町１－３－１８　山岡ビル３０１,福岡県北九州市小倉北区魚町１－３－１８山岡ビル３０１,,198680,福岡県,北九州市小倉北区,魚町１,2022-20410,,飲食店営業, 一般食堂,,,390_福岡県_北九州市保健所_食品衛生(許可)_2022年07月_末日_新規,宿泊業，飲食サービス業,飲食店,,,,,,,,,麺処　きのちゃんうどん,麺処きのちゃんうどん,株式会社ＡＬＬ－ｉｎ,,1,,,,,
和るKIZUNA,北九州市小倉北区魚町一丁目４－５,北九州市小倉北区魚町１丁目４－５,,,熊谷光輝,,,,,2022-20230,飲食店営業,,2022/7/22,2022/7/22,2022/7/22,2028/7/31,,北九州市保健所,和るKIZUNA,093,,,,,北九州市小倉北区魚町１丁目４－５,福岡県北九州市小倉北区魚町１丁目４－５,,198680,福岡県,北九州市小倉北区,魚町１,2022/07/22,,2022/07/22,2022/07/22,2028/07/31,,,,,,,,,,,2022-20230,,飲食店営業,,,,390_福岡県_北九州市保健所_食品衛生(許可)_2022年07月_末日_新規,宿泊業，飲食サービス業,飲食店,,,,,,,,,和るＫＩＺＵＮＡ,和るＫＩＺＵＮＡ,,,1,,,,,
お多幸,北九州市小倉北区魚町一丁目４－１１,北九州市小倉北区魚町１丁目４－１１,,093-551-2585,有限会社オオタ,太田昌広,福岡県北九州市小倉北区魚町一丁目４－１１,福岡県北九州市小倉北区魚町１丁目４－１１,,2022-20399,飲食店営業,,2022/7/7,2022/7/7,2022/9/1,2028/8/31,,北九州市保健所,お多幸,093,093-551-2585,,,,北九州市小倉北区魚町１丁目４－１１,福岡県北九州市小倉北区魚町１丁目４－１１,,198680,福岡県,北九州市小倉北区,魚町１,2022/07/07,,2022/07/07,2022/09/01,2028/08/31,有限会社オオタ,太田昌広,,福岡県北九州市小倉北区魚町１丁目４－１１　,福岡県北九州市小倉北区魚町１丁目４－１１,,198680,福岡県,北九州市小倉北区,魚町１,2022-20399,,飲食店営業,,,,390_福岡県_北九州市保健所_食品衛生(許可)_2022年07月_末日_新規,宿泊業，飲食サービス業,飲食店,,,,,,,,,お多幸,お多幸,有限会社オオタ,,1,,,,,
サカナノセカイ,北九州市小倉北区魚町一丁目１－８ＫＲＩＳＳビル１Ｆ,北九州市小倉北区魚町１丁目１－８,ＫＲＩＳＳビル１Ｆ,,綾部大輔,,,,,2022-20403,冷凍食品製造業,,2022/7/8,2022/7/8,2022/7/8,2028/7/31,,北九州市保健所,サカナノセカイ,093,,,,,北九州市小倉北区魚町１丁目１－８,福岡県北九州市小倉北区魚町１丁目１－８,ＫＲＩＳＳビル１Ｆ,198680,福岡県,北九州市小倉北区,魚町１,2022/07/08,,2022/07/08,2022/07/08,2028/07/31,,,,,,,,,,,2022-20403,,冷凍食品製造業,,,,390_福岡県_北九州市保健所_食品衛生(許可)_2022年07月_末日_新規,製造業,食料品製造業,,,,,,,,,サカナノセカイ,サカナノセカイ,,,1,,,,,
麺屋二郎　小倉本店,北九州市小倉北区高浜二丁目１－５６,北九州市小倉北区高浜２丁目１－５６,,093-953-8144,ハーモニーワールド株式会社,岡本興大,福岡県北九州市小倉北区堺町１丁目４番５号,福岡県北九州市小倉北区堺町１丁目４番５号,,2022-20384,麺類製造業,,2022/7/28,2022/7/28,2022/7/28,2028/7/31,,北九州市保健所,麺屋二郎　小倉本店,093,093-953-8144,,,,北九州市小倉北区高浜２丁目１－５６,福岡県北九州市小倉北区高浜２丁目１－５６,,198805,福岡県,北九州市小倉北区,高浜２,2022/07/28,,2022/07/28,2022/07/28,2028/07/31,ハーモニーワールド株式会社,岡本興大,,福岡県北九州市小倉北区堺町１丁目４番５号　,福岡県北九州市小倉北区堺町１丁目４番５号,,198760,福岡県,北九州市小倉北区,堺町１,2022-20384,,麺類製造業,,,,390_福岡県_北九州市保健所_食品衛生(許可)_2022年07月_末日_新規,製造業,食料品製造業,,,,,,,,,麺屋二郎　小倉本店,麺屋二郎小倉本店,ハーモニーワールド株式会社,,2,,,,,
麺屋二郎　小倉本店,北九州市小倉北区高浜二丁目１－５６,北九州市小倉北区高浜２丁目１－５６,,093-953-8144,ハーモニーワールド株式会社,岡本興大,福岡県北九州市小倉北区堺町１丁目４番５号,福岡県北九州市小倉北区堺町１丁目４番５号,,2022-20383,飲食店営業,,2022/7/28,2022/7/28,2022/7/28,2028/7/31,,北九州市保健所,麺屋二郎　小倉本店,093,093-953-8144,,,,北九州市小倉北区高浜２丁目１－５６,福岡県北九州市小倉北区高浜２丁目１－５６,,198805,福岡県,北九州市小倉北区,高浜２,2022/07/28,,2022/07/28,2022/07/28,2028/07/31,ハーモニーワールド株式会社,岡本興大,,福岡県北九州市小倉北区堺町１丁目４番５号　,福岡県北九州市小倉北区堺町１丁目４番５号,,198760,福岡県,北九州市小倉北区,堺町１,2022-20383,,飲食店営業,,,,390_福岡県_北九州市保健所_食品衛生(許可)_2022年07月_末日_新規,宿泊業，飲食サービス業,飲食店,,,,,,,,,麺屋二郎　小倉本店,麺屋二郎小倉本店,ハーモニーワールド株式会社,,2,,,,,
マリーゴールド門司港迎賓館,北九州市小倉北区馬借（北九州市内一円）,北九州市小倉北区馬借,北九州市内一円,,株式会社マリーゴールドホールディングス,山﨑崇,熊本県熊本市東区秋津新町１番３４号,熊本県熊本市東区秋津新町１番３４号,,2022-20386,飲食店営業,自動車営業,2022/7/1,2022/7/1,2022/7/1,2027/6/30,,北九州市保健所,マリーゴールド門司港迎賓館,093,,,,,北九州市小倉北区馬借,福岡県北九州市小倉北区馬借,北九州市内一円,198643,福岡県,北九州市小倉北区,,2022/07/01,,2022/07/01,2022/07/01,2027/06/30,株式会社マリーゴールドホールディングス,山﨑崇,,熊本県熊本市東区秋津新町１番３４号　,熊本県熊本市東区秋津新町１番３４号,,208009,熊本県,熊本市東区,秋津新町,2022-20386,,飲食店営業, 自動車営業,,,390_福岡県_北九州市保健所_食品衛生(許可)_2022年07月_末日_新規,宿泊業，飲食サービス業,飲食店,,,,,,,,,マリーゴールド門司港迎賓館,マリゴルド門司港迎賓館,株式会社マリーゴールドホールディングス,,1,,,,,
.K kitchen,北九州市小倉北区馬借（北九州市内一円）,北九州市小倉北区馬借,北九州市内一円,,Ｋ　ＦＲＩＥＮＤＳ株式会社,小関景介,東京都町田市本町田２９８０－２　エスポワール１０１,東京都町田市本町田２９８０－２,エスポワール１０１,2022-20411,飲食店営業,自動車営業,2022/7/20,2022/7/20,2022/7/20,2027/7/31,,北九州市保健所,.K kitchen,093,,,,,北九州市小倉北区馬借,福岡県北九州市小倉北区馬借,北九州市内一円,198643,福岡県,北九州市小倉北区,,2022/07/20,,2022/07/20,2022/07/20,2027/07/31,Ｋ　ＦＲＩＥＮＤＳ株式会社,小関景介,,東京都町田市本町田２９８０－２　エスポワール１０１,東京都町田市本町田２９８０－２エスポワ－ル１０１,,76966,東京都,町田市,本町田,2022-20411,,飲食店営業, 自動車営業,,,390_福岡県_北九州市保健所_食品衛生(許可)_2022年07月_末日_新規,宿泊業，飲食サービス業,飲食店,,,,,,,,,．Ｋ　ｋｉｔｃｈｅｎ,Ｋｋｉｔｃｈｅｎ,Ｋ　ＦＲＩＥＮＤＳ株式会社,,1,,,,,
ＣＯＣＯ　ＧＥＬＡＴＯ,北九州市小倉北区馬借（北九州市内一円）,北九州市小倉北区馬借,北九州市内一円,,株式会社祥栄,石塚祥貴,福岡県福岡市南区野多目２丁目１６番２５号,福岡県福岡市南区野多目２丁目１６番２５号,,2022-20447,飲食店営業,自動車営業,2022/7/15,2022/7/15,2022/7/15,2027/7/31,,北九州市保健所,ＣＯＣＯ　ＧＥＬＡＴＯ,093,,,,,北九州市小倉北区馬借,福岡県北九州市小倉北区馬借,北九州市内一円,198643,福岡県,北九州市小倉北区,,2022/07/15,,2022/07/15,2022/07/15,2027/07/31,株式会社祥栄,石塚祥貴,,福岡県福岡市南区野多目２丁目１６番２５号　,福岡県福岡市南区野多目２丁目１６番２５号,,200447,福岡県,福岡市南区,野多目２,2022-20447,,飲食店営業, 自動車営業,,,390_福岡県_北九州市保健所_食品衛生(許可)_2022年07月_末日_新規,宿泊業，飲食サービス業,飲食店,,,,,,,,,ＣＯＣＯ　ＧＥＬＡＴＯ,ＣＯＣＯＧＥＬＡＴＯ,株式会社祥栄,,1,,,,,
（なし）,北九州市小倉北区馬借（北九州市内一円）,北九州市小倉北区馬借,北九州市内一円,,株式会社中久フードサービス,中西久子,愛知県海部郡蟹江町大字西之森字海山３０８番地,愛知県海部郡蟹江町大字西之森字海山３０８番地,,2022-20477,飲食店営業,自動車営業,2022/7/22,2022/7/22,2022/7/22,2027/7/31,,北九州市保健所,（なし）,093,,,,,北九州市小倉北区馬借,福岡県北九州市小倉北区馬借,北九州市内一円,198643,福岡県,北九州市小倉北区,,2022/07/22,,2022/07/22,2022/07/22,2027/07/31,株式会社中久フードサービス,中西久子,,愛知県海部郡蟹江町大字西之森字海山３０８番地　,愛知県海部郡蟹江町西ノ森字海山３０８番地,,134568,愛知県,海部郡蟹江町,西ノ森,2022-20477,,飲食店営業, 自動車営業,,,390_福岡県_北九州市保健所_食品衛生(許可)_2022年07月_末日_新規,宿泊業，飲食サービス業,飲食店,,,,,,,,,（なし）,なし,株式会社中久フードサービス,,1,,,,,
資さんキッチンカー,北九州市小倉北区馬借一丁目７-１,北九州市小倉北区馬借１丁目７－１,,,株式会社資さん,佐藤崇史,福岡県北九州市小倉南区上葛原２丁目１８番５０号,福岡県北九州市小倉南区上葛原２丁目１８番５０号,,2022-20427,飲食店営業,自動車営業,2022/7/15,2022/7/15,2022/7/15,2027/7/31,,北九州市保健所,資さんキッチンカー,093,,,,,北九州市小倉北区馬借１丁目７－１,福岡県北九州市小倉北区馬借１丁目７－１,,198834,福岡県,北九州市小倉北区,馬借１,2022/07/15,,2022/07/15,2022/07/15,2027/07/31,株式会社資さん,佐藤崇史,,福岡県北九州市小倉南区上葛原２丁目１８番５０号　,福岡県北九州市小倉南区上葛原２丁目１８番５０号,,199032,福岡県,北九州市小倉南区,上葛原２,2022-20427,,飲食店営業, 自動車営業,,,390_福岡県_北九州市保健所_食品衛生(許可)_2022年07月_末日_新規,宿泊業，飲食サービス業,飲食店,,,,,,,,,資さんキッチンカー,資さんキッチンカ,株式会社資さん,,1,,,,,
TSY(元祖もちもちポテト),北九州市小倉北区馬借1丁目7-1（北九州市内一円）,北九州市小倉北区馬借１丁目７－１,北九州市内一円,,吉村康,,,,,2022-20391,飲食店営業,自動車営業,2022/7/4,2022/7/4,2022/7/4,2027/7/31,,北九州市保健所,TSY(元祖もちもちポテト),093,,,,,北九州市小倉北区馬借１丁目７－１,福岡県北九州市小倉北区馬借１丁目７－１,北九州市内一円,198834,福岡県,北九州市小倉北区,馬借１,2022/07/04,,2022/07/04,2022/07/04,2027/07/31,,,,,,,,,,,2022-20391,,飲食店営業, 自動車営業,,,390_福岡県_北九州市保健所_食品衛生(許可)_2022年07月_末日_新規,宿泊業，飲食サービス業,飲食店,,,,,,,,,ＴＳＹ（元祖もちもちポテト）,ＴＳＹ元祖もちもちポテト,,,1,,,,,
九州名物とめ手羽,北九州市小倉北区馬借1丁目7-1(北九州市内一円),北九州市小倉北区馬借１丁目７－１,北九州市内一円,,株式会社フェリックス,福永正和,福岡県福岡市博多区豊一丁目５－１３　福岡NSビル１F　１０１号室,福岡県福岡市博多区豊１丁目５－１３,福岡NSビル１F １０１号室,2022-20450,飲食店営業,自動車営業,2022/7/15,2022/7/15,2022/7/15,2027/7/31,,北九州市保健所,九州名物とめ手羽,093,,,,,北九州市小倉北区馬借１丁目７－１,福岡県北九州市小倉北区馬借１丁目７－１,北九州市内一円,198834,福岡県,北九州市小倉北区,馬借１,2022/07/15,,2022/07/15,2022/07/15,2027/07/31,株式会社フェリックス,福永正和,,福岡県福岡市博多区豊１丁目５－１３　福岡NSビル１F １０１号室,福岡県福岡市博多区豊１丁目５－１３福岡NSビル１F１０１号室,,200198,福岡県,福岡市博多区,豊１,2022-20450,,飲食店営業, 自動車営業,,,390_福岡県_北九州市保健所_食品衛生(許可)_2022年07月_末日_新規,宿泊業，飲食サービス業,飲食店,,,,,,,,,九州名物とめ手羽,九州名物とめ手羽,株式会社フェリックス,,1,,,,,
株式会社　E-joy,北九州市小倉北区馬借1丁目7-1,北九州市小倉北区馬借１丁目７－１,,,株式会社　E-joy,白根宏伸,福岡県北九州市小倉南区葛原1-3-1,福岡県北九州市小倉南区葛原１－３－１,,2022-20404,飲食店営業,自動車営業,2022/7/8,2022/7/8,2022/7/8,2027/7/31,,北九州市保健所,株式会社　E-joy,093,,,,,北九州市小倉北区馬借１丁目７－１,福岡県北九州市小倉北区馬借１丁目７－１,,198834,福岡県,北九州市小倉北区,馬借１,2022/07/08,,2022/07/08,2022/07/08,2027/07/31,株式会社　E-joy,白根宏伸,,福岡県北九州市小倉南区葛原１－３－１　,福岡県北九州市小倉南区葛原１－３－１,,198900,福岡県,北九州市小倉南区,葛原１,2022-20404,,飲食店営業, 自動車営業,,,390_福岡県_北九州市保健所_食品衛生(許可)_2022年07月_末日_新規,宿泊業，飲食サービス業,飲食店,,,,,,,,,株式会社Ｅ－ｊｏｙ,株式会社Ｅｊｏｙ,株式会社Ｅ－ｊｏｙ,,1,,,,,
ラッキーキッチン,北九州市小倉北区馬借,北九州市小倉北区馬借,,,廣松政次,,,,,2022-20503,飲食店営業,自動車営業,2022/7/26,2022/7/26,2022/7/26,2027/7/31,,北九州市保健所,ラッキーキッチン,093,,,,,北九州市小倉北区馬借,福岡県北九州市小倉北区馬借,,198643,福岡県,北九州市小倉北区,,2022/07/26,,2022/07/26,2022/07/26,2027/07/31,,,,,,,,,,,2022-20503,,飲食店営業, 自動車営業,,,390_福岡県_北九州市保健所_食品衛生(許可)_2022年07月_末日_新規,宿泊業，飲食サービス業,飲食店,,,,,,,,,ラッキーキッチン,ラッキキッチン,,,1,,,,,
大邱食堂　香春口店,北九州市小倉北区香春口二丁目１－２４,北九州市小倉北区香春口２丁目１－２４,,093-951-5166,大琴商事有限会社,金松栄次,福岡県北九州市小倉北区三萩野一丁目４－４８,福岡県北九州市小倉北区三萩野１丁目４－４８,,2022-20359,飲食店営業,,2022/7/1,2022/7/1,2022/8/1,2028/7/31,,北九州市保健所,大邱食堂　香春口店,093,093-951-5166,,,,北九州市小倉北区香春口２丁目１－２４,福岡県北九州市小倉北区香春口２丁目１－２４,,198716,福岡県,北九州市小倉北区,香春口２,2022/07/01,,2022/07/01,2022/08/01,2028/07/31,大琴商事有限会社,金松栄次,,福岡県北九州市小倉北区三萩野１丁目４－４８　,福岡県北九州市小倉北区三萩野１丁目４－４８,,198857,福岡県,北九州市小倉北区,三萩野１,2022-20359,,飲食店営業,,,,390_福岡県_北九州市保健所_食品衛生(許可)_2022年07月_末日_新規,宿泊業，飲食サービス業,飲食店,,,,,,,,,大邱食堂　香春口店,大邱食堂香春口店,大琴商事有限会社,,1,,,,,
カラオケ喫茶トモエ,北九州市小倉北区霧ケ丘二丁目１１‐１８,北九州市小倉北区霧ケ丘２丁目１１－１８,,093-931-5641,奥智江,,,,,2022-20358,飲食店営業,,2022/7/6,2022/7/6,2022/8/1,2028/7/31,,北九州市保健所,カラオケ喫茶トモエ,093,093-931-5641,,,,北九州市小倉北区霧ケ丘２丁目１１－１８,福岡県北九州市小倉北区霧が丘２丁目１１－１８,,198734,福岡県,北九州市小倉北区,霧が丘２,2022/07/06,,2022/07/06,2022/08/01,2028/07/31,,,,,,,,,,,2022-20358,,飲食店営業,,,,390_福岡県_北九州市保健所_食品衛生(許可)_2022年07月_末日_新規,宿泊業，飲食サービス業,飲食店,,,,,,,,,カラオケ喫茶トモエ,カラオケ喫茶トモエ,,,1,,,,,
大名方,北九州市小倉北区鍛冶町二丁目３－５,北九州市小倉北区鍛冶町２丁目３－５,,03-531-0731,有限会社大名方,田中敦美,福岡県北九州市小倉北区鍛冶町二丁目３－５,福岡県北九州市小倉北区鍛冶町２丁目３－５,,2022-20377,飲食店営業,,2022/7/21,2022/7/21,2022/8/1,2029/7/31,,北九州市保健所,大名方,093,03-531-0731,,,,北九州市小倉北区鍛冶町２丁目３－５,福岡県北九州市小倉北区鍛冶町２丁目３－５,,198694,福岡県,北九州市小倉北区,鍛冶町２,2022/07/21,,2022/07/21,2022/08/01,2029/07/31,有限会社大名方,田中敦美,,福岡県北九州市小倉北区鍛冶町２丁目３－５　,福岡県北九州市小倉北区鍛冶町２丁目３－５,,198694,福岡県,北九州市小倉北区,鍛冶町２,2022-20377,,飲食店営業,,,,390_福岡県_北九州市保健所_食品衛生(許可)_2022年07月_末日_新規,宿泊業，飲食サービス業,飲食店,,,,,,,,,大名方,大名方,有限会社大名方,,1,,,,,
Member's Sun,北九州市小倉北区鍛冶町一丁目８－１４第二エルザビル４F,北九州市小倉北区鍛冶町１丁目８－１４,第二エルザビル４F,,細川夢,,,,,2022-20424,飲食店営業,,2022/7/12,2022/7/12,2022/7/12,2028/7/31,,北九州市保健所,Member's Sun,093,,,,,北九州市小倉北区鍛冶町１丁目８－１４,福岡県北九州市小倉北区鍛冶町１丁目８－１４,第二エルザビル４F,198693,福岡県,北九州市小倉北区,鍛冶町１,2022/07/12,,2022/07/12,2022/07/12,2028/07/31,,,,,,,,,,,2022-20424,,飲食店営業,,,,390_福岡県_北九州市保健所_食品衛生(許可)_2022年07月_末日_新規,宿泊業，飲食サービス業,飲食店,,,,,,,,,Ｍｅｍｂｅｒ＇ｓ　Ｓｕｎ,ＭｅｍｂｅｒｓＳｕｎ,,,1,,,,,
小倉食堂,北九州市小倉北区鍛冶町一丁目７－２４KGかじまちビル１F,北九州市小倉北区鍛冶町１丁目７－２４,KGかじまちビル１F,,三浦京子,,,,,2022-20443,飲食店営業,,2022/7/21,2022/7/21,2022/9/1,2028/8/31,,北九州市保健所,小倉食堂,093,,,,,北九州市小倉北区鍛冶町１丁目７－２４,福岡県北九州市小倉北区鍛冶町１丁目７－２４,KGかじまちビル１F,198693,福岡県,北九州市小倉北区,鍛冶町１,2022/07/21,,2022/07/21,2022/09/01,2028/08/31,,,,,,,,,,,2022-20443,,飲食店営業,,,,390_福岡県_北九州市保健所_食品衛生(許可)_2022年07月_末日_新規,宿泊業，飲食サービス業,飲食店,,,,,,,,,小倉食堂,小倉食堂,,,1,,,,,
club Reborn,北九州市小倉北区鍛冶町一丁目７－１９安田ビル３F,北九州市小倉北区鍛冶町１丁目７－１９,安田ビル３F,,堀田晃,,,,,2022-20401,飲食店営業,,2022/7/14,2022/7/14,2022/7/14,2028/7/31,,北九州市保健所,club Reborn,093,,,,,北九州市小倉北区鍛冶町１丁目７－１９,福岡県北九州市小倉北区鍛冶町１丁目７－１９,安田ビル３F,198693,福岡県,北九州市小倉北区,鍛冶町１,2022/07/14,,2022/07/14,2022/07/14,2028/07/31,,,,,,,,,,,2022-20401,,飲食店営業,,,,390_福岡県_北九州市保健所_食品衛生(許可)_2022年07月_末日_新規,宿泊業，飲食サービス業,飲食店,,,,,,,,,ｃｌｕｂ　Ｒｅｂｏｒｎ,ｃｌｕｂＲｅｂｏｒｎ,,,1,,,,,
BAR TENDER 03,北九州市小倉北区鍛冶町一丁目７－１５日本ビル３F,北九州市小倉北区鍛冶町１丁目７－１５,日本ビル３F,,若杉達哉,,,,,2022-20356,飲食店営業,,2022/7/1,2022/7/1,2022/8/1,2028/7/31,,北九州市保健所,BAR TENDER 03,093,,,,,北九州市小倉北区鍛冶町１丁目７－１５,福岡県北九州市小倉北区鍛冶町１丁目７－１５,日本ビル３F,198693,福岡県,北九州市小倉北区,鍛冶町１,2022/07/01,,2022/07/01,2022/08/01,2028/07/31,,,,,,,,,,,2022-20356,,飲食店営業,,,,390_福岡県_北九州市保健所_食品衛生(許可)_2022年07月_末日_新規,宿泊業，飲食サービス業,飲食店,,,,,,,,,ＢＡＲ　ＴＥＮＤＥＲ　０３,ＢＡＲＴＥＮＤＥＲ０３,,,1,,,,,
TGC,北九州市小倉北区鍛冶町一丁目６－８南国ビル３F,北九州市小倉北区鍛冶町１丁目６－８,南国ビル３F,,山本風太,,,,,2022-20463,飲食店営業,,2022/7/25,2022/7/25,2022/7/25,2028/7/31,,北九州市保健所,TGC,093,,,,,北九州市小倉北区鍛冶町１丁目６－８,福岡県北九州市小倉北区鍛冶町１丁目６－８,南国ビル３F,198693,福岡県,北九州市小倉北区,鍛冶町１,2022/07/25,,2022/07/25,2022/07/25,2028/07/31,,,,,,,,,,,2022-20463,,飲食店営業,,,,390_福岡県_北九州市保健所_食品衛生(許可)_2022年07月_末日_新規,宿泊業，飲食サービス業,飲食店,,,,,,,,,ＴＧＣ,ＴＧＣ,,,1,,,,,
ENA,北九州市小倉北区鍛冶町一丁目６－８南国ビル２F,北九州市小倉北区鍛冶町１丁目６－８,南国ビル２F,,落合智,,,,,2022-20366,飲食店営業,,2022/7/4,2022/7/4,2022/7/4,2028/7/31,,北九州市保健所,ENA,093,,,,,北九州市小倉北区鍛冶町１丁目６－８,福岡県北九州市小倉北区鍛冶町１丁目６－８,南国ビル２F,198693,福岡県,北九州市小倉北区,鍛冶町１,2022/07/04,,2022/07/04,2022/07/04,2028/07/31,,,,,,,,,,,2022-20366,,飲食店営業,,,,390_福岡県_北九州市保健所_食品衛生(許可)_2022年07月_末日_新規,宿泊業，飲食サービス業,飲食店,,,,,,,,,ＥＮＡ,ＥＮＡ,,,1,,,,,
メンバーズ麻里ａｎ,北九州市小倉北区鍛冶町一丁目６－８南国ビル２F,北九州市小倉北区鍛冶町１丁目６－８,南国ビル２F,,金子麻里子,,,,,2022-20361,飲食店営業,,2022/7/1,2022/7/1,2022/8/1,2028/7/31,,北九州市保健所,メンバーズ麻里ａｎ,093,,,,,北九州市小倉北区鍛冶町１丁目６－８,福岡県北九州市小倉北区鍛冶町１丁目６－８,南国ビル２F,198693,福岡県,北九州市小倉北区,鍛冶町１,2022/07/01,,2022/07/01,2022/08/01,2028/07/31,,,,,,,,,,,2022-20361,,飲食店営業,,,,390_福岡県_北九州市保健所_食品衛生(許可)_2022年07月_末日_新規,宿泊業，飲食サービス業,飲食店,,,,,,,,,メンバーズ麻里ａｎ,メンバズ麻里ａｎ,,,1,,,,,
member's ゆめchan,北九州市小倉北区鍛冶町一丁目６－１７鍛冶町第一ビルＢＦ,北九州市小倉北区鍛冶町１丁目６－１７,鍛冶町第一ビルＢＦ,,植松美幸,,,,,2022-20412,飲食店営業,,2022/7/12,2022/7/12,2022/9/1,2028/8/31,,北九州市保健所,member's ゆめchan,093,,,,,北九州市小倉北区鍛冶町１丁目６－１７,福岡県北九州市小倉北区鍛冶町１丁目６－１７,鍛冶町第一ビルＢＦ,198693,福岡県,北九州市小倉北区,鍛冶町１,2022/07/12,,2022/07/12,2022/09/01,2028/08/31,,,,,,,,,,,2022-20412,,飲食店営業,,,,390_福岡県_北九州市保健所_食品衛生(許可)_2022年07月_末日_新規,宿泊業，飲食サービス業,飲食店,,,,,,,,,ｍｅｍｂｅｒ＇ｓ　ゆめｃｈａｎ,ｍｅｍｂｅｒｓゆめｃｈａｎ,,,1,,,,,
member's Hinata,北九州市小倉北区鍛冶町一丁目３－１５堺町テラス５F,北九州市小倉北区鍛冶町１丁目３－１５,堺町テラス５F,0935115133,池田幸子,,,,,2022-20392,飲食店営業,,2022/7/13,2022/7/13,2022/7/13,2028/7/31,,北九州市保健所,member's Hinata,093,093-511-5133,,,,北九州市小倉北区鍛冶町１丁目３－１５,福岡県北九州市小倉北区鍛冶町１丁目３－１５,堺町テラス５F,198693,福岡県,北九州市小倉北区,鍛冶町１,2022/07/13,,2022/07/13,2022/07/13,2028/07/31,,,,,,,,,,,2022-20392,,飲食店営業,,,,390_福岡県_北九州市保健所_食品衛生(許可)_2022年07月_末日_新規,宿泊業，飲食サービス業,飲食店,,,,,,,,,ｍｅｍｂｅｒ＇ｓ　Ｈｉｎａｔａ,ｍｅｍｂｅｒｓＨｉｎａｔａ,,,1,,,,,
member's platinum,北九州市小倉北区鍛冶町一丁目３－１５堺町テラス３F,北九州市小倉北区鍛冶町１丁目３－１５,堺町テラス３F,0935317776,丹田　奈津枝,,,,,2022-20433,飲食店営業,スナック、バー,2022/7/30,2022/7/30,2022/9/1,2028/8/31,,北九州市保健所,member's platinum,093,093-531-7776,,,,北九州市小倉北区鍛冶町１丁目３－１５,福岡県北九州市小倉北区鍛冶町１丁目３－１５,堺町テラス３F,198693,福岡県,北九州市小倉北区,鍛冶町１,2022/07/30,,2022/07/30,2022/09/01,2028/08/31,,,,,,,,,,,2022-20433,,飲食店営業, スナック、バー,,,390_福岡県_北九州市保健所_食品衛生(許可)_2022年07月_末日_新規,宿泊業，飲食サービス業,飲食店,,,,,,,,,ｍｅｍｂｅｒ＇ｓ　ｐｌａｔｉｎｕｍ,ｍｅｍｂｅｒｓｐｌａｔｉｎｕｍ,,,1,,,,,
焼鳥　朝比奈,北九州市小倉北区鍛冶町一丁目３－１２Ｆ,北九州市小倉北区鍛冶町１丁目３,－１２Ｆ,,朝比奈隆,,,,,2022-20332,飲食店営業,,2022/7/6,2022/7/6,2022/8/2,2028/8/31,,北九州市保健所,焼鳥　朝比奈,093,,,,,北九州市小倉北区鍛冶町１丁目３,福岡県北九州市小倉北区鍛冶町１丁目３,－１２Ｆ,198693,福岡県,北九州市小倉北区,鍛冶町１,2022/07/06,,2022/07/06,2022/08/02,2028/08/31,,,,,,,,,,,2022-20332,,飲食店営業,,,,390_福岡県_北九州市保健所_食品衛生(許可)_2022年07月_末日_新規,宿泊業，飲食サービス業,飲食店,,,,,,,,,焼鳥　朝比奈,焼鳥朝比奈,,,1,,,,,
藤屋　銀次郎,北九州市小倉北区鍛冶町一丁目３ー１５堺町テラス１F,北九州市小倉北区鍛冶町１丁目３ー１５,堺町テラス１F,0935226657,株式会社　藤屋,藤井正人,福岡県北九州市小倉北区神岳二丁目6-26,福岡県北九州市小倉北区神岳２丁目６－２６,,2022-20409,飲食店営業,居酒屋,2022/7/13,2022/7/13,2022/7/13,2028/7/31,,北九州市保健所,藤屋　銀次郎,093,093-522-6657,,,,北九州市小倉北区鍛冶町１丁目３ー１５,福岡県北九州市小倉北区鍛冶町１丁目３－１５,堺町テラス１F,198693,福岡県,北九州市小倉北区,鍛冶町１,2022/07/13,,2022/07/13,2022/07/13,2028/07/31,株式会社　藤屋,藤井正人,,福岡県北九州市小倉北区神岳２丁目６－２６　,福岡県北九州市小倉北区神岳２丁目６－２６,,198718,福岡県,北九州市小倉北区,神岳２,2022-20409,,飲食店営業, 居酒屋,,,390_福岡県_北九州市保健所_食品衛生(許可)_2022年07月_末日_新規,宿泊業，飲食サービス業,飲食店,,,,,,,,,藤屋　銀次郎,藤屋銀次郎,株式会社藤屋,,1,,,,,
In My Life,北九州市小倉北区鍛冶町一丁目２－５－２F,北九州市小倉北区鍛冶町１丁目２－５,２F,,吉積雅彦,,,,,2022-20402,飲食店営業,,2022/7/11,2022/7/11,2022/7/11,2028/7/31,,北九州市保健所,In My Life,093,,,,,北九州市小倉北区鍛冶町１丁目２－５,福岡県北九州市小倉北区鍛冶町１丁目２－５,２F,198693,福岡県,北九州市小倉北区,鍛冶町１,2022/07/11,,2022/07/11,2022/07/11,2028/07/31,,,,,,,,,,,2022-20402,,飲食店営業,,,,390_福岡県_北九州市保健所_食品衛生(許可)_2022年07月_末日_新規,宿泊業，飲食サービス業,飲食店,,,,,,,,,Ｉｎ　Ｍｙ　Ｌｉｆｅ,ＩｎＭｙＬｉｆｅ,,,1,,,,,
串揚　天串,北九州市小倉北区鍛冶町一丁目2ー１５三樹ビル１Ｆ,北九州市小倉北区鍛冶町１丁目２ー１５,三樹ビル１Ｆ,0935313525,内田明美,,,,,2022-20437,飲食店営業,,2022/7/30,2022/7/30,2022/9/1,2028/8/31,,北九州市保健所,串揚　天串,093,093-531-3525,,,,北九州市小倉北区鍛冶町１丁目２ー１５,福岡県北九州市小倉北区鍛冶町１丁目２－１５,三樹ビル１Ｆ,198693,福岡県,北九州市小倉北区,鍛冶町１,2022/07/30,,2022/07/30,2022/09/01,2028/08/31,,,,,,,,,,,2022-20437,,飲食店営業,,,,390_福岡県_北九州市保健所_食品衛生(許可)_2022年07月_末日_新規,宿泊業，飲食サービス業,飲食店,,,,,,,,,串揚　天串,串揚天串,,,1,,,,,
市場食堂,北九州市小倉北区西港町９４－９中央卸売市場　関連棟内,北九州市小倉北区西港町９４－９,中央卸売市場 関連棟内,,株式会社柳田商店,栁田智史,福岡県北九州市戸畑区中原東三丁目５－１６,福岡県北九州市戸畑区中原東３丁目５－１６,,2022-20465,飲食店営業,,2022/7/22,2022/7/22,2022/7/22,2028/7/31,,北九州市保健所,市場食堂,093,,,,,北九州市小倉北区西港町９４－９,福岡県北九州市小倉北区西港町９４－９,中央卸売市場 関連棟内,198830,福岡県,北九州市小倉北区,西港町,2022/07/22,,2022/07/22,2022/07/22,2028/07/31,株式会社柳田商店,栁田智史,,福岡県北九州市戸畑区中原東３丁目５－１６　,福岡県北九州市戸畑区中原東３丁目５－１６,,198611,福岡県,北九州市戸畑区,中原東３,2022-20465,,飲食店営業,,,,390_福岡県_北九州市保健所_食品衛生(許可)_2022年07月_末日_新規,宿泊業，飲食サービス業,飲食店,,,,,,,,,市場食堂,市場食堂,株式会社柳田商店,,1,,,,,
フレンチキス,北九州市小倉北区若富士町６-１９第８岡部ビル１F,北九州市小倉北区若富士町６－１９,第８岡部ビル１F,093-982-1080,加来圭司,,,,,2022-20415,飲食店営業,,2022/7/13,2022/7/13,2022/9/1,2028/8/31,,北九州市保健所,フレンチキス,093,093-982-1080,,,,北九州市小倉北区若富士町６－１９,福岡県北九州市小倉北区若富士町６－１９,第８岡部ビル１F,198868,福岡県,北九州市小倉北区,若富士町,2022/07/13,,2022/07/13,2022/09/01,2028/08/31,,,,,,,,,,,2022-20415,,飲食店営業,,,,390_福岡県_北九州市保健所_食品衛生(許可)_2022年07月_末日_新規,宿泊業，飲食サービス業,飲食店,,,,,,,,,フレンチキス,フレンチキス,,,1,,,,,
プラチナムレジェンド,北九州市小倉北区船頭町３－３４,北九州市小倉北区船頭町３－３４,,093-511-0186,株式会社アイコーポレーション,稲田宏昭,福岡県北九州市小倉北区船頭町３－３４,福岡県北九州市小倉北区船頭町３－３４,,2022-20455,飲食店営業,ソープランド,2022/7/25,2022/7/25,2022/7/25,2028/7/31,,北九州市保健所,プラチナムレジェンド,093,093-511-0186,,,,北九州市小倉北区船頭町３－３４,福岡県北九州市小倉北区船頭町３－３４,,198800,福岡県,北九州市小倉北区,船頭町,2022/07/25,,2022/07/25,2022/07/25,2028/07/31,株式会社アイコーポレーション,稲田宏昭,,福岡県北九州市小倉北区船頭町３－３４　,福岡県北九州市小倉北区船頭町３－３４,,198800,福岡県,北九州市小倉北区,船頭町,2022-20455,,飲食店営業, ソープランド,,,390_福岡県_北九州市保健所_食品衛生(許可)_2022年07月_末日_新規,宿泊業，飲食サービス業,飲食店,,,,,,,,,プラチナムレジェンド,プラチナムレジェンド,株式会社アイコーポレーション,,1,,,,,
ＵＢＲＩＡＣＡ,北九州市小倉北区船場町６－１麻布ビルＢ１－２,北九州市小倉北区船場町６－１,麻布ビルＢ１－２,093-383-0195,松成富久美,,,,,2022-20372,飲食店営業,食堂,2022/7/8,2022/7/8,2022/7/8,2028/7/31,,北九州市保健所,ＵＢＲＩＡＣＡ,093,093-383-0195,,,,北九州市小倉北区船場町６－１,福岡県北九州市小倉北区船場町６－１,麻布ビルＢ１－２,198801,福岡県,北九州市小倉北区,船場町,2022/07/08,,2022/07/08,2022/07/08,2028/07/31,,,,,,,,,,,2022-20372,,飲食店営業, 食堂,,,390_福岡県_北九州市保健所_食品衛生(許可)_2022年07月_末日_新規,宿泊業，飲食サービス業,飲食店,,,,,,,,,ＵＢＲＩＡＣＡ,ＵＢＲＩＡＣＡ,,,2,,,,,
ＵＢＲＩＡＣＡ,北九州市小倉北区船場町６－１麻布ビルＢ１－２,北九州市小倉北区船場町６－１,麻布ビルＢ１－２,093-383-0195,松成富久美,,,,,2022-20373,そうざい製造業,食堂,2022/7/8,2022/7/8,2022/7/8,2028/7/31,,北九州市保健所,ＵＢＲＩＡＣＡ,093,093-383-0195,,,,北九州市小倉北区船場町６－１,福岡県北九州市小倉北区船場町６－１,麻布ビルＢ１－２,198801,福岡県,北九州市小倉北区,船場町,2022/07/08,,2022/07/08,2022/07/08,2028/07/31,,,,,,,,,,,2022-20373,,そうざい製造業, 食堂,,,390_福岡県_北九州市保健所_食品衛生(許可)_2022年07月_末日_新規,製造業,食料品製造業,,,,,,,,,ＵＢＲＩＡＣＡ,ＵＢＲＩＡＣＡ,,,2,,,,,
銀座　星岡茶寮,北九州市小倉北区船場町１－１井筒屋８Ｆ,北九州市小倉北区船場町１－１,井筒屋８Ｆ,093-522-2880,九州星岡食品株式会社,濵本圭太,熊本県熊本市東区保田窪三丁目９－１２,熊本県熊本市東区保田窪３丁目９－１２,,2022-20445,飲食店営業,食堂,2022/7/29,2022/7/29,2022/8/1,2028/7/31,,北九州市保健所,銀座　星岡茶寮,093,093-522-2880,,,,北九州市小倉北区船場町１－１,福岡県北九州市小倉北区船場町１－１,井筒屋８Ｆ,198801,福岡県,北九州市小倉北区,船場町,2022/07/29,,2022/07/29,2022/08/01,2028/07/31,九州星岡食品株式会社,濵本圭太,,熊本県熊本市東区保田窪３丁目９－１２　,熊本県熊本市東区保田窪３丁目９－１２,,208188,熊本県,熊本市東区,保田窪３,2022-20445,,飲食店営業, 食堂,,,390_福岡県_北九州市保健所_食品衛生(許可)_2022年07月_末日_新規,宿泊業，飲食サービス業,飲食店,,,,,,,,,銀座　星岡茶寮,銀座星岡茶寮,九州星岡食品株式会社,,1,,,,,
カフェ・モロゾフ,北九州市小倉北区船場町１－１井筒屋本館３Ｆ,北九州市小倉北区船場町１－１,井筒屋本館３Ｆ,093-522-2330,モロゾフ株式会社,山口信二,兵庫県神戸市東灘区御影本町六丁目11番19号,兵庫県神戸市東灘区御影本町６丁目１１番１９号,,2022-20327,飲食店営業,食堂,2022/7/4,2022/7/4,2022/8/1,2028/7/31,,北九州市保健所,カフェ・モロゾフ,093,093-522-2330,,,,北九州市小倉北区船場町１－１,福岡県北九州市小倉北区船場町１－１,井筒屋本館３Ｆ,198801,福岡県,北九州市小倉北区,船場町,2022/07/04,,2022/07/04,2022/08/01,2028/07/31,モロゾフ株式会社,山口信二,,兵庫県神戸市東灘区御影本町６丁目１１番１９号　,兵庫県神戸市東灘区御影本町６丁目１１番１９号,,163088,兵庫県,神戸市東灘区,御影本町６,2022-20327,,飲食店営業, 食堂,,,390_福岡県_北九州市保健所_食品衛生(許可)_2022年07月_末日_新規,宿泊業，飲食サービス業,飲食店,,,,,,,,,カフェ・モロゾフ,カフェモロゾフ,モロゾフ株式会社,,1,,,,,
９１　NIGHT CLUB,北九州市小倉北区紺屋町８－１６９階,北九州市小倉北区紺屋町８－１６,９階,,ＴＨＴ株式会社,タンマントゥオン,福岡県北九州市小倉北区紺屋町８番１６号９階,福岡県北九州市小倉北区紺屋町８番１６号,９階,2022-20420,飲食店営業,ナイトクラブ,2022/7/21,2022/7/21,2022/7/21,2028/7/31,,北九州市保健所,９１　NIGHT CLUB,093,,,,,北九州市小倉北区紺屋町８－１６,福岡県北九州市小倉北区紺屋町８－１６,９階,198757,福岡県,北九州市小倉北区,紺屋町,2022/07/21,,2022/07/21,2022/07/21,2028/07/31,ＴＨＴ株式会社,タンマントゥオン,,福岡県北九州市小倉北区紺屋町８番１６号　９階,福岡県北九州市小倉北区紺屋町８番１６号９階,,198757,福岡県,北九州市小倉北区,紺屋町,2022-20420,,飲食店営業, ナイトクラブ,,,390_福岡県_北九州市保健所_食品衛生(許可)_2022年07月_末日_新規,宿泊業，飲食サービス業,飲食店,,,,,,,,,９１　ＮＩＧＨＴ　ＣＬＵＢ,９１ＮＩＧＨＴＣＬＵＢ,ＴＨＴ株式会社,,1,,,,,
CODEG,北九州市小倉北区紺屋町６－６トクシンビル２F,北九州市小倉北区紺屋町６－６,トクシンビル２F,093-531-7261,伊東俊勝,,,,,2022-20381,飲食店営業,バー,2022/7/1,2022/7/1,2022/9/1,2028/8/31,,北九州市保健所,CODEG,093,093-531-7261,,,,北九州市小倉北区紺屋町６－６,福岡県北九州市小倉北区紺屋町６－６,トクシンビル２F,198757,福岡県,北九州市小倉北区,紺屋町,2022/07/01,,2022/07/01,2022/09/01,2028/08/31,,,,,,,,,,,2022-20381,,飲食店営業, バー,,,390_福岡県_北九州市保健所_食品衛生(許可)_2022年07月_末日_新規,宿泊業，飲食サービス業,飲食店,,,,,,,,,ＣＯＤＥＧ,ＣＯＤＥＧ,,,1,,,,,
小野ちゃん家,北九州市小倉北区紺屋町５－１７アージュ紺屋３F（３０３）,北九州市小倉北区紺屋町５－１７,アージュ紺屋３０３,,小野春菜,,,,,2022-20484,飲食店営業,スナック,2022/7/28,2022/7/28,2022/7/28,2028/7/31,,北九州市保健所,小野ちゃん家,093,,,,,北九州市小倉北区紺屋町５－１７,福岡県北九州市小倉北区紺屋町５－１７,アージュ紺屋３０３,198757,福岡県,北九州市小倉北区,紺屋町,2022/07/28,,2022/07/28,2022/07/28,2028/07/31,,,,,,,,,,,2022-20484,,飲食店営業, スナック,,,390_福岡県_北九州市保健所_食品衛生(許可)_2022年07月_末日_新規,宿泊業，飲食サービス業,飲食店,,,,,,,,,小野ちゃん家,小野ちゃん家,,,1,,,,,
SUPER　ORIGINAL,北九州市小倉北区紺屋町３－３ウィステリア５Ｆ（５０４）,北九州市小倉北区紺屋町３－３,ウィステリア５０４,,山内亜加根,,,,,2022-20422,飲食店営業,スナック,2022/7/15,2022/7/15,2022/8/1,2028/7/31,,北九州市保健所,SUPER　ORIGINAL,093,,,,,北九州市小倉北区紺屋町３－３,福岡県北九州市小倉北区紺屋町３－３,ウィステリア５０４,198757,福岡県,北九州市小倉北区,紺屋町,2022/07/15,,2022/07/15,2022/08/01,2028/07/31,,,,,,,,,,,2022-20422,,飲食店営業, スナック,,,390_福岡県_北九州市保健所_食品衛生(許可)_2022年07月_末日_新規,宿泊業，飲食サービス業,飲食店,,,,,,,,,ＳＵＰＥＲ　ＯＲＩＧＩＮＡＬ,ＳＵＰＥＲＯＲＩＧＩＮＡＬ,,,1,,,,,
みんと,北九州市小倉北区紺屋町３－３ウィステリア４Ｆ（４０１）,北九州市小倉北区紺屋町３－３,ウィステリア４０１,093-533-3737,平井ゆみ子,,,,,2022-20419,飲食店営業,スナック,2022/7/15,2022/7/15,2022/8/1,2028/7/31,,北九州市保健所,みんと,093,093-533-3737,,,,北九州市小倉北区紺屋町３－３,福岡県北九州市小倉北区紺屋町３－３,ウィステリア４０１,198757,福岡県,北九州市小倉北区,紺屋町,2022/07/15,,2022/07/15,2022/08/01,2028/07/31,,,,,,,,,,,2022-20419,,飲食店営業, スナック,,,390_福岡県_北九州市保健所_食品衛生(許可)_2022年07月_末日_新規,宿泊業，飲食サービス業,飲食店,,,,,,,,,みんと,みんと,,,1,,,,,
ＥＬ　Ｄｏｕｒａｄｏ,北九州市小倉北区紺屋町３－３ウィステリア　４Ｆ,北九州市小倉北区紺屋町３－３,ウィステリア４Ｆ,,株式会社ELD,福田秀典,福岡県行橋市西泉二丁目７－１８,福岡県行橋市西泉２丁目７－１８,,2022-20421,飲食店営業,バー,2022/7/15,2022/7/15,2022/9/1,2028/8/31,,北九州市保健所,ＥＬ　Ｄｏｕｒａｄｏ,093,,,,,北九州市小倉北区紺屋町３－３,福岡県北九州市小倉北区紺屋町３－３,ウィステリア４Ｆ,198757,福岡県,北九州市小倉北区,紺屋町,2022/07/15,,2022/07/15,2022/09/01,2028/08/31,株式会社ELD,福田秀典,,福岡県行橋市西泉２丁目７－１８　,福岡県行橋市西泉２丁目７－１８,,201959,福岡県,行橋市,西泉２,2022-20421,,飲食店営業, バー,,,390_福岡県_北九州市保健所_食品衛生(許可)_2022年07月_末日_新規,宿泊業，飲食サービス業,飲食店,,,,,,,,,ＥＬ　Ｄｏｕｒａｄｏ,ＥＬＤｏｕｒａｄｏ,株式会社ＥＬＤ,,1,,,,,
関門海峡たこ料理専門店　千春,北九州市小倉北区紺屋町１２－１３光安ビル１Ｆ,北九州市小倉北区紺屋町１２－１３,光安ビル１Ｆ,,中内裕子,,,,,2022-20363,飲食店営業,一般食堂,2022/7/14,2022/7/14,2022/8/1,2028/7/31,,北九州市保健所,関門海峡たこ料理専門店　千春,093,,,,,北九州市小倉北区紺屋町１２－１３,福岡県北九州市小倉北区紺屋町１２－１３,光安ビル１Ｆ,198757,福岡県,北九州市小倉北区,紺屋町,2022/07/14,,2022/07/14,2022/08/01,2028/07/31,,,,,,,,,,,2022-20363,,飲食店営業, 一般食堂,,,390_福岡県_北九州市保健所_食品衛生(許可)_2022年07月_末日_新規,宿泊業，飲食サービス業,飲食店,,,,,,,,,関門海峡たこ料理専門店　千春,関門海峡たこ料理専門店千春,,,1,,,,,
味菜,北九州市小倉北区篠崎三丁目１４‐７,北九州市小倉北区篠崎３丁目１４－７,,093-571-5660,昭和食品株式会社,黒田裕一,福岡県北九州市門司区黄金町6-28,福岡県北九州市門司区黄金町６－２８,,2022-20414,飲食店営業,,2022/7/13,2022/7/13,2022/9/1,2028/8/31,,北九州市保健所,味菜,093,093-571-5660,,,,北九州市小倉北区篠崎３丁目１４－７,福岡県北九州市小倉北区篠崎３丁目１４－７,,198771,福岡県,北九州市小倉北区,篠崎３,2022/07/13,,2022/07/13,2022/09/01,2028/08/31,昭和食品株式会社,黒田裕一,,福岡県北九州市門司区黄金町６－２８　,福岡県北九州市門司区黄金町６－２８,,198257,福岡県,北九州市門司区,黄金町,2022-20414,,飲食店営業,,,,390_福岡県_北九州市保健所_食品衛生(許可)_2022年07月_末日_新規,宿泊業，飲食サービス業,飲食店,,,,,,,,,味菜,味菜,昭和食品株式会社,,1,,,,,
来来亭足立インター店,北九州市小倉北区神岳一丁目２－１５,北九州市小倉北区神岳１丁目２－１５,,093-383-7965,株式会社真心,豆田正樹,山口県宇部市神原町二丁目１－６０,山口県宇部市神原町２丁目１－６０,,2022-20342,飲食店営業,,2022/7/12,2022/7/12,2022/7/12,2029/7/31,,北九州市保健所,来来亭足立インター店,093,093-383-7965,,,,北九州市小倉北区神岳１丁目２－１５,福岡県北九州市小倉北区神岳１丁目２－１５,,198717,福岡県,北九州市小倉北区,神岳１,2022/07/12,,2022/07/12,2022/07/12,2029/07/31,株式会社真心,豆田正樹,,山口県宇部市神原町２丁目１－６０　,山口県宇部市神原町２丁目１－６０,,187461,山口県,宇部市,神原町２,2022-20342,,飲食店営業,,,,390_福岡県_北九州市保健所_食品衛生(許可)_2022年07月_末日_新規,宿泊業，飲食サービス業,飲食店,,,,,,,,,来来亭足立インター店,来来亭足立インタ店,株式会社真心,来来亭,1,宿泊業，飲食サービス業,飲食店,喫茶店,喫茶店,
インド料理ビスヌ,北九州市小倉北区砂津三丁目１－１チャチャタウン１F,北九州市小倉北区砂津３丁目１－１,チャチャタウン１F,093-533-8099,有限会社ビスヌ,サールマ・シャームスンダル,福岡県久留米市百年公園１番１号,福岡県久留米市百年公園１番１号,,2022-20428,飲食店営業,,2022/7/14,2022/7/14,2022/9/1,2028/8/31,,北九州市保健所,インド料理ビスヌ,093,093-533-8099,,,,北九州市小倉北区砂津３丁目１－１,福岡県北九州市小倉北区砂津３丁目１－１,チャチャタウン１F,198799,福岡県,北九州市小倉北区,砂津３,2022/07/14,,2022/07/14,2022/09/01,2028/08/31,有限会社ビスヌ,サールマ・シャームスンダル,,福岡県久留米市百年公園１番１号　,福岡県久留米市百年公園１番１号,,201364,福岡県,久留米市,百年公園,2022-20428,,飲食店営業,,,,390_福岡県_北九州市保健所_食品衛生(許可)_2022年07月_末日_新規,宿泊業，飲食サービス業,飲食店,,,,,,,,,インド料理ビスヌ,インド料理ビスヌ,有限会社ビスヌ,,1,,,,,
焼鳥とり園,北九州市小倉北区真鶴一丁目７－２３,北九州市小倉北区真鶴１丁目７－２３,,093-591-3393,波多野嘉哉,,,,,2022-20452,飲食店営業,,2022/7/25,2022/7/25,2022/8/1,2028/7/31,,北九州市保健所,焼鳥とり園,093,093-591-3393,,,,北九州市小倉北区真鶴１丁目７－２３,福岡県北九州市小倉北区真鶴１丁目７－２３,,198849,福岡県,北九州市小倉北区,真鶴１,2022/07/25,,2022/07/25,2022/08/01,2028/07/31,,,,,,,,,,,2022-20452,,飲食店営業,,,,390_福岡県_北九州市保健所_食品衛生(許可)_2022年07月_末日_新規,宿泊業，飲食サービス業,飲食店,,,,,,,,,焼鳥とり園,焼鳥とり園,,,1,,,,,
かつ葉,北九州市小倉北区白銀一丁目５－１４,北九州市小倉北区白銀１丁目５－１４,,093-932-0610,永田周三,,,,,2022-20497,魚介類販売業,,2022/7/28,2022/7/28,2022/9/1,2028/8/31,,北九州市保健所,かつ葉,093,093-932-0610,,,,北九州市小倉北区白銀１丁目５－１４,福岡県北九州市小倉北区白銀１丁目５－１４,,198785,福岡県,北九州市小倉北区,白銀１,2022/07/28,,2022/07/28,2022/09/01,2028/08/31,,,,,,,,,,,2022-20497,,魚介類販売業,,,,390_福岡県_北九州市保健所_食品衛生(許可)_2022年07月_末日_新規,卸売業，小売業,飲食料品小売業,,,,,,,,,かつ葉,かつ葉,,,1,,,,,
侍寿司,北九州市小倉北区白銀一丁目１２－１４,北九州市小倉北区白銀１丁目１２－１４,,093-941-1123,大星裕輔,,,,,2022-20471,飲食店営業,一般食堂,2022/7/25,2022/7/25,2022/9/1,2028/8/31,,北九州市保健所,侍寿司,093,093-941-1123,,,,北九州市小倉北区白銀１丁目１２－１４,福岡県北九州市小倉北区白銀１丁目１２－１４,,198785,福岡県,北九州市小倉北区,白銀１,2022/07/25,,2022/07/25,2022/09/01,2028/08/31,,,,,,,,,,,2022-20471,,飲食店営業, 一般食堂,,,390_福岡県_北九州市保健所_食品衛生(許可)_2022年07月_末日_新規,宿泊業，飲食サービス業,飲食店,,,,,,,,,侍寿司,侍寿司,,,1,,,,,
鯛焼工房たろう　田町店,北九州市小倉北区田町６－３１,北九州市小倉北区田町６－３１,,,UnirTechnica株式会社,宮本善高,福岡県北九州市小倉北区井堀3-16-13,福岡県北九州市小倉北区井堀３－１６－１３,,2022-20498,菓子製造業,,2022/7/29,2022/7/29,2022/7/29,2028/7/31,,北九州市保健所,鯛焼工房たろう　田町店,093,,,,,北九州市小倉北区田町６－３１,福岡県北九州市小倉北区田町６－３１,,198813,福岡県,北九州市小倉北区,田町,2022/07/29,,2022/07/29,2022/07/29,2028/07/31,UnirTechnica株式会社,宮本善高,,福岡県北九州市小倉北区井堀３－１６－１３　,福岡県北九州市小倉北区井堀３－１６－１３,,198673,福岡県,北九州市小倉北区,井堀３,2022-20498,,菓子製造業,,,,390_福岡県_北九州市保健所_食品衛生(許可)_2022年07月_末日_新規,製造業,食料品製造業,,,,,,,,,鯛焼工房たろう　田町店,鯛焼工房たろう田町店,ＵｎｉｒＴｅｃｈｎｉｃａ株式会社,,1,,,,,
文殊,北九州市小倉北区田町１２－１６,北九州市小倉北区田町１２－１６,,093-581-3451,松村美津子,,,,,2022-20326,飲食店営業,,2022/7/1,2022/7/1,2022/8/1,2028/7/31,,北九州市保健所,文殊,093,093-581-3451,,,,北九州市小倉北区田町１２－１６,福岡県北九州市小倉北区田町１２－１６,,198813,福岡県,北九州市小倉北区,田町,2022/07/01,,2022/07/01,2022/08/01,2028/07/31,,,,,,,,,,,2022-20326,,飲食店営業,,,,390_福岡県_北九州市保健所_食品衛生(許可)_2022年07月_末日_新規,宿泊業，飲食サービス業,飲食店,,,,,,,,,文殊,文殊,,,1,,,,,
串かつ　まっと,北九州市小倉北区片野三丁目９－１０１F,北九州市小倉北区片野３丁目９－１０,１F,093-230-5777,株式会社まっと,白川正人,福岡県北九州市小倉南区湯川新町一丁目３－４１,福岡県北九州市小倉南区湯川新町１丁目３－４１,,2022-20494,飲食店営業,,2022/7/29,2022/7/29,2022/7/29,2028/7/31,,北九州市保健所,串かつ　まっと,093,093-230-5777,,,,北九州市小倉北区片野３丁目９－１０,福岡県北九州市小倉北区片野３丁目９－１０,１F,198697,福岡県,北九州市小倉北区,片野３,2022/07/29,,2022/07/29,2022/07/29,2028/07/31,株式会社まっと,白川正人,,福岡県北九州市小倉南区湯川新町１丁目３－４１　,福岡県北九州市小倉南区湯川新町１丁目３－４１,,199033,福岡県,北九州市小倉南区,湯川新町１,2022-20494,,飲食店営業,,,,390_福岡県_北九州市保健所_食品衛生(許可)_2022年07月_末日_新規,宿泊業，飲食サービス業,飲食店,,,,,,,,,串かつ　まっと,串かつまっと,株式会社まっと,,1,,,,,
シティホール清水,北九州市小倉北区清水四丁目３－２５,北九州市小倉北区清水４丁目３－２５,,,有限会社辻蔵,辻研三郎,大阪府大阪市東住吉区山坂２丁目７番１４号,大阪府大阪市東住吉区山坂２丁目７番１４号,,2022-20339,飲食店営業,仕出し,2022/7/8,2022/7/8,2022/7/8,2029/7/31,,北九州市保健所,シティホール清水,093,,,,,北九州市小倉北区清水４丁目３－２５,福岡県北九州市小倉北区清水４丁目３－２５,,198731,福岡県,北九州市小倉北区,清水４,2022/07/08,,2022/07/08,2022/07/08,2029/07/31,有限会社辻蔵,辻研三郎,,大阪府大阪市東住吉区山坂２丁目７番１４号　,大阪府大阪市東住吉区山坂２丁目７番１４号,,155291,大阪府,大阪市東住吉区,山坂２,2022-20339,,飲食店営業, 仕出し,,,390_福岡県_北九州市保健所_食品衛生(許可)_2022年07月_末日_新規,宿泊業，飲食サービス業,飲食店,,,,,,,,,シティホール清水,シティホル清水,有限会社辻蔵,,1,,,,,
紅虎餃子房,北九州市小倉北区浅野一丁目１－１アミュプラザ小倉６Ｆ,北九州市小倉北区浅野１丁目１－１,アミュプラザ小倉６Ｆ,0935334080,際コーポレーション株式会社,中島武,東京都目黒区大橋二丁目２２－８,東京都目黒区大橋２丁目２２－８,,2022-20405,飲食店営業,,2022/7/26,2022/7/26,2022/9/1,2029/8/31,,北九州市保健所,紅虎餃子房,093,093-533-4080,,,,北九州市小倉北区浅野１丁目１－１,福岡県北九州市小倉北区浅野１丁目１－１,アミュプラザ小倉６Ｆ,198653,福岡県,北九州市小倉北区,浅野１,2022/07/26,,2022/07/26,2022/09/01,2029/08/31,際コーポレーション株式会社,中島武,,東京都目黒区大橋２丁目２２－８　,東京都目黒区大橋２丁目２２－８,,73896,東京都,目黒区,大橋２,2022-20405,,飲食店営業,,,,390_福岡県_北九州市保健所_食品衛生(許可)_2022年07月_末日_新規,宿泊業，飲食サービス業,飲食店,,,,,,,,,紅虎餃子房,紅虎餃子房,際コーポレーション株式会社,,1,,,,,
廻転寿司平四郎,北九州市小倉北区浅野一丁目１－１アミュプラザ小倉６Ｆ,北九州市小倉北区浅野１丁目１－１,アミュプラザ小倉６Ｆ,0935121224,株式会社平四郎,小林昭二,福岡県北九州市小倉北区馬借１丁目１１番１号,福岡県北九州市小倉北区馬借１丁目１１番１号,,2022-20425,飲食店営業,,2022/7/26,2022/7/26,2022/8/1,2029/8/31,,北九州市保健所,廻転寿司平四郎,093,093-512-1224,,,,北九州市小倉北区浅野１丁目１－１,福岡県北九州市小倉北区浅野１丁目１－１,アミュプラザ小倉６Ｆ,198653,福岡県,北九州市小倉北区,浅野１,2022/07/26,,2022/07/26,2022/08/01,2029/08/31,株式会社平四郎,小林昭二,,福岡県北九州市小倉北区馬借１丁目１１番１号　,福岡県北九州市小倉北区馬借１丁目１１番１号,,198834,福岡県,北九州市小倉北区,馬借１,2022-20425,,飲食店営業,,,,390_福岡県_北九州市保健所_食品衛生(許可)_2022年07月_末日_新規,宿泊業，飲食サービス業,飲食店,,,,,,,,,廻転寿司平四郎,廻転寿司平四郎,株式会社平四郎,,1,,,,,
博多の味やまや小倉店,北九州市小倉北区浅野一丁目１ー１（新幹線改札内）,北九州市小倉北区浅野１丁目１ー１,新幹線改札内,,株式会社やまやコミュニケーションズ,山本正秀,福岡県福岡市東区松島５－２７－５,福岡県福岡市東区松島５－２７－５,,2022-20370,飲食店営業,,2022/7/27,2022/7/27,2022/7/27,2028/7/31,,北九州市保健所,博多の味やまや小倉店,093,,,,,北九州市小倉北区浅野１丁目１ー１,福岡県北九州市小倉北区浅野１丁目１－１,新幹線改札内,198653,福岡県,北九州市小倉北区,浅野１,2022/07/27,,2022/07/27,2022/07/27,2028/07/31,株式会社やまやコミュニケーションズ,山本正秀,,福岡県福岡市東区松島５－２７－５　,福岡県福岡市東区松島５－２７－５,,199910,福岡県,福岡市東区,松島５,2022-20370,,飲食店営業,,,,390_福岡県_北九州市保健所_食品衛生(許可)_2022年07月_末日_新規,宿泊業，飲食サービス業,飲食店,,,,,,,,,博多の味やまや小倉店,博多の味やまや小倉店,株式会社やまやコミュニケーションズ,,1,,,,,
あさのホテル,北九州市小倉北区浅野2-9-6,北九州市小倉北区浅野２－９－６,,093-521-3366,株式会社あさのビジネス,重井長次郎,福岡県北九州市小倉北区浅野２丁目９番６号,福岡県北九州市小倉北区浅野２丁目９番６号,,2022-20364,飲食店営業,飲食店営業(旅館),2022/7/15,2022/7/15,2022/8/1,2028/7/31,,北九州市保健所,あさのホテル,093,093-521-3366,,,,北九州市小倉北区浅野２－９－６,福岡県北九州市小倉北区浅野２－９－６,,198654,福岡県,北九州市小倉北区,浅野２,2022/07/15,,2022/07/15,2022/08/01,2028/07/31,株式会社あさのビジネス,重井長次郎,,福岡県北九州市小倉北区浅野２丁目９番６号　,福岡県北九州市小倉北区浅野２丁目９番６号,,198654,福岡県,北九州市小倉北区,浅野２,2022-20364,,飲食店営業, 飲食店営業(旅館),,,390_福岡県_北九州市保健所_食品衛生(許可)_2022年07月_末日_新規,宿泊業，飲食サービス業,飲食店,,,,,,,,,あさのホテル,あさのホテル,株式会社あさのビジネス,,1,,,,,
はがくれ,北九州市小倉北区泉台一丁目２－１,北九州市小倉北区泉台１丁目２－１,,093-653-3339,田中幸子,,,,,2022-20459,飲食店営業,一般食堂,2022/7/21,2022/7/21,2022/9/1,2028/8/31,,北九州市保健所,はがくれ,093,093-653-3339,,,,北九州市小倉北区泉台１丁目２－１,福岡県北九州市小倉北区泉台１丁目２－１,,198665,福岡県,北九州市小倉北区,泉台１,2022/07/21,,2022/07/21,2022/09/01,2028/08/31,,,,,,,,,,,2022-20459,,飲食店営業, 一般食堂,,,390_福岡県_北九州市保健所_食品衛生(許可)_2022年07月_末日_新規,宿泊業，飲食サービス業,飲食店,,,,,,,,,はがくれ,はがくれ,,,1,,,,,
カネミ倉庫株式会社,北九州市小倉北区東港一丁目６－１,北九州市小倉北区東港１丁目６－１,,093-561-5336,カネミ倉庫株式会社,加藤大明,福岡県北九州市小倉北区東港1-6-1,福岡県北九州市小倉北区東港１－６－１,,2022-20467,食用油脂製造業,,2022/7/26,2022/7/26,2022/9/1,2027/8/31,,北九州市保健所,カネミ倉庫株式会社,093,093-561-5336,,,,北九州市小倉北区東港１丁目６－１,福岡県北九州市小倉北区東港１丁目６－１,,198869,福岡県,北九州市小倉北区,東港１,2022/07/26,,2022/07/26,2022/09/01,2027/08/31,カネミ倉庫株式会社,加藤大明,,福岡県北九州市小倉北区東港１－６－１　,福岡県北九州市小倉北区東港１－６－１,,198869,福岡県,北九州市小倉北区,東港１,2022-20467,,食用油脂製造業,,,,390_福岡県_北九州市保健所_食品衛生(許可)_2022年07月_末日_新規,製造業,食料品製造業,,,,,,,,,カネミ倉庫株式会社,カネミ倉庫株式会社,カネミ倉庫株式会社,,1,,,,,
フェアリーシスターズ Office & Studio,北九州市小倉北区愛宕二丁目２－１３－１０２,北九州市小倉北区愛宕２丁目２－１３,１０２,,上野浩,,,,,2022-20426,飲食店営業,,2022/7/15,2022/7/15,2022/7/15,2028/7/31,,北九州市保健所,フェアリーシスターズ Office & Studio,093,,,,,北九州市小倉北区愛宕２丁目２－１３,福岡県北九州市小倉北区愛宕２丁目２－１３,１０２,198661,福岡県,北九州市小倉北区,愛宕２,2022/07/15,,2022/07/15,2022/07/15,2028/07/31,,,,,,,,,,,2022-20426,,飲食店営業,,,,390_福岡県_北九州市保健所_食品衛生(許可)_2022年07月_末日_新規,宿泊業，飲食サービス業,飲食店,,,,,,,,,フェアリーシスターズ　Ｏｆｆｉｃｅ　＆　Ｓｔｕｄｉｏ,フェアリシスタズＯｆｆｉｃｅＳｔｕｄｉｏ,,,1,,,,,
愛宕いるち,北九州市小倉北区愛宕二丁目１－１９,北九州市小倉北区愛宕２丁目１－１９,,,堀川貴幸,,,,,2022-20378,飲食店営業,,2022/7/4,2022/7/4,2022/8/1,2028/7/31,,北九州市保健所,愛宕いるち,093,,,,,北九州市小倉北区愛宕２丁目１－１９,福岡県北九州市小倉北区愛宕２丁目１－１９,,198661,福岡県,北九州市小倉北区,愛宕２,2022/07/04,,2022/07/04,2022/08/01,2028/07/31,,,,,,,,,,,2022-20378,,飲食店営業,,,,390_福岡県_北九州市保健所_食品衛生(許可)_2022年07月_末日_新規,宿泊業，飲食サービス業,飲食店,,,,,,,,,愛宕いるち,愛宕いるち,,,1,,,,,
業務スーパー小倉大畠店内加納フーズ,北九州市小倉北区大畠二丁目６－３９,北九州市小倉北区大畠２丁目６－３９,,,株式会社加納フーズ,加納幸徳,大阪府松原市南新町四丁目７４－４,大阪府松原市南新町４丁目７４－４,,2022-20275,食肉販売業,,2022/7/1,2022/7/1,2022/7/1,2029/6/30,,北九州市保健所,業務スーパー小倉大畠店内加納フーズ,093,,,,,北九州市小倉北区大畠２丁目６－３９,福岡県北九州市小倉北区大畠２丁目６－３９,,198691,福岡県,北九州市小倉北区,大畠２,2022/07/01,,2022/07/01,2022/07/01,2029/06/30,株式会社加納フーズ,加納幸徳,,大阪府松原市南新町４丁目７４－４　,大阪府松原市南新町４丁目７４－４,,160651,大阪府,松原市,南新町４,2022-20275,,食肉販売業,,,,390_福岡県_北九州市保健所_食品衛生(許可)_2022年07月_末日_新規,卸売業，小売業,飲食料品小売業,食肉小売業,,,,,,,,業務スーパー小倉大畠店内加納フーズ,業務スパ小倉大畠店内加納フズ,株式会社加納フーズ,,1,,,,,
業務スーパー小倉大畠店,北九州市小倉北区大畠二丁目６－３９,北九州市小倉北区大畠２丁目６－３９,,,グランマルシェ株式会社,清水浩夫,大阪府大阪市浪速区木津川２－２－３７,大阪府大阪市浪速区木津川２－２－３７,,2022-20317,飲食店営業,,2022/7/1,2022/7/1,2022/7/1,2029/6/30,,北九州市保健所,業務スーパー小倉大畠店,093,,,,,北九州市小倉北区大畠２丁目６－３９,福岡県北九州市小倉北区大畠２丁目６－３９,,198691,福岡県,北九州市小倉北区,大畠２,2022/07/01,,2022/07/01,2022/07/01,2029/06/30,グランマルシェ株式会社,清水浩夫,,大阪府大阪市浪速区木津川２－２－３７　,大阪府大阪市浪速区木津川２－２－３７,,154608,大阪府,大阪市浪速区,木津川２,2022-20317,,飲食店営業,,,,390_福岡県_北九州市保健所_食品衛生(許可)_2022年07月_末日_新規,宿泊業，飲食サービス業,飲食店,,,,,,,,,業務スーパー小倉大畠店,業務スパ小倉大畠店,グランマルシェ株式会社,,3,,,,,
業務スーパー小倉大畠店,北九州市小倉北区大畠二丁目６－３９,北九州市小倉北区大畠２丁目６－３９,,,グランマルシェ株式会社,清水浩夫,大阪府大阪市浪速区木津川２－２－３７,大阪府大阪市浪速区木津川２－２－３７,,2022-20313,魚介類販売業,,2022/7/1,2022/7/1,2022/7/1,2029/6/30,,北九州市保健所,業務スーパー小倉大畠店,093,,,,,北九州市小倉北区大畠２丁目６－３９,福岡県北九州市小倉北区大畠２丁目６－３９,,198691,福岡県,北九州市小倉北区,大畠２,2022/07/01,,2022/07/01,2022/07/01,2029/06/30,グランマルシェ株式会社,清水浩夫,,大阪府大阪市浪速区木津川２－２－３７　,大阪府大阪市浪速区木津川２－２－３７,,154608,大阪府,大阪市浪速区,木津川２,2022-20313,,魚介類販売業,,,,390_福岡県_北九州市保健所_食品衛生(許可)_2022年07月_末日_新規,卸売業，小売業,飲食料品小売業,,,,,,,,,業務スーパー小倉大畠店,業務スパ小倉大畠店,グランマルシェ株式会社,,3,,,,,
業務スーパー小倉大畠店,北九州市小倉北区大畠二丁目６－３９,北九州市小倉北区大畠２丁目６－３９,,,グランマルシェ株式会社,清水浩夫,大阪府大阪市浪速区木津川２－２－３７,大阪府大阪市浪速区木津川２－２－３７,,2022-20312,飲食店営業,,2022/7/1,2022/7/1,2022/7/1,2029/6/30,,北九州市保健所,業務スーパー小倉大畠店,093,,,,,北九州市小倉北区大畠２丁目６－３９,福岡県北九州市小倉北区大畠２丁目６－３９,,198691,福岡県,北九州市小倉北区,大畠２,2022/07/01,,2022/07/01,2022/07/01,2029/06/30,グランマルシェ株式会社,清水浩夫,,大阪府大阪市浪速区木津川２－２－３７　,大阪府大阪市浪速区木津川２－２－３７,,154608,大阪府,大阪市浪速区,木津川２,2022-20312,,飲食店営業,,,,390_福岡県_北九州市保健所_食品衛生(許可)_2022年07月_末日_新規,宿泊業，飲食サービス業,飲食店,,,,,,,,,業務スーパー小倉大畠店,業務スパ小倉大畠店,グランマルシェ株式会社,,3,,,,,
キッチン創造館,北九州市小倉北区大畠一丁目７－２５１F,北九州市小倉北区大畠１丁目７－２５,１F,093-512-5777,NPO法人列島会,中村儀成,福岡県北九州市小倉北区大畠一丁目７番２５号,福岡県北九州市小倉北区大畠１丁目７番２５号,,2022-20380,飲食店営業,,2022/7/1,2022/7/1,2022/7/1,2028/6/30,,北九州市保健所,キッチン創造館,093,093-512-5777,,,,北九州市小倉北区大畠１丁目７－２５,福岡県北九州市小倉北区大畠１丁目７－２５,１F,198690,福岡県,北九州市小倉北区,大畠１,2022/07/01,,2022/07/01,2022/07/01,2028/06/30,NPO法人列島会,中村儀成,,福岡県北九州市小倉北区大畠１丁目７番２５号　,福岡県北九州市小倉北区大畠１丁目７番２５号,,198690,福岡県,北九州市小倉北区,大畠１,2022-20380,,飲食店営業,,,,390_福岡県_北九州市保健所_食品衛生(許可)_2022年07月_末日_新規,宿泊業，飲食サービス業,飲食店,,,,,,,,,キッチン創造館,キッチン創造館,ＮＰＯ法人列島会,,1,,,,,
ビストロチャイニーズRON,北九州市小倉北区堺町二丁目３－３３,北九州市小倉北区堺町２丁目３－３３,,093-521-6355,入江守,,,,,2022-20368,飲食店営業,,2022/7/14,2022/7/14,2022/8/1,2028/7/31,,北九州市保健所,ビストロチャイニーズRON,093,093-521-6355,,,,北九州市小倉北区堺町２丁目３－３３,福岡県北九州市小倉北区堺町２丁目３－３３,,198761,福岡県,北九州市小倉北区,堺町２,2022/07/14,,2022/07/14,2022/08/01,2028/07/31,,,,,,,,,,,2022-20368,,飲食店営業,,,,390_福岡県_北九州市保健所_食品衛生(許可)_2022年07月_末日_新規,宿泊業，飲食サービス業,飲食店,,,,,,,,,ビストロチャイニーズＲＯＮ,ビストロチャイニズＲＯＮ,,,1,,,,,
TAKE2,北九州市小倉北区堺町一丁目５－５ニュー南国ビル１F,北九州市小倉北区堺町１丁目５－５,ニュー南国ビル１F,,坪田修治,,,,,2022-20435,飲食店営業,一般食堂,2022/7/15,2022/7/15,2022/7/15,2028/7/31,,北九州市保健所,TAKE2,093,,,,,北九州市小倉北区堺町１丁目５－５,福岡県北九州市小倉北区堺町１丁目５－５,ニュー南国ビル１F,198760,福岡県,北九州市小倉北区,堺町１,2022/07/15,,2022/07/15,2022/07/15,2028/07/31,,,,,,,,,,,2022-20435,,飲食店営業, 一般食堂,,,390_福岡県_北九州市保健所_食品衛生(許可)_2022年07月_末日_新規,宿泊業，飲食サービス業,飲食店,,,,,,,,,ＴＡＫＥ２,ＴＡＫＥ２,,,1,,,,,
members DOWBL,北九州市小倉北区堺町一丁目５－１２第一エルザビル４F,北九州市小倉北区堺町１丁目５－１２,第一エルザビル４F,,奥貞龍哉,,,,,2022-20440,飲食店営業,一般食堂,2022/7/15,2022/7/15,2022/7/15,2028/7/31,,北九州市保健所,members DOWBL,093,,,,,北九州市小倉北区堺町１丁目５－１２,福岡県北九州市小倉北区堺町１丁目５－１２,第一エルザビル４F,198760,福岡県,北九州市小倉北区,堺町１,2022/07/15,,2022/07/15,2022/07/15,2028/07/31,,,,,,,,,,,2022-20440,,飲食店営業, 一般食堂,,,390_福岡県_北九州市保健所_食品衛生(許可)_2022年07月_末日_新規,宿泊業，飲食サービス業,飲食店,,,,,,,,,ｍｅｍｂｅｒｓ　ＤＯＷＢＬ,ｍｅｍｂｅｒｓＤＯＷＢＬ,,,1,,,,,
MGG,北九州市小倉北区堺町一丁目５－１２第一エルザビル　１F,北九州市小倉北区堺町１丁目５－１２,第一エルザビル １F,,木下竜司,,,,,2022-20400,飲食店営業,,2022/7/8,2022/7/8,2022/7/8,2028/7/31,,北九州市保健所,MGG,093,,,,,北九州市小倉北区堺町１丁目５－１２,福岡県北九州市小倉北区堺町１丁目５－１２,第一エルザビル １F,198760,福岡県,北九州市小倉北区,堺町１,2022/07/08,,2022/07/08,2022/07/08,2028/07/31,,,,,,,,,,,2022-20400,,飲食店営業,,,,390_福岡県_北九州市保健所_食品衛生(許可)_2022年07月_末日_新規,宿泊業，飲食サービス業,飲食店,,,,,,,,,ＭＧＧ,ＭＧＧ,,,1,,,,,
スターライトフィリピン,北九州市小倉北区堺町一丁目１０－６－３F　B,北九州市小倉北区堺町１丁目１０－６,３F B,093-521-6880,DACASIN MA LEAHJONGCO,,,,,2022-20382,飲食店営業,スナック、バー,2022/7/8,2022/7/8,2022/7/8,2028/7/31,,北九州市保健所,スターライトフィリピン,093,093-521-6880,,,,北九州市小倉北区堺町１丁目１０－６,福岡県北九州市小倉北区堺町１丁目１０－６,３F B,198760,福岡県,北九州市小倉北区,堺町１,2022/07/08,,2022/07/08,2022/07/08,2028/07/31,,,,,,,,,,,2022-20382,,飲食店営業, スナック、バー,,,390_福岡県_北九州市保健所_食品衛生(許可)_2022年07月_末日_新規,宿泊業，飲食サービス業,飲食店,,,,,,,,,スターライトフィリピン,スタライトフィリピン,,,1,,,,,
members olbia,北九州市小倉北区堺町一丁目１０－６ECプラザ４階A号,北九州市小倉北区堺町１丁目１０－６,ECプラザ４階A号,,原田威吹,,,,,2022-20397,飲食店営業,スナック、バー,2022/7/20,2022/7/20,2022/7/20,2028/7/31,,北九州市保健所,members olbia,093,,,,,北九州市小倉北区堺町１丁目１０－６,福岡県北九州市小倉北区堺町１丁目１０－６,ECプラザ４階A号,198760,福岡県,北九州市小倉北区,堺町１,2022/07/20,,2022/07/20,2022/07/20,2028/07/31,,,,,,,,,,,2022-20397,,飲食店営業, スナック、バー,,,390_福岡県_北九州市保健所_食品衛生(許可)_2022年07月_末日_新規,宿泊業，飲食サービス業,飲食店,,,,,,,,,ｍｅｍｂｅｒｓ　ｏｌｂｉａ,ｍｅｍｂｅｒｓｏｌｂｉａ,,,1,,,,,
laugh（ラフ）,北九州市小倉北区堺町一丁目１０－６ECプラザビル４F,北九州市小倉北区堺町１丁目１０－６,ECプラザビル４F,,紫村勇大,,,,,2022-20334,飲食店営業,バー,2022/7/11,2022/7/11,2022/7/11,2028/7/31,,北九州市保健所,laugh（ラフ）,093,,,,,北九州市小倉北区堺町１丁目１０－６,福岡県北九州市小倉北区堺町１丁目１０－６,ECプラザビル４F,198760,福岡県,北九州市小倉北区,堺町１,2022/07/11,,2022/07/11,2022/07/11,2028/07/31,,,,,,,,,,,2022-20334,,飲食店営業, バー,,,390_福岡県_北九州市保健所_食品衛生(許可)_2022年07月_末日_新規,宿泊業，飲食サービス業,飲食店,,,,,,,,,ｌａｕｇｈ（ラフ）,ｌａｕｇｈラフ,,,1,,,,,
ノラや,北九州市小倉北区吉野町９－２８,北九州市小倉北区吉野町９－２８,,,廣田彩,,,,,2022-20318,飲食店営業,居酒屋,2022/7/1,2022/7/1,2022/7/1,2028/6/30,,北九州市保健所,ノラや,093,,,,,北九州市小倉北区吉野町９－２８,福岡県北九州市小倉北区吉野町９－２８,,198867,福岡県,北九州市小倉北区,吉野町,2022/07/01,,2022/07/01,2022/07/01,2028/06/30,,,,,,,,,,,2022-20318,,飲食店営業, 居酒屋,,,390_福岡県_北九州市保健所_食品衛生(許可)_2022年07月_末日_新規,宿泊業，飲食サービス業,飲食店,,,,,,,,,ノラや,ノラや,,,1,,,,,
カラオケ喫茶　森田,北九州市小倉北区古船場町２－１０タ―ウィンビル３Ｆ,北九州市小倉北区古船場町２－１０,タ―ウィンビル３Ｆ,0935334737,森田千恵子,,,,,2022－20355,飲食店営業,カラオケ喫茶,2022/7/15,2022/7/15,2022/8/1,2028/7/31,,北九州市保健所,カラオケ喫茶　森田,093,093-533-4737,,,,北九州市小倉北区古船場町２－１０,福岡県北九州市小倉北区古船場町２－１０,タ―ウィンビル３Ｆ,198847,福岡県,北九州市小倉北区,古船場町,2022/07/15,,2022/07/15,2022/08/01,2028/07/31,,,,,,,,,,,2022－20355,,飲食店営業, カラオケ喫茶,,,390_福岡県_北九州市保健所_食品衛生(許可)_2022年07月_末日_新規,宿泊業，飲食サービス業,飲食店,,,,,,,,,カラオケ喫茶　森田,カラオケ喫茶森田,,,1,,,,,
コワーキングスペース秘密基地,北九州市小倉北区京町二丁目２－１９ジャンジャンビル３F,北九州市小倉北区京町２丁目２－１９,ジャンジャンビル３F,093-967-1003,株式会社ＨＯＡ,岡秀樹,福岡県北九州市小倉北区京町２丁目２番１９号,福岡県北九州市小倉北区京町２丁目２番１９号,,2022-20408,飲食店営業,,2022/7/8,2022/7/8,2022/9/1,2028/8/31,,北九州市保健所,コワーキングスペース秘密基地,093,093-967-1003,,,,北九州市小倉北区京町２丁目２－１９,福岡県北九州市小倉北区京町２丁目２－１９,ジャンジャンビル３F,198725,福岡県,北九州市小倉北区,京町２,2022/07/08,,2022/07/08,2022/09/01,2028/08/31,株式会社ＨＯＡ,岡秀樹,,福岡県北九州市小倉北区京町２丁目２番１９号　,福岡県北九州市小倉北区京町２丁目２番１９号,,198725,福岡県,北九州市小倉北区,京町２,2022-20408,,飲食店営業,,,,390_福岡県_北九州市保健所_食品衛生(許可)_2022年07月_末日_新規,宿泊業，飲食サービス業,飲食店,,,,,,,,,コワーキングスペース秘密基地,コワキングスペス秘密基地,株式会社ＨＯＡ,,1,,,,,
鯉八,北九州市小倉北区京町三丁目１１－１７石崎ビル２Ｆ,北九州市小倉北区京町３丁目１１－１７,石崎ビル２Ｆ,,兼森一裕,,,,,2022-20374,飲食店営業,,2022/7/15,2022/7/15,2022/8/1,2028/7/31,,北九州市保健所,鯉八,093,,,,,北九州市小倉北区京町３丁目１１－１７,福岡県北九州市小倉北区京町３丁目１１－１７,石崎ビル２Ｆ,198726,福岡県,北九州市小倉北区,京町３,2022/07/15,,2022/07/15,2022/08/01,2028/07/31,,,,,,,,,,,2022-20374,,飲食店営業,,,,390_福岡県_北九州市保健所_食品衛生(許可)_2022年07月_末日_新規,宿泊業，飲食サービス業,飲食店,,,,,,,,,鯉八,鯉八,,,1,,,,,
ANteNNA,北九州市小倉北区京町三丁目１０－９栄伸ビル４F,北九州市小倉北区京町３丁目１０－９,栄伸ビル４F,0934821810,平岩亮哉,,,,,2022-20464,飲食店営業,雑貨屋で喫茶,2022/7/22,2022/7/22,2022/7/22,2028/7/31,,北九州市保健所,ANteNNA,093,093-482-1810,,,,北九州市小倉北区京町３丁目１０－９,福岡県北九州市小倉北区京町３丁目１０－９,栄伸ビル４F,198726,福岡県,北九州市小倉北区,京町３,2022/07/22,,2022/07/22,2022/07/22,2028/07/31,,,,,,,,,,,2022-20464,,飲食店営業, 雑貨屋で喫茶,,,390_福岡県_北九州市保健所_食品衛生(許可)_2022年07月_末日_新規,宿泊業，飲食サービス業,飲食店,,,,,,,,,ＡＮｔｅＮＮＡ,ＡＮｔｅＮＮＡ,,,1,,,,,
どんどん亭小倉セントシティ店,北九州市小倉北区京町三丁目１－１セントシティ１１F,北九州市小倉北区京町３丁目１－１,セントシティ１１F,0935517922,Miコーポレーション株式会社,松石崇志,福岡県福岡市博多区山王1丁目1番34号,福岡県福岡市博多区山王１丁目１番３４号,,2022－20375,飲食店営業,お好み焼き屋,2022/7/15,2022/7/15,2022/8/1,2029/7/31,,北九州市保健所,どんどん亭小倉セントシティ店,093,093-551-7922,,,,北九州市小倉北区京町３丁目１－１,福岡県北九州市小倉北区京町３丁目１－１,セントシティ１１F,198726,福岡県,北九州市小倉北区,京町３,2022/07/15,,2022/07/15,2022/08/01,2029/07/31,Miコーポレーション株式会社,松石崇志,,福岡県福岡市博多区山王１丁目１番３４号　,福岡県福岡市博多区山王１丁目１番３４号,,200073,福岡県,福岡市博多区,山王１,2022－20375,,飲食店営業, お好み焼き屋,,,390_福岡県_北九州市保健所_食品衛生(許可)_2022年07月_末日_新規,宿泊業，飲食サービス業,飲食店,,,,,,,,,どんどん亭小倉セントシティ店,どんどん亭小倉セントシティ店,Ｍｉコーポレーション株式会社,,1,,,,,
小倉フルーツ旬菓　すず蘭,北九州市小倉北区京町一丁目４－２１ー１F,北九州市小倉北区京町１丁目４－２１,ー１F,,合同会社TAMS,片桐愛,福岡県北九州市小倉北区下富野三丁目４－５４,福岡県北九州市小倉北区下富野３丁目４－５４,,2022-20406,飲食店営業,,2022/7/22,2022/7/22,2022/7/22,2028/7/31,,北九州市保健所,小倉フルーツ旬菓　すず蘭,093,,,,,北九州市小倉北区京町１丁目４－２１,福岡県北九州市小倉北区京町１丁目４－２１,ー１F,198724,福岡県,北九州市小倉北区,京町１,2022/07/22,,2022/07/22,2022/07/22,2028/07/31,合同会社TAMS,片桐愛,,福岡県北九州市小倉北区下富野３丁目４－５４　,福岡県北九州市小倉北区下富野３丁目４－５４,,198781,福岡県,北九州市小倉北区,下富野３,2022-20406,,飲食店営業,,,,390_福岡県_北九州市保健所_食品衛生(許可)_2022年07月_末日_新規,宿泊業，飲食サービス業,飲食店,,,,,,,,,小倉フルーツ旬菓　すず蘭,小倉フルツ旬菓すず蘭,合同会社ＴＡＭＳ,,2,,,,,
小倉フルーツ旬菓　すず蘭,北九州市小倉北区京町一丁目４－２１ー１F,北九州市小倉北区京町１丁目４－２１,ー１F,,合同会社TAMS,片桐愛,福岡県北九州市小倉北区下富野三丁目４－５４,福岡県北九州市小倉北区下富野３丁目４－５４,,2022-20407,菓子製造業,,2022/7/22,2022/7/22,2022/7/22,2028/7/31,,北九州市保健所,小倉フルーツ旬菓　すず蘭,093,,,,,北九州市小倉北区京町１丁目４－２１,福岡県北九州市小倉北区京町１丁目４－２１,ー１F,198724,福岡県,北九州市小倉北区,京町１,2022/07/22,,2022/07/22,2022/07/22,2028/07/31,合同会社TAMS,片桐愛,,福岡県北九州市小倉北区下富野３丁目４－５４　,福岡県北九州市小倉北区下富野３丁目４－５４,,198781,福岡県,北九州市小倉北区,下富野３,2022-20407,,菓子製造業,,,,390_福岡県_北九州市保健所_食品衛生(許可)_2022年07月_末日_新規,製造業,食料品製造業,,,,,,,,,小倉フルーツ旬菓　すず蘭,小倉フルツ旬菓すず蘭,合同会社ＴＡＭＳ,,2,,,,,
セブンイレブン小倉井堀４丁目店,北九州市小倉北区井堀四丁目５－１９,北九州市小倉北区井堀４丁目５－１９,,093-571-7757,室園武章,,,,,2022-20431,飲食店営業,コンビニエンスストア,2022/7/14,2022/7/14,2022/9/1,2028/8/31,,北九州市保健所,セブンイレブン小倉井堀４丁目店,093,093-571-7757,,,,北九州市小倉北区井堀４丁目５－１９,福岡県北九州市小倉北区井堀４丁目５－１９,,198674,福岡県,北九州市小倉北区,井堀４,2022/07/14,,2022/07/14,2022/09/01,2028/08/31,,,,,,,,,,,2022-20431,,飲食店営業, コンビニエンスストア,,,390_福岡県_北九州市保健所_食品衛生(許可)_2022年07月_末日_新規,宿泊業，飲食サービス業,飲食店,,,,,,,,,セブンイレブン小倉井堀４丁目店,セブンイレブン小倉井堀４丁目店,,セブンイレブン,1,卸売業，小売業,飲食料品小売業,その他の飲食料品小売業,コンビニエンスストア（飲食料品を中心とするものに限る）,
一麺亭中津口店,北九州市小倉北区中津口一丁目４－１,北九州市小倉北区中津口１丁目４－１,,,リズム食品株式会社,岡本　慶大,福岡県北九州市小倉北区紺屋町13番1号毎日西部会館7階,福岡県北九州市小倉北区紺屋町１３番１号,毎日西部会館７階,2022-20349,飲食店営業,,2022/7/1,2022/7/1,2022/8/1,2029/7/31,,北九州市保健所,一麺亭中津口店,093,,,,,北九州市小倉北区中津口１丁目４－１,福岡県北九州市小倉北区中津口１丁目４－１,,198827,福岡県,北九州市小倉北区,中津口１,2022/07/01,,2022/07/01,2022/08/01,2029/07/31,リズム食品株式会社,岡本　慶大,,福岡県北九州市小倉北区紺屋町１３番１号　毎日西部会館７階,福岡県北九州市小倉北区紺屋町１３番１号毎日西部会館７階,,198757,福岡県,北九州市小倉北区,紺屋町,2022-20349,,飲食店営業,,,,390_福岡県_北九州市保健所_食品衛生(許可)_2022年07月_末日_新規,宿泊業，飲食サービス業,飲食店,,,,,,,,,一麺亭中津口店,一麺亭中津口店,リズム食品株式会社,,1,,,,,
旦過スパイスカレーARATA,北九州市小倉北区中井一丁目１７－２,北九州市小倉北区中井１丁目１７－２,,,河浜由美子,,,,,2022-20274,飲食店営業,一般食堂,2022/7/25,2022/7/25,2022/7/25,2028/7/31,,北九州市保健所,旦過スパイスカレーARATA,093,,,,,北九州市小倉北区中井１丁目１７－２,福岡県北九州市小倉北区中井１丁目１７－２,,198819,福岡県,北九州市小倉北区,中井１,2022/07/25,,2022/07/25,2022/07/25,2028/07/31,,,,,,,,,,,2022-20274,,飲食店営業, 一般食堂,,,390_福岡県_北九州市保健所_食品衛生(許可)_2022年07月_末日_新規,宿泊業，飲食サービス業,飲食店,,,,,,,,,旦過スパイスカレーＡＲＡＴＡ,旦過スパイスカレＡＲＡＴＡ,,,1,,,,,
コミルキッチン,北九州市小倉北区下富野三丁目２－１２,北九州市小倉北区下富野３丁目２－１２,,093-531-6760,中島ひとみ,,,,,2022-20429,菓子製造業,,2022/7/25,2022/7/25,2022/7/25,2028/7/31,,北九州市保健所,コミルキッチン,093,093-531-6760,,,,北九州市小倉北区下富野３丁目２－１２,福岡県北九州市小倉北区下富野３丁目２－１２,,198781,福岡県,北九州市小倉北区,下富野３,2022/07/25,,2022/07/25,2022/07/25,2028/07/31,,,,,,,,,,,2022-20429,,菓子製造業,,,,390_福岡県_北九州市保健所_食品衛生(許可)_2022年07月_末日_新規,製造業,食料品製造業,,,,,,,,,コミルキッチン,コミルキッチン,,,1,,,,,
おにぎりカフェ＆BAR　一粒万倍,北九州市小倉北区下到津四丁目１０－９,北九州市小倉北区下到津４丁目１０－９,,,株式会社えにしあ,永野響子,福岡県福岡市東区舞松原２丁目７番１１号－２０２号,福岡県福岡市東区舞松原２丁目７番１１号－２０２号,,2022-20469,飲食店営業,一般食堂,2022/7/28,2022/7/28,2022/7/28,2028/7/31,,北九州市保健所,おにぎりカフェ＆BAR　一粒万倍,093,,,,,北九州市小倉北区下到津４丁目１０－９,福岡県北九州市小倉北区下到津４丁目１０－９,,198777,福岡県,北九州市小倉北区,下到津４,2022/07/28,,2022/07/28,2022/07/28,2028/07/31,株式会社えにしあ,永野響子,,福岡県福岡市東区舞松原２丁目７番１１号－２０２号　,福岡県福岡市東区舞松原２丁目７番１１号－２０２号,,199944,福岡県,福岡市東区,舞松原２,2022-20469,,飲食店営業, 一般食堂,,,390_福岡県_北九州市保健所_食品衛生(許可)_2022年07月_末日_新規,宿泊業，飲食サービス業,飲食店,,,,,,,,,おにぎりカフェ＆ＢＡＲ　一粒万倍,おにぎりカフェＢＡＲ一粒万倍,株式会社えにしあ,,1,,,,,
和食処はまもと,北九州市小倉北区下到津一丁目５－１７トーカンマンション下到津１F,北九州市小倉北区下到津１丁目５－１７,トーカンマンション下到津１F,,浜元康司,,,,,2022-20444,飲食店営業,一般食堂,2022/7/15,2022/7/15,2022/9/1,2028/8/31,,北九州市保健所,和食処はまもと,093,,,,,北九州市小倉北区下到津１丁目５－１７,福岡県北九州市小倉北区下到津１丁目５－１７,トーカンマンション下到津１F,198774,福岡県,北九州市小倉北区,下到津１,2022/07/15,,2022/07/15,2022/09/01,2028/08/31,,,,,,,,,,,2022-20444,,飲食店営業, 一般食堂,,,390_福岡県_北九州市保健所_食品衛生(許可)_2022年07月_末日_新規,宿泊業，飲食サービス業,飲食店,,,,,,,,,和食処はまもと,和食処はまもと,,,1,,,,,
ミニストップ小倉三郎丸店,北九州市小倉北区三郎丸三丁目１５－１７,北九州市小倉北区三郎丸３丁目１５－１７,,093-923-0875,金木誠治,,,,,2022-20423,飲食店営業,,2022/7/12,2022/7/12,2022/9/1,2028/8/31,,北九州市保健所,ミニストップ小倉三郎丸店,093,093-923-0875,,,,北九州市小倉北区三郎丸３丁目１５－１７,福岡県北九州市小倉北区三郎丸３丁目１５－１７,,198764,福岡県,北九州市小倉北区,三郎丸３,2022/07/12,,2022/07/12,2022/09/01,2028/08/31,,,,,,,,,,,2022-20423,,飲食店営業,,,,390_福岡県_北九州市保健所_食品衛生(許可)_2022年07月_末日_新規,宿泊業，飲食サービス業,飲食店,,,,,,,,,ミニストップ小倉三郎丸店,ミニストップ小倉三郎丸店,,ミニストップ,1,卸売業，小売業,飲食料品小売業,その他の飲食料品小売業,コンビニエンスストア（飲食料品を中心とするものに限る）,
セブンーイレブン八幡黒崎城石店,北九州市八幡西区黒崎城石３番７号,北九州市八幡西区黒崎城石３番７号,,,髙島ライフソリューションズ株式会社,福田正,福岡県北九州市八幡西区黒崎城石３－７,福岡県北九州市八幡西区黒崎城石３－７,,2022-60217,飲食店営業,,2022/7/15,2022/7/15,2022/9/1,2028/8/31,,北九州市保健所,セブンーイレブン八幡黒崎城石店,093,,,,,北九州市八幡西区黒崎城石３番７号,福岡県北九州市八幡西区黒崎城石３番７号,,199730,福岡県,北九州市八幡西区,黒崎城石,2022/07/15,,2022/07/15,2022/09/01,2028/08/31,髙島ライフソリューションズ株式会社,福田正,,福岡県北九州市八幡西区黒崎城石３－７　,福岡県北九州市八幡西区黒崎城石３－７,,199730,福岡県,北九州市八幡西区,黒崎城石,2022-60217,,飲食店営業,,,,390_福岡県_北九州市保健所_食品衛生(許可)_2022年07月_末日_新規,宿泊業，飲食サービス業,飲食店,,,,,,,,,セブンイレブン八幡黒崎城石店,セブンイレブン八幡黒崎城石店,髙島ライフソリューションズ株式会社,セブンイレブン,1,卸売業，小売業,飲食料品小売業,その他の飲食料品小売業,コンビニエンスストア（飲食料品を中心とするものに限る）,
Bar Genievre,北九州市八幡西区黒崎四丁目６－１　グリーンパーク三共１０３,北九州市八幡西区黒崎４丁目６－１,グリーンパーク三共１０３,,坂井栄樹,,,,,2022-60107,飲食店営業,バー,2022/7/13,2022/7/13,2022/7/13,2028/7/31,,北九州市保健所,Bar Genievre,093,,,,,北九州市八幡西区黒崎４丁目６－１,福岡県北九州市八幡西区黒崎４丁目６－１,グリーンパーク三共１０３,199432,福岡県,北九州市八幡西区,黒崎４,2022/07/13,,2022/07/13,2022/07/13,2028/07/31,,,,,,,,,,,2022-60107,,飲食店営業, バー,,,390_福岡県_北九州市保健所_食品衛生(許可)_2022年07月_末日_新規,宿泊業，飲食サービス業,飲食店,,,,,,,,,Ｂａｒ　Ｇｅｎｉｅｖｒｅ,ＢａｒＧｅｎｉｅｖｒｅ,,,1,,,,,
あらカブや,北九州市八幡西区黒崎二丁目９－５　第一平木ビル１F,北九州市八幡西区黒崎２丁目９－５,第一平木ビル１F,093-603-2722,高藤昭弘,,,,,2022-60238,飲食店営業,居酒屋,2022/7/22,2022/7/22,2022/9/1,2028/8/31,,北九州市保健所,あらカブや,093,093-603-2722,,,,北九州市八幡西区黒崎２丁目９－５,福岡県北九州市八幡西区黒崎２丁目９－５,第一平木ビル１F,199430,福岡県,北九州市八幡西区,黒崎２,2022/07/22,,2022/07/22,2022/09/01,2028/08/31,,,,,,,,,,,2022-60238,,飲食店営業, 居酒屋,,,390_福岡県_北九州市保健所_食品衛生(許可)_2022年07月_末日_新規,宿泊業，飲食サービス業,飲食店,,,,,,,,,あらカブや,あらカブや,,,1,,,,,
Ｙａｍａｔｏ’ｓ　Ｃａｆｅ,北九州市八幡西区黒崎三丁目１５－３,北九州市八幡西区黒崎３丁目１５－３,,0949-22-0533,学校法人大和学園,大和雅彦,福岡県直方市日吉町10-12,福岡県直方市日吉町１０－１２,,2022-60252,飲食店営業,自動車営業,2022/7/29,2022/7/29,2022/7/29,2027/7/31,,北九州市保健所,Ｙａｍａｔｏ’ｓ　Ｃａｆｅ,093,0949-22-0533,,,,北九州市八幡西区黒崎３丁目１５－３,福岡県北九州市八幡西区黒崎３丁目１５－３,,199431,福岡県,北九州市八幡西区,黒崎３,2022/07/29,,2022/07/29,2022/07/29,2027/07/31,学校法人大和学園,大和雅彦,,福岡県直方市日吉町１０－１２　,福岡県直方市日吉町１０－１２,,201470,福岡県,直方市,日吉町,2022-60252,,飲食店営業, 自動車営業,,,390_福岡県_北九州市保健所_食品衛生(許可)_2022年07月_末日_新規,宿泊業，飲食サービス業,飲食店,,,,,,,,,Ｙａｍａｔｏ＇ｓ　Ｃａｆｅ,ＹａｍａｔｏｓＣａｆｅ,学校法人大和学園,,1,,,,,
Ｙａｍａｔｏ’ｓ　ｋｉｔｃｈｅｎ,北九州市八幡西区黒崎三丁目１５－３,北九州市八幡西区黒崎３丁目１５－３,,0949-22-0533,学校法人大和学園,大和雅彦,福岡県直方市日吉町10-12,福岡県直方市日吉町１０－１２,,2022-60251,飲食店営業,自動車営業,2022/7/29,2022/7/29,2022/7/29,2027/7/31,,北九州市保健所,Ｙａｍａｔｏ’ｓ　ｋｉｔｃｈｅｎ,093,0949-22-0533,,,,北九州市八幡西区黒崎３丁目１５－３,福岡県北九州市八幡西区黒崎３丁目１５－３,,199431,福岡県,北九州市八幡西区,黒崎３,2022/07/29,,2022/07/29,2022/07/29,2027/07/31,学校法人大和学園,大和雅彦,,福岡県直方市日吉町１０－１２　,福岡県直方市日吉町１０－１２,,201470,福岡県,直方市,日吉町,2022-60251,,飲食店営業, 自動車営業,,,390_福岡県_北九州市保健所_食品衛生(許可)_2022年07月_末日_新規,宿泊業，飲食サービス業,飲食店,,,,,,,,,Ｙａｍａｔｏ＇ｓ　ｋｉｔｃｈｅｎ,Ｙａｍａｔｏｓｋｉｔｃｈｅｎ,学校法人大和学園,,1,,,,,
たこ焼きしんちゃん,北九州市八幡西区黒崎三丁目１５－３,北九州市八幡西区黒崎３丁目１５－３,,,田口真一,,,,,2022-60195,飲食店営業,自動車営業,2022/7/1,2022/7/1,2022/7/1,2027/6/30,,北九州市保健所,たこ焼きしんちゃん,093,,,,,北九州市八幡西区黒崎３丁目１５－３,福岡県北九州市八幡西区黒崎３丁目１５－３,,199431,福岡県,北九州市八幡西区,黒崎３,2022/07/01,,2022/07/01,2022/07/01,2027/06/30,,,,,,,,,,,2022-60195,,飲食店営業, 自動車営業,,,390_福岡県_北九州市保健所_食品衛生(許可)_2022年07月_末日_新規,宿泊業，飲食サービス業,飲食店,,,,,,,,,たこ焼きしんちゃん,たこ焼きしんちゃん,,,1,,,,,
Wakey Wakey Eggs and Bakey,北九州市八幡西区黒崎三丁目15番3号,北九州市八幡西区黒崎３丁目１５番３号,,,石松文愛,,,,,2022-60222,飲食店営業,自動車営業,2022/7/15,2022/7/15,2022/7/15,2027/7/31,,北九州市保健所,Wakey Wakey Eggs and Bakey,093,,,,,北九州市八幡西区黒崎３丁目１５番３号,福岡県北九州市八幡西区黒崎３丁目１５番３号,,199431,福岡県,北九州市八幡西区,黒崎３,2022/07/15,,2022/07/15,2022/07/15,2027/07/31,,,,,,,,,,,2022-60222,,飲食店営業, 自動車営業,,,390_福岡県_北九州市保健所_食品衛生(許可)_2022年07月_末日_新規,宿泊業，飲食サービス業,飲食店,,,,,,,,,Ｗａｋｅｙ　Ｗａｋｅｙ　Ｅｇｇｓ　ａｎｄ　Ｂａｋｅｙ,ＷａｋｅｙＷａｋｅｙＥｇｇｓａｎｄＢａｋｅｙ,,,1,,,,,
厨,北九州市八幡西区黒崎一丁目９－８　キングビル１Ｆ,北九州市八幡西区黒崎１丁目９－８,キングビル１Ｆ,,𠮷田富雄,,,,,2022-60229,飲食店営業,居酒屋,2022/7/26,2022/7/26,2022/9/1,2028/8/31,,北九州市保健所,厨,093,,,,,北九州市八幡西区黒崎１丁目９－８,福岡県北九州市八幡西区黒崎１丁目９－８,キングビル１Ｆ,199429,福岡県,北九州市八幡西区,黒崎１,2022/07/26,,2022/07/26,2022/09/01,2028/08/31,,,,,,,,,,,2022-60229,,飲食店営業, 居酒屋,,,390_福岡県_北九州市保健所_食品衛生(許可)_2022年07月_末日_新規,宿泊業，飲食サービス業,飲食店,,,,,,,,,厨,厨,,,1,,,,,
スナック　かず,北九州市八幡西区黒崎一丁目８－７　銀映ビル２F,北九州市八幡西区黒崎１丁目８－７,銀映ビル２F,,坂口和子,,,,,2022-60198,飲食店営業,スナック,2022/7/19,2022/7/19,2022/8/1,2028/7/31,,北九州市保健所,スナック　かず,093,,,,,北九州市八幡西区黒崎１丁目８－７,福岡県北九州市八幡西区黒崎１丁目８－７,銀映ビル２F,199429,福岡県,北九州市八幡西区,黒崎１,2022/07/19,,2022/07/19,2022/08/01,2028/07/31,,,,,,,,,,,2022-60198,,飲食店営業, スナック,,,390_福岡県_北九州市保健所_食品衛生(許可)_2022年07月_末日_新規,宿泊業，飲食サービス業,飲食店,,,,,,,,,スナック　かず,スナックかず,,,1,,,,,
オーガスタ,北九州市八幡西区黒崎一丁目１４－２２,北九州市八幡西区黒崎１丁目１４－２２,,,有限会社オーガスタ,馬場里美,福岡県北九州市八幡西区鷹の巣二丁目４－３８－３０４,福岡県北九州市八幡西区鷹の巣２丁目４－３８,３０４,2022-60236,飲食店営業,スナック,2022/7/26,2022/7/26,2022/8/1,2028/7/31,,北九州市保健所,オーガスタ,093,,,,,北九州市八幡西区黒崎１丁目１４－２２,福岡県北九州市八幡西区黒崎１丁目１４－２２,,199429,福岡県,北九州市八幡西区,黒崎１,2022/07/26,,2022/07/26,2022/08/01,2028/07/31,有限会社オーガスタ,馬場里美,,福岡県北九州市八幡西区鷹の巣２丁目４－３８　３０４,福岡県北九州市八幡西区鷹ノ巣２丁目４－３８３０４,,199479,福岡県,北九州市八幡西区,鷹の巣２,2022-60236,,飲食店営業, スナック,,,390_福岡県_北九州市保健所_食品衛生(許可)_2022年07月_末日_新規,宿泊業，飲食サービス業,飲食店,,,,,,,,,オーガスタ,オガスタ,有限会社オーガスタ,,1,,,,,
かおるの部屋,北九州市八幡西区黒崎一丁目１３－２,北九州市八幡西区黒崎１丁目１３－２,,,藤井清香,,,,,2022-60240,飲食店営業,スナック,2022/7/27,2022/7/27,2022/9/1,2028/8/31,,北九州市保健所,かおるの部屋,093,,,,,北九州市八幡西区黒崎１丁目１３－２,福岡県北九州市八幡西区黒崎１丁目１３－２,,199429,福岡県,北九州市八幡西区,黒崎１,2022/07/27,,2022/07/27,2022/09/01,2028/08/31,,,,,,,,,,,2022-60240,,飲食店営業, スナック,,,390_福岡県_北九州市保健所_食品衛生(許可)_2022年07月_末日_新規,宿泊業，飲食サービス業,飲食店,,,,,,,,,かおるの部屋,かおるの部屋,,,1,,,,,
メンバーズ　エバーグリーン,北九州市八幡西区黒崎一丁目１３－１くろさき２５番ビル２F,北九州市八幡西区黒崎１丁目１３－１,くろさき２５番ビル２F,,今田直美,,,,,2022-60192,飲食店営業,スナック,2022/7/4,2022/7/4,2022/8/1,2028/7/31,,北九州市保健所,メンバーズ　エバーグリーン,093,,,,,北九州市八幡西区黒崎１丁目１３－１,福岡県北九州市八幡西区黒崎１丁目１３－１,くろさき２５番ビル２F,199429,福岡県,北九州市八幡西区,黒崎１,2022/07/04,,2022/07/04,2022/08/01,2028/07/31,,,,,,,,,,,2022-60192,,飲食店営業, スナック,,,390_福岡県_北九州市保健所_食品衛生(許可)_2022年07月_末日_新規,宿泊業，飲食サービス業,飲食店,,,,,,,,,メンバーズ　エバーグリーン,メンバズエバグリン,,,1,,,,,
ラウンジ明美,北九州市八幡西区黒崎一丁目１２－１０　富士屋ビル２F,北九州市八幡西区黒崎１丁目１２－１０,富士屋ビル２F,,澤江明美,,,,,2022-60215,飲食店営業,スナック,2022/7/21,2022/7/21,2022/8/1,2028/7/31,,北九州市保健所,ラウンジ明美,093,,,,,北九州市八幡西区黒崎１丁目１２－１０,福岡県北九州市八幡西区黒崎１丁目１２－１０,富士屋ビル２F,199429,福岡県,北九州市八幡西区,黒崎１,2022/07/21,,2022/07/21,2022/08/01,2028/07/31,,,,,,,,,,,2022-60215,,飲食店営業, スナック,,,390_福岡県_北九州市保健所_食品衛生(許可)_2022年07月_末日_新規,宿泊業，飲食サービス業,飲食店,,,,,,,,,ラウンジ明美,ラウンジ明美,,,1,,,,,
アズーリ,北九州市八幡西区黒崎3丁目15番3号,北九州市八幡西区黒崎３丁目１５番３号,,,小田秀実,,,,,2022-60237,飲食店営業,自動車営業,2022/7/26,2022/7/26,2022/8/1,2027/7/31,,北九州市保健所,アズーリ,093,,,,,北九州市八幡西区黒崎３丁目１５番３号,福岡県北九州市八幡西区黒崎３丁目１５番３号,,199431,福岡県,北九州市八幡西区,黒崎３,2022/07/26,,2022/07/26,2022/08/01,2027/07/31,,,,,,,,,,,2022-60237,,飲食店営業, 自動車営業,,,390_福岡県_北九州市保健所_食品衛生(許可)_2022年07月_末日_新規,宿泊業，飲食サービス業,飲食店,,,,,,,,,アズーリ,アズリ,,,1,,,,,
北九とり善株式会社,北九州市八幡西区養福寺町２－１０,北九州市八幡西区養福寺町２－１０,,622-2535,北九とり善株式会社,南博哉,福岡県北九州市八幡西区養福寺町２－１０,福岡県北九州市八幡西区養福寺町２－１０,,2022-60230,食肉処理業,食肉処理業,2022/7/25,2022/7/25,2022/8/1,2028/7/31,,北九州市保健所,北九とり善株式会社,093,093-622-2535,,,,北九州市八幡西区養福寺町２－１０,福岡県北九州市八幡西区養福寺町２－１０,,199582,福岡県,北九州市八幡西区,養福寺町,2022/07/25,,2022/07/25,2022/08/01,2028/07/31,北九とり善株式会社,南博哉,,福岡県北九州市八幡西区養福寺町２－１０　,福岡県北九州市八幡西区養福寺町２－１０,,199582,福岡県,北九州市八幡西区,養福寺町,2022-60230,,食肉販売業, 食肉処理業,,,390_福岡県_北九州市保健所_食品衛生(許可)_2022年07月_末日_新規,卸売業，小売業,飲食料品小売業,食肉小売業,,,,,,,,北九とり善株式会社,北九とり善株式会社,北九とり善株式会社,,1,,,,,
有料老人ホーム一歩,北九州市八幡西区陣原一丁目１－８,北九州市八幡西区陣原１丁目１－８,,093-616-2127,SFC株式会社,馬場淑子,福岡県北九州市八幡西区三ケ森一丁目３－１４,福岡県北九州市八幡西区三ケ森１丁目３－１４,,2022-60233,飲食店営業,給食,2022/7/22,2022/7/22,2022/7/22,2028/7/31,,北九州市保健所,有料老人ホーム一歩,093,093-616-2127,,,,北九州市八幡西区陣原１丁目１－８,福岡県北九州市八幡西区陣原１丁目１－８,,199464,福岡県,北九州市八幡西区,陣原１,2022/07/22,,2022/07/22,2022/07/22,2028/07/31,SFC株式会社,馬場淑子,,福岡県北九州市八幡西区三ケ森１丁目３－１４　,福岡県北九州市八幡西区三が森１丁目３－１４,,199608,福岡県,北九州市八幡西区,三が森１,2022-60233,,飲食店営業, 給食,,,390_福岡県_北九州市保健所_食品衛生(許可)_2022年07月_末日_新規,宿泊業，飲食サービス業,飲食店,,,,,,,,,有料老人ホーム一歩,有料老人ホム一歩,ＳＦＣ株式会社,,1,,,,,
ｍａｍａ　ｋｉｔｃｈｅｎ,北九州市八幡西区里中三丁目４－５,北九州市八幡西区里中３丁目４－５,,,田中美菜子,,,,,2022-60189,飲食店営業,自動車営業,2022/7/1,2022/7/1,2022/7/1,2027/6/30,,北九州市保健所,ｍａｍａ　ｋｉｔｃｈｅｎ,093,,,,,北九州市八幡西区里中３丁目４－５,福岡県北九州市八幡西区里中３丁目４－５,,199726,福岡県,北九州市八幡西区,里中３,2022/07/01,,2022/07/01,2022/07/01,2027/06/30,,,,,,,,,,,2022-60189,,飲食店営業, 自動車営業,,,390_福岡県_北九州市保健所_食品衛生(許可)_2022年07月_末日_新規,宿泊業，飲食サービス業,飲食店,,,,,,,,,ｍａｍａ　ｋｉｔｃｈｅｎ,ｍａｍａｋｉｔｃｈｅｎ,,,1,,,,,
御料理まつ山,北九州市八幡西区藤田二丁目１－１０,北九州市八幡西区藤田２丁目１－１０,,093-642-2278,株式会社クリエイティブ,松山相三,福岡県北九州市八幡西区藤田２丁目１－１０,福岡県北九州市八幡西区藤田２丁目１－１０,,2022-60216,飲食店営業,料理屋,2022/7/22,2022/7/22,2022/8/1,2028/7/31,,北九州市保健所,御料理まつ山,093,093-642-2278,,,,北九州市八幡西区藤田２丁目１－１０,福岡県北九州市八幡西区藤田２丁目１－１０,,199552,福岡県,北九州市八幡西区,藤田２,2022/07/22,,2022/07/22,2022/08/01,2028/07/31,株式会社クリエイティブ,松山相三,,福岡県北九州市八幡西区藤田２丁目１－１０　,福岡県北九州市八幡西区藤田２丁目１－１０,,199552,福岡県,北九州市八幡西区,藤田２,2022-60216,,飲食店営業, 料理屋,,,390_福岡県_北九州市保健所_食品衛生(許可)_2022年07月_末日_新規,宿泊業，飲食サービス業,飲食店,,,,,,,,,御料理まつ山,御料理まつ山,株式会社クリエイティブ,,1,,,,,
麻雀道場一歩,北九州市八幡西区藤田一丁目１－６ kanao 第11BLD 2階,北九州市八幡西区藤田１丁目１－６,kanao 第１１BLD ２階,,若本敏郎,,,,,2022-60219,飲食店営業,麻雀店,2022/7/13,2022/7/13,2022/7/13,2028/7/31,,北九州市保健所,麻雀道場一歩,093,,,,,北九州市八幡西区藤田１丁目１－６,福岡県北九州市八幡西区藤田１丁目１－６,kanao 第１１BLD ２階,199551,福岡県,北九州市八幡西区,藤田１,2022/07/13,,2022/07/13,2022/07/13,2028/07/31,,,,,,,,,,,2022-60219,,飲食店営業, 麻雀店,,,390_福岡県_北九州市保健所_食品衛生(許可)_2022年07月_末日_新規,宿泊業，飲食サービス業,飲食店,,,,,,,,,麻雀道場一歩,麻雀道場一歩,,,1,,,,,
焼とり　よしの,北九州市八幡西区相生町２－１６,北九州市八幡西区相生町２－１６,,,大石義信,,,,,2022-60201,飲食店営業,焼鳥店（テイクアウト）,2022/7/6,2022/7/6,2022/7/6,2028/7/31,,北九州市保健所,焼とり　よしの,093,,,,,北九州市八幡西区相生町２－１６,福岡県北九州市八幡西区相生町２－１６,,199366,福岡県,北九州市八幡西区,相生町,2022/07/06,,2022/07/06,2022/07/06,2028/07/31,,,,,,,,,,,2022-60201,,飲食店営業, 焼鳥店（テイクアウト）,,,390_福岡県_北九州市保健所_食品衛生(許可)_2022年07月_末日_新規,宿泊業，飲食サービス業,飲食店,,,,,,,,,焼とり　よしの,焼とりよしの,,,1,,,,,
焼きたて食パン専門店　一本堂八幡西相生店,北九州市八幡西区相生町１３－２８,北九州市八幡西区相生町１３－２８,,,樋口隆士,,,,,2022-60239,菓子製造業,食ぱん専門店,2022/7/21,2022/7/21,2022/8/1,2028/7/31,,北九州市保健所,焼きたて食パン専門店　一本堂八幡西相生店,093,,,,,北九州市八幡西区相生町１３－２８,福岡県北九州市八幡西区相生町１３－２８,,199366,福岡県,北九州市八幡西区,相生町,2022/07/21,,2022/07/21,2022/08/01,2028/07/31,,,,,,,,,,,2022-60239,,菓子製造業, 食ぱん専門店,,,390_福岡県_北九州市保健所_食品衛生(許可)_2022年07月_末日_新規,製造業,食料品製造業,,,,,,,,,焼きたて食パン専門店　一本堂八幡西相生店,焼きたて食パン専門店一本堂八幡西相生店,,,1,,,,,
木村鮮魚店,北九州市八幡西区相生町１－７,北九州市八幡西区相生町１－７,,093-631-0485,木村宏,,,,,2022-60249,魚介類販売業,,2022/7/29,2022/7/29,2022/8/1,2028/7/31,,北九州市保健所,木村鮮魚店,093,093-631-0485,,,,北九州市八幡西区相生町１－７,福岡県北九州市八幡西区相生町１－７,,199366,福岡県,北九州市八幡西区,相生町,2022/07/29,,2022/07/29,2022/08/01,2028/07/31,,,,,,,,,,,2022-60249,,魚介類販売業,,,,390_福岡県_北九州市保健所_食品衛生(許可)_2022年07月_末日_新規,卸売業，小売業,飲食料品小売業,,,,,,,,,木村鮮魚店,木村鮮魚店,,,1,,,,,
友岡　順子,北九州市八幡西区町上津役西三丁目３－１１,北九州市八幡西区町上津役西３丁目３－１１,,,友岡順子,,,,,2022-60232,飲食店営業,一般食堂,2022/7/21,2022/7/21,2022/8/1,2028/7/31,,北九州市保健所,友岡　順子,093,,,,,北九州市八幡西区町上津役西３丁目３－１１,福岡県北九州市八幡西区町上津役西３丁目３－１１,,199659,福岡県,北九州市八幡西区,町上津役西３,2022/07/21,,2022/07/21,2022/08/01,2028/07/31,,,,,,,,,,,2022-60232,,飲食店営業, 一般食堂,,,390_福岡県_北九州市保健所_食品衛生(許可)_2022年07月_末日_新規,宿泊業，飲食サービス業,飲食店,,,,,,,,,友岡　順子,友岡順子,,,1,,,,,
発酵の森　Ｍｉ　ｃａｓｉｔａ,北九州市八幡西区浅川台二丁目１２－７,北九州市八幡西区浅川台２丁目１２－７,,,福永美由紀,,,,,2022-60212,そうざい製造業,そうざい屋,2022/7/25,2022/7/25,2022/7/25,2028/7/31,,北九州市保健所,発酵の森　Ｍｉ　ｃａｓｉｔａ,093,,,,,北九州市八幡西区浅川台２丁目１２－７,福岡県北九州市八幡西区浅川台２丁目１２－７,,199596,福岡県,北九州市八幡西区,浅川台２,2022/07/25,,2022/07/25,2022/07/25,2028/07/31,,,,,,,,,,,2022-60212,,そうざい製造業, そうざい屋,,,390_福岡県_北九州市保健所_食品衛生(許可)_2022年07月_末日_新規,製造業,食料品製造業,,,,,,,,,発酵の森　Ｍｉ　ｃａｓｉｔａ,発酵の森Ｍｉｃａｓｉｔａ,,,1,,,,,
スナックみなも,北九州市八幡西区永犬丸五丁目２－１５,北九州市八幡西区永犬丸５丁目２－１５,,693-8273,船津夏実,,,,,2022-60228,飲食店営業,スナック,2022/7/19,2022/7/19,2022/9/1,2028/8/31,,北九州市保健所,スナックみなも,093,093-693-8273,,,,北九州市八幡西区永犬丸５丁目２－１５,福岡県北九州市八幡西区永犬丸５丁目２－１５,,199391,福岡県,北九州市八幡西区,永犬丸５,2022/07/19,,2022/07/19,2022/09/01,2028/08/31,,,,,,,,,,,2022-60228,,飲食店営業, スナック,,,390_福岡県_北九州市保健所_食品衛生(許可)_2022年07月_末日_新規,宿泊業，飲食サービス業,飲食店,,,,,,,,,スナックみなも,スナックみなも,,,1,,,,,
炭火焼鳥せんど,北九州市八幡西区永犬丸三丁目１６－１３,北九州市八幡西区永犬丸３丁目１６－１３,,093-616-7791,原田素易,,,,,2022-60194,そうざい製造業,,2022/7/5,2022/7/5,2022/7/5,2028/7/31,,北九州市保健所,炭火焼鳥せんど,093,093-616-7791,,,,北九州市八幡西区永犬丸３丁目１６－１３,福岡県北九州市八幡西区永犬丸３丁目１６－１３,,199389,福岡県,北九州市八幡西区,永犬丸３,2022/07/05,,2022/07/05,2022/07/05,2028/07/31,,,,,,,,,,,2022-60194,,そうざい製造業,,,,390_福岡県_北九州市保健所_食品衛生(許可)_2022年07月_末日_新規,製造業,食料品製造業,,,,,,,,,炭火焼鳥せんど,炭火焼鳥せんど,,,1,,,,,
ほっともっと馬場山店,北九州市八幡西区楠橋南三丁目２２－１１,北九州市八幡西区楠橋南３丁目２２－１１,,,株式会社侑,鎌田春美,福岡県北九州市八幡西区町上津役西三丁目１５－３９,福岡県北九州市八幡西区町上津役西３丁目１５－３９,,2022-60227,飲食店営業,弁当屋,2022/7/19,2022/7/19,2022/8/1,2028/7/31,,北九州市保健所,ほっともっと馬場山店,093,,,,,北九州市八幡西区楠橋南３丁目２２－１１,福岡県北九州市八幡西区楠橋南３丁目２２－１１,,199714,福岡県,北九州市八幡西区,楠橋南３,2022/07/19,,2022/07/19,2022/08/01,2028/07/31,株式会社侑,鎌田春美,,福岡県北九州市八幡西区町上津役西３丁目１５－３９　,福岡県北九州市八幡西区町上津役西３丁目１５－３９,,199659,福岡県,北九州市八幡西区,町上津役西３,2022-60227,,飲食店営業, 弁当屋,,,390_福岡県_北九州市保健所_食品衛生(許可)_2022年07月_末日_新規,宿泊業，飲食サービス業,飲食店,,,,,,,,,ほっともっと馬場山店,ほっともっと馬場山店,株式会社侑,ほっともっと,1,宿泊業，飲食サービス業,持ち帰り・配達飲食サービス業,持ち帰り飲食サービス業,持ち帰り飲食サービス業,
株式会社中村総業,北九州市八幡西区楠橋下方三丁目３－１,北九州市八幡西区楠橋下方３丁目３－１,,093-618-0874,株式会社中村総業,中村知洋,福岡県北九州市八幡西区楠橋下方三丁目3番１号,福岡県北九州市八幡西区楠橋下方３丁目３番１号,,2022-60208,冷凍食品製造業,,2022/7/14,2022/7/14,2022/8/1,2028/7/31,,北九州市保健所,株式会社中村総業,093,093-618-0874,,,,北九州市八幡西区楠橋下方３丁目３－１,福岡県北九州市八幡西区楠橋下方３丁目３－１,,199706,福岡県,北九州市八幡西区,楠橋下方３,2022/07/14,,2022/07/14,2022/08/01,2028/07/31,株式会社中村総業,中村知洋,,福岡県北九州市八幡西区楠橋下方３丁目３番１号　,福岡県北九州市八幡西区楠橋下方３丁目３番１号,,199706,福岡県,北九州市八幡西区,楠橋下方３,2022-60208,,冷凍食品製造業,,,,390_福岡県_北九州市保健所_食品衛生(許可)_2022年07月_末日_新規,製造業,食料品製造業,,,,,,,,,株式会社中村総業,株式会社中村総業,株式会社中村総業,,3,,,,,
株式会社中村総業,北九州市八幡西区楠橋下方三丁目３－１,北九州市八幡西区楠橋下方３丁目３－１,,093-618-0874,株式会社中村総業,中村知洋,福岡県北九州市八幡西区楠橋下方三丁目3番１号,福岡県北九州市八幡西区楠橋下方３丁目３番１号,,2022-60209,そうざい製造業,,2022/7/14,2022/7/14,2022/8/1,2028/7/31,,北九州市保健所,株式会社中村総業,093,093-618-0874,,,,北九州市八幡西区楠橋下方３丁目３－１,福岡県北九州市八幡西区楠橋下方３丁目３－１,,199706,福岡県,北九州市八幡西区,楠橋下方３,2022/07/14,,2022/07/14,2022/08/01,2028/07/31,株式会社中村総業,中村知洋,,福岡県北九州市八幡西区楠橋下方３丁目３番１号　,福岡県北九州市八幡西区楠橋下方３丁目３番１号,,199706,福岡県,北九州市八幡西区,楠橋下方３,2022-60209,,そうざい製造業,,,,390_福岡県_北九州市保健所_食品衛生(許可)_2022年07月_末日_新規,製造業,食料品製造業,,,,,,,,,株式会社中村総業,株式会社中村総業,株式会社中村総業,,3,,,,,
株式会社中村総業,北九州市八幡西区楠橋下方三丁目３－１,北九州市八幡西区楠橋下方３丁目３－１,,,株式会社中村総業,中村知洋,福岡県北九州市八幡西区楠橋下方三丁目3番１号,福岡県北九州市八幡西区楠橋下方３丁目３番１号,,2022-60203,食肉処理業,,2022/7/14,2022/7/14,2022/8/1,2028/7/31,,北九州市保健所,株式会社中村総業,093,,,,,北九州市八幡西区楠橋下方３丁目３－１,福岡県北九州市八幡西区楠橋下方３丁目３－１,,199706,福岡県,北九州市八幡西区,楠橋下方３,2022/07/14,,2022/07/14,2022/08/01,2028/07/31,株式会社中村総業,中村知洋,,福岡県北九州市八幡西区楠橋下方３丁目３番１号　,福岡県北九州市八幡西区楠橋下方３丁目３番１号,,199706,福岡県,北九州市八幡西区,楠橋下方３,2022-60203,,食肉販売業,,,,390_福岡県_北九州市保健所_食品衛生(許可)_2022年07月_末日_新規,卸売業，小売業,飲食料品小売業,食肉小売業,,,,,,,,株式会社中村総業,株式会社中村総業,株式会社中村総業,,3,,,,,
かんすと,北九州市八幡西区楠木一丁目２－２０,北九州市八幡西区楠木１丁目２－２０,,,壺井純,,,,,2022-60154,飲食店営業,居酒屋,2022/7/26,2022/7/26,2022/7/26,2028/7/31,,北九州市保健所,かんすと,093,,,,,北九州市八幡西区楠木１丁目２－２０,福岡県北九州市八幡西区楠木１丁目２－２０,,199420,福岡県,北九州市八幡西区,楠木１,2022/07/26,,2022/07/26,2022/07/26,2028/07/31,,,,,,,,,,,2022-60154,,飲食店営業, 居酒屋,,,390_福岡県_北九州市保健所_食品衛生(許可)_2022年07月_末日_新規,宿泊業，飲食サービス業,飲食店,,,,,,,,,かんすと,かんすと,,,1,,,,,
エームＳＪ３７６９（ふじの木園）,北九州市八幡西区椋枝二丁目１１－２０,北九州市八幡西区椋枝２丁目１１－２０,,,エームサービスジャパン株式会社,小谷周,東京都港区赤坂二丁目２３－１,東京都港区赤坂２丁目２３－１,,2022-60242,飲食店営業,集団給食,2022/7/22,2022/7/22,2022/8/1,2029/7/31,,北九州市保健所,エームＳＪ３７６９（ふじの木園）,093,,,,,北九州市八幡西区椋枝２丁目１１－２０,福岡県北九州市八幡西区椋枝２丁目１１－２０,,199723,福岡県,北九州市八幡西区,椋枝２,2022/07/22,,2022/07/22,2022/08/01,2029/07/31,エームサービスジャパン株式会社,小谷周,,東京都港区赤坂２丁目２３－１　,東京都港区赤坂２丁目２３－１,,73047,東京都,港区,赤坂２,2022-60242,,飲食店営業, 集団給食,,,390_福岡県_北九州市保健所_食品衛生(許可)_2022年07月_末日_新規,宿泊業，飲食サービス業,飲食店,,,,,,,,,エームＳＪ３７６９（ふじの木園）,エムＳＪ３７６９ふじの木園,エームサービスジャパン株式会社,,1,,,,,
びっくりドンキー黒崎店,北九州市八幡西区桜ケ丘町2-9,北九州市八幡西区桜ケ丘町２－９,,0936442877,株式会社ぶんコーポレーション,中野文治,福岡県福岡市博多区博多駅東2-5-37,福岡県福岡市博多区博多駅東２－５－３７,,2022-60241,飲食店営業,ファミリーレストラン,2022/7/26,2022/7/26,2022/8/1,2028/7/31,,北九州市保健所,びっくりドンキー黒崎店,093,093-644-2877,,,,北九州市八幡西区桜ケ丘町２－９,福岡県北九州市八幡西区桜が丘町２－９,,199461,福岡県,北九州市八幡西区,桜が丘町,2022/07/26,,2022/07/26,2022/08/01,2028/07/31,株式会社ぶんコーポレーション,中野文治,,福岡県福岡市博多区博多駅東２－５－３７　,福岡県福岡市博多区博多駅東２－５－３７,,200144,福岡県,福岡市博多区,博多駅東２,2022-60241,,飲食店営業, ファミリーレストラン,,,390_福岡県_北九州市保健所_食品衛生(許可)_2022年07月_末日_新規,宿泊業，飲食サービス業,飲食店,,,,,,,,,びっくりドンキー黒崎店,びっくりドンキ黒崎店,株式会社ぶんコーポレーション,びっくりドンキー,1,宿泊業，飲食サービス業,飲食店,食堂，レストラン（専門料理店を除く）,食堂，レストラン（専門料理店を除く）,
くいしんぼ,北九州市八幡西区本城東四丁目１－１３,北九州市八幡西区本城東４丁目１－１３,,093-691-0724,畑由美子,,,,,2022-60196,飲食店営業,定食屋,2022/7/12,2022/7/12,2022/7/12,2028/7/31,,北九州市保健所,くいしんぼ,093,093-691-0724,,,,北九州市八幡西区本城東４丁目１－１３,福岡県北九州市八幡西区本城東４丁目１－１３,,199624,福岡県,北九州市八幡西区,本城東４,2022/07/12,,2022/07/12,2022/07/12,2028/07/31,,,,,,,,,,,2022-60196,,飲食店営業, 定食屋,,,390_福岡県_北九州市保健所_食品衛生(許可)_2022年07月_末日_新規,宿泊業，飲食サービス業,飲食店,,,,,,,,,くいしんぼ,くいしんぼ,,,1,,,,,
東龍軒　本城店,北九州市八幡西区本城一丁目２４－２５,北九州市八幡西区本城１丁目２４－２５,,093-692-8788,有限会社たかお,髙尾東,福岡県北九州市小倉北区日明３丁目３－１３,福岡県北九州市小倉北区日明３丁目３－１３,,2022-10056,飲食店営業,ラーメン店,2022/7/29,2022/7/29,2022/8/1,2028/7/31,,北九州市保健所,東龍軒　本城店,093,093-692-8788,,,,北九州市八幡西区本城１丁目２４－２５,福岡県北九州市八幡西区本城１丁目２４－２５,,199560,福岡県,北九州市八幡西区,本城１,2022/07/29,,2022/07/29,2022/08/01,2028/07/31,有限会社たかお,髙尾東,,福岡県北九州市小倉北区日明３丁目３－１３　,福岡県北九州市小倉北区日明３丁目３－１３,,198839,福岡県,北九州市小倉北区,日明３,2022-10056,,飲食店営業, ラーメン店,,,390_福岡県_北九州市保健所_食品衛生(許可)_2022年07月_末日_新規,宿泊業，飲食サービス業,飲食店,,,,,,,,,東龍軒　本城店,東龍軒本城店,有限会社たかお,,1,,,,,
ｍｅ－ｍｅ　ＢＡＫＥ,北九州市八幡西区本城一丁目１－１３　２F,北九州市八幡西区本城１丁目１－１３,２F,093-863-8312,西留せいら,,,,,2022-60176,飲食店営業,カフェ,2022/7/7,2022/7/7,2022/7/7,2028/7/31,,北九州市保健所,ｍｅ－ｍｅ　ＢＡＫＥ,093,093-863-8312,,,,北九州市八幡西区本城１丁目１－１３,福岡県北九州市八幡西区本城１丁目１－１３,２F,199560,福岡県,北九州市八幡西区,本城１,2022/07/07,,2022/07/07,2022/07/07,2028/07/31,,,,,,,,,,,2022-60176,,飲食店営業, カフェ,,,390_福岡県_北九州市保健所_食品衛生(許可)_2022年07月_末日_新規,宿泊業，飲食サービス業,飲食店,,,,,,,,,ｍｅ－ｍｅ　ＢＡＫＥ,ｍｅｍｅＢＡＫＥ,,,1,,,,,
ハニーミエル,北九州市八幡西区木屋瀬四丁目５－６,北九州市八幡西区木屋瀬４丁目５－６,,093-617-4812,株式会社ハニーミエルグループ,古川哲也,福岡県北九州市八幡西区木屋瀬四丁目5番６号,福岡県北九州市八幡西区木屋瀬４丁目５番６号,,2022-60224,菓子製造業,,2022/7/22,2022/7/22,2022/7/22,2028/7/31,,北九州市保健所,ハニーミエル,093,093-617-4812,,,,北九州市八幡西区木屋瀬４丁目５－６,福岡県北九州市八幡西区木屋瀬４丁目５－６,,199450,福岡県,北九州市八幡西区,木屋瀬４,2022/07/22,,2022/07/22,2022/07/22,2028/07/31,株式会社ハニーミエルグループ,古川哲也,,福岡県北九州市八幡西区木屋瀬４丁目５番６号　,福岡県北九州市八幡西区木屋瀬４丁目５番６号,,199450,福岡県,北九州市八幡西区,木屋瀬４,2022-60224,,菓子製造業,,,,390_福岡県_北九州市保健所_食品衛生(許可)_2022年07月_末日_新規,製造業,食料品製造業,,,,,,,,,ハニーミエル,ハニミエル,株式会社ハニーミエルグループ,,1,,,,,
住宅型有料老人ホームベルの郷,北九州市八幡西区星ケ丘五丁目５－１,北九州市八幡西区星ケ丘５丁目５－１,,,SFC株式会社,馬場淑子,福岡県北九州市八幡西区三ケ森一丁目３－１４,福岡県北九州市八幡西区三ケ森１丁目３－１４,,2022-60234,飲食店営業,集団給食（老人ホーム）,2022/7/21,2022/7/21,2022/7/21,2028/7/31,,北九州市保健所,住宅型有料老人ホームベルの郷,093,,,,,北九州市八幡西区星ケ丘５丁目５－１,福岡県北九州市八幡西区星が丘５丁目５－１,,199744,福岡県,北九州市八幡西区,星が丘５,2022/07/21,,2022/07/21,2022/07/21,2028/07/31,SFC株式会社,馬場淑子,,福岡県北九州市八幡西区三ケ森１丁目３－１４　,福岡県北九州市八幡西区三が森１丁目３－１４,,199608,福岡県,北九州市八幡西区,三が森１,2022-60234,,飲食店営業, 集団給食（老人ホーム）,,,390_福岡県_北九州市保健所_食品衛生(許可)_2022年07月_末日_新規,宿泊業，飲食サービス業,飲食店,,,,,,,,,住宅型有料老人ホームベルの郷,住宅型有料老人ホムベルの郷,ＳＦＣ株式会社,,1,,,,,
ニュー　ハートピア,北九州市八幡西区岡田町１０－１０,北九州市八幡西区岡田町１０－１０,,,社会福祉法人福祉松快園,松岡功峻,福岡県遠賀郡水巻町吉田南二丁目９－１,福岡県遠賀郡水巻町吉田南２丁目９－１,,2022-60179,飲食店営業,,2022/7/12,2022/7/12,2022/8/1,2029/7/31,,北九州市保健所,ニュー　ハートピア,093,,,,,北九州市八幡西区岡田町１０－１０,福岡県北九州市八幡西区岡田町１０－１０,,199399,福岡県,北九州市八幡西区,岡田町,2022/07/12,,2022/07/12,2022/08/01,2029/07/31,社会福祉法人福祉松快園,松岡功峻,,福岡県遠賀郡水巻町吉田南２丁目９－１　,福岡県遠賀郡水巻町吉田南２丁目９－１,,204309,福岡県,遠賀郡水巻町,吉田南２,2022-60179,,飲食店営業,,,,390_福岡県_北九州市保健所_食品衛生(許可)_2022年07月_末日_新規,宿泊業，飲食サービス業,飲食店,,,,,,,,,ニュー　ハートピア,ニュハトピア,社会福祉法人福祉松快園,,1,,,,,
焼肉の牛若丸,北九州市八幡西区大浦三丁目７－２２,北九州市八幡西区大浦３丁目７－２２,,,松村祐一,,,,,2022-60243,飲食店営業,一般食堂,2022/7/26,2022/7/26,2022/9/1,2028/8/31,,北九州市保健所,焼肉の牛若丸,093,,,,,北九州市八幡西区大浦３丁目７－２２,福岡県北九州市八幡西区大浦３丁目７－２２,,199398,福岡県,北九州市八幡西区,大浦３,2022/07/26,,2022/07/26,2022/09/01,2028/08/31,,,,,,,,,,,2022-60243,,飲食店営業, 一般食堂,,,390_福岡県_北九州市保健所_食品衛生(許可)_2022年07月_末日_新規,宿泊業，飲食サービス業,飲食店,,,,,,,,,焼肉の牛若丸,焼肉の牛若丸,,,1,,,,,
玄海酒膳庵幸,北九州市八幡西区大浦三丁目４－３,北九州市八幡西区大浦３丁目４－３,,,岸本貴幸,,,,,2022-60223,飲食店営業,居酒屋,2022/7/20,2022/7/20,2022/9/1,2028/8/31,,北九州市保健所,玄海酒膳庵幸,093,,,,,北九州市八幡西区大浦３丁目４－３,福岡県北九州市八幡西区大浦３丁目４－３,,199398,福岡県,北九州市八幡西区,大浦３,2022/07/20,,2022/07/20,2022/09/01,2028/08/31,,,,,,,,,,,2022-60223,,飲食店営業, 居酒屋,,,390_福岡県_北九州市保健所_食品衛生(許可)_2022年07月_末日_新規,宿泊業，飲食サービス業,飲食店,,,,,,,,,玄海酒膳庵幸,玄海酒膳庵幸,,,1,,,,,
寿限無,北九州市八幡西区大浦三丁目１２－１,北九州市八幡西区大浦３丁目１２－１,,,鈴木崇修,,,,,2022-60019,飲食店営業,ラーメン屋,2022/7/14,2022/7/14,2022/7/14,2028/7/31,,北九州市保健所,寿限無,093,,,,,北九州市八幡西区大浦３丁目１２－１,福岡県北九州市八幡西区大浦３丁目１２－１,,199398,福岡県,北九州市八幡西区,大浦３,2022/07/14,,2022/07/14,2022/07/14,2028/07/31,,,,,,,,,,,2022-60019,,飲食店営業, ラーメン屋,,,390_福岡県_北九州市保健所_食品衛生(許可)_2022年07月_末日_新規,宿泊業，飲食サービス業,飲食店,,,,,,,,,寿限無,寿限無,,,1,,,,,
KONOHA,北九州市八幡西区上上津役一丁目２４－３６,北九州市八幡西区上上津役１丁目２４－３６,,093-231-9094,下川千尋,,,,,2022-60246,飲食店営業,カフェ,2022/7/29,2022/7/29,2022/7/29,2028/7/31,,北九州市保健所,KONOHA,093,093-231-9094,,,,北九州市八幡西区上上津役１丁目２４－３６,福岡県北九州市八幡西区上上津役１丁目２４－３６,,199408,福岡県,北九州市八幡西区,上上津役１,2022/07/29,,2022/07/29,2022/07/29,2028/07/31,,,,,,,,,,,2022-60246,,飲食店営業, カフェ,,,390_福岡県_北九州市保健所_食品衛生(許可)_2022年07月_末日_新規,宿泊業，飲食サービス業,飲食店,,,,,,,,,ＫＯＮＯＨＡ,ＫＯＮＯＨＡ,,,1,,,,,
HAPPYおにぎり,北九州市八幡西区三ケ森四丁目１１－１ピポット加来ビル１０２,北九州市八幡西区三ケ森４丁目１１－１,ピポット加来ビル１０２,,有限会社夢倶楽部,宮崎八郎,福岡県北九州市八幡西区上上津役一丁目２１－２５,福岡県北九州市八幡西区上上津役１丁目２１－２５,,2022-60187,飲食店営業,おにぎり販売店,2022/7/8,2022/7/8,2022/7/8,2028/7/31,,北九州市保健所,HAPPYおにぎり,093,,,,,北九州市八幡西区三ケ森４丁目１１－１,福岡県北九州市八幡西区三が森４丁目１１－１,ピポット加来ビル１０２,199611,福岡県,北九州市八幡西区,三が森４,2022/07/08,,2022/07/08,2022/07/08,2028/07/31,有限会社夢倶楽部,宮崎八郎,,福岡県北九州市八幡西区上上津役１丁目２１－２５　,福岡県北九州市八幡西区上上津役１丁目２１－２５,,199408,福岡県,北九州市八幡西区,上上津役１,2022-60187,,飲食店営業, おにぎり販売店,,,390_福岡県_北九州市保健所_食品衛生(許可)_2022年07月_末日_新規,宿泊業，飲食サービス業,飲食店,,,,,,,,,ＨＡＰＰＹおにぎり,ＨＡＰＰＹおにぎり,有限会社夢倶楽部,,1,,,,,
茶匠庵,北九州市八幡西区三ケ森三丁目９－１　サンリブ三ヶ森店内,北九州市八幡西区三ケ森３丁目９－１,サンリブ三ヶ森店内,,株式会社もりかわ園,入部慎平,福岡県北九州市小倉北区金鶏町９－１８,福岡県北九州市小倉北区金鶏町９－１８,,2022-60220,飲食店営業,喫茶,2022/7/21,2022/7/21,2022/8/1,2028/7/31,,北九州市保健所,茶匠庵,093,,,,,北九州市八幡西区三ケ森３丁目９－１,福岡県北九州市八幡西区三が森３丁目９－１,サンリブ三ヶ森店内,199610,福岡県,北九州市八幡西区,三が森３,2022/07/21,,2022/07/21,2022/08/01,2028/07/31,株式会社もりかわ園,入部慎平,,福岡県北九州市小倉北区金鶏町９－１８　,福岡県北九州市小倉北区金鶏町９－１８,,198736,福岡県,北九州市小倉北区,金鶏町,2022-60220,,飲食店営業, 喫茶,,,390_福岡県_北九州市保健所_食品衛生(許可)_2022年07月_末日_新規,宿泊業，飲食サービス業,飲食店,,,,,,,,,茶匠庵,茶匠庵,株式会社もりかわ園,,1,,,,,
わらしべ,北九州市八幡西区三ケ森三丁目５－２,北九州市八幡西区三ケ森３丁目５－２,,,井川明美,,,,,2022-60213,飲食店営業,居酒屋,2022/7/13,2022/7/13,2022/9/1,2028/8/31,,北九州市保健所,わらしべ,093,,,,,北九州市八幡西区三ケ森３丁目５－２,福岡県北九州市八幡西区三が森３丁目５－２,,199610,福岡県,北九州市八幡西区,三が森３,2022/07/13,,2022/07/13,2022/09/01,2028/08/31,,,,,,,,,,,2022-60213,,飲食店営業, 居酒屋,,,390_福岡県_北九州市保健所_食品衛生(許可)_2022年07月_末日_新規,宿泊業，飲食サービス業,飲食店,,,,,,,,,わらしべ,わらしべ,,,1,,,,,
新月,北九州市八幡西区三ケ森三丁目４－３２－１F,北九州市八幡西区三ケ森３丁目４－３２,１F,,月原弘之,,,,,2022-60174,飲食店営業,カクウチBar,2022/7/13,2022/7/13,2022/7/13,2028/7/31,,北九州市保健所,新月,093,,,,,北九州市八幡西区三ケ森３丁目４－３２,福岡県北九州市八幡西区三が森３丁目４－３２,１F,199610,福岡県,北九州市八幡西区,三が森３,2022/07/13,,2022/07/13,2022/07/13,2028/07/31,,,,,,,,,,,2022-60174,,飲食店営業, カクウチBar,,,390_福岡県_北九州市保健所_食品衛生(許可)_2022年07月_末日_新規,宿泊業，飲食サービス業,飲食店,,,,,,,,,新月,新月,,,1,,,,,
ふわふわ食堂,北九州市八幡西区三ケ森三丁目２－８,北九州市八幡西区三ケ森３丁目２－８,,,池永里子,,,,,2022-60211,飲食店営業,カフェ,2022/7/13,2022/7/13,2022/8/1,2028/7/31,,北九州市保健所,ふわふわ食堂,093,,,,,北九州市八幡西区三ケ森３丁目２－８,福岡県北九州市八幡西区三が森３丁目２－８,,199610,福岡県,北九州市八幡西区,三が森３,2022/07/13,,2022/07/13,2022/08/01,2028/07/31,,,,,,,,,,,2022-60211,,飲食店営業, カフェ,,,390_福岡県_北九州市保健所_食品衛生(許可)_2022年07月_末日_新規,宿泊業，飲食サービス業,飲食店,,,,,,,,,ふわふわ食堂,ふわふわ食堂,,,1,,,,,
いざかな屋「７０１」,北九州市八幡西区三ケ森一丁目６－７,北九州市八幡西区三ケ森１丁目６－７,,,阿部隆,,,,,2022-60231,飲食店営業,居酒屋,2022/7/26,2022/7/26,2022/8/1,2028/7/31,,北九州市保健所,いざかな屋「７０１」,093,,,,,北九州市八幡西区三ケ森１丁目６－７,福岡県北九州市八幡西区三が森１丁目６－７,,199608,福岡県,北九州市八幡西区,三が森１,2022/07/26,,2022/07/26,2022/08/01,2028/07/31,,,,,,,,,,,2022-60231,,飲食店営業, 居酒屋,,,390_福岡県_北九州市保健所_食品衛生(許可)_2022年07月_末日_新規,宿泊業，飲食サービス業,飲食店,,,,,,,,,いざかな屋「７０１」,いざかな屋７０１,,,1,,,,,
Ａ－Ｃａｆｅ,北九州市八幡東区高見四丁目２－５,北九州市八幡東区高見４丁目２－５,,,黒木勇治,,,,,2022-20472,飲食店営業,テイクアウト店,2022/7/28,2022/7/28,2022/7/28,2028/7/31,,北九州市保健所,Ａ－Ｃａｆｅ,093,,,,,北九州市八幡東区高見４丁目２－５,福岡県北九州市八幡東区高見４丁目２－５,,199291,福岡県,北九州市八幡東区,高見４,2022/07/28,,2022/07/28,2022/07/28,2028/07/31,,,,,,,,,,,2022-20472,,飲食店営業, テイクアウト店,,,390_福岡県_北九州市保健所_食品衛生(許可)_2022年07月_末日_新規,宿泊業，飲食サービス業,飲食店,,,,,,,,,Ａ－Ｃａｆｅ,ＡＣａｆｅ,,,1,,,,,
天晴,北九州市八幡東区西本町一丁目７－５,北九州市八幡東区西本町１丁目７－５,,,木藤丈晴,,,,,2022-50027,飲食店営業,ラーメン屋,2022/7/12,2022/7/12,2022/8/1,2028/7/31,,北九州市保健所,天晴,093,,,,,北九州市八幡東区西本町１丁目７－５,福岡県北九州市八幡東区西本町１丁目７－５,,199308,福岡県,北九州市八幡東区,西本町１,2022/07/12,,2022/07/12,2022/08/01,2028/07/31,,,,,,,,,,,2022-50027,,飲食店営業, ラーメン屋,,,390_福岡県_北九州市保健所_食品衛生(許可)_2022年07月_末日_新規,宿泊業，飲食サービス業,飲食店,,,,,,,,,天晴,天晴,,,1,,,,,
6kozzy,北九州市八幡東区西本町一丁目１－１（本館BF1）,北九州市八幡東区西本町１丁目１－１,（本館BF１）,,株式会社千草,小嶋亮,福岡県北九州市八幡東区西本町１丁目１－１,福岡県北九州市八幡東区西本町１丁目１－１,,2022-60207,飲食店営業,ソフトクリーム屋,2022/7/11,2022/7/11,2022/7/11,2028/7/31,,北九州市保健所,6kozzy,093,,,,,北九州市八幡東区西本町１丁目１－１,福岡県北九州市八幡東区西本町１丁目１－１,（本館BF１）,199308,福岡県,北九州市八幡東区,西本町１,2022/07/11,,2022/07/11,2022/07/11,2028/07/31,株式会社千草,小嶋亮,,福岡県北九州市八幡東区西本町１丁目１－１　,福岡県北九州市八幡東区西本町１丁目１－１,,199308,福岡県,北九州市八幡東区,西本町１,2022-60207,,飲食店営業, ソフトクリーム屋,,,390_福岡県_北九州市保健所_食品衛生(許可)_2022年07月_末日_新規,宿泊業，飲食サービス業,飲食店,,,,,,,,,６ｋｏｚｚｙ,６ｋｏｚｚｙ,株式会社千草,,1,,,,,
中津からあげ　もり山,北九州市八幡東区西丸山町３－１８,北九州市八幡東区西丸山町３－１８,,,株式会社Wataka,大塚高史,福岡県北九州市八幡東区西丸山町３－１８,福岡県北九州市八幡東区西丸山町３－１８,,2022-60197,食肉販売業,,2022/7/8,2022/7/8,2022/7/8,2028/7/31,,北九州市保健所,中津からあげ　もり山,093,,,,,北九州市八幡東区西丸山町３－１８,福岡県北九州市八幡東区西丸山町３－１８,,199312,福岡県,北九州市八幡東区,西丸山町,2022/07/08,,2022/07/08,2022/07/08,2028/07/31,株式会社Wataka,大塚高史,,福岡県北九州市八幡東区西丸山町３－１８　,福岡県北九州市八幡東区西丸山町３－１８,,199312,福岡県,北九州市八幡東区,西丸山町,2022-60197,,食肉販売業,,,,390_福岡県_北九州市保健所_食品衛生(許可)_2022年07月_末日_新規,卸売業，小売業,飲食料品小売業,食肉小売業,,,,,,,,中津からあげ　もり山,中津からあげもり山,株式会社Ｗａｔａｋａ,,1,,,,,
ＵＮＩＴＥＤ ＨＡＲＢＯＲ,北九州市八幡東区東田五丁目２－１２,北九州市八幡東区東田５丁目２－１２,,093-883-8660,株式会社クォーターズ,中間竜太朗,福岡県福岡市中央区警固2-13-7警固ランドマークタワーⅠ　４F,福岡県福岡市中央区警固２－１３－７,警固ランドマークタワーⅠ４F,2022-60193,飲食店営業,結婚式等の催事場,2022/7/7,2022/7/7,2022/7/7,2028/7/31,,北九州市保健所,ＵＮＩＴＥＤ ＨＡＲＢＯＲ,093,093-883-8660,,,,北九州市八幡東区東田５丁目２－１２,福岡県北九州市八幡東区東田５丁目２－１２,,199364,福岡県,北九州市八幡東区,東田５,2022/07/07,,2022/07/07,2022/07/07,2028/07/31,株式会社クォーターズ,中間竜太朗,,福岡県福岡市中央区警固２－１３－７　警固ランドマークタワーⅠ４F,福岡県福岡市中央区警固２－１３－７警固ランドマ－クタワ－Ⅰ４F,,200274,福岡県,福岡市中央区,警固２,2022-60193,,飲食店営業, 結婚式等の催事場,,,390_福岡県_北九州市保健所_食品衛生(許可)_2022年07月_末日_新規,宿泊業，飲食サービス業,飲食店,,,,,,,,,ＵＮＩＴＥＤ　ＨＡＲＢＯＲ,ＵＮＩＴＥＤＨＡＲＢＯＲ,株式会社クォーターズ,,1,,,,,
ドトールコーヒーショップ　THE OUTLETS 北九州店,北九州市八幡東区東田4丁目１－１THE OUTLETS KITAKYUSHU　区画１３１１,北九州市八幡東区東田４丁目１－１,THE OUTLETS KITAKYUSHU 区画１３１１,093-616-0801,山陽ビル管理株式会社,岩本恭子,山口県宇部市居能町３丁目４番４５号,山口県宇部市居能町３丁目４番４５号,,2022-60200,飲食店営業,喫茶業,2022/7/20,2022/7/20,2022/7/20,2028/7/31,,北九州市保健所,ドトールコーヒーショップ　THE OUTLETS 北九州店,093,093-616-0801,,,,北九州市八幡東区東田４丁目１－１,福岡県北九州市八幡東区東田４丁目１－１,THE OUTLETS KITAKYUSHU 区画１３１１,199363,福岡県,北九州市八幡東区,東田４,2022/07/20,,2022/07/20,2022/07/20,2028/07/31,山陽ビル管理株式会社,岩本恭子,,山口県宇部市居能町３丁目４番４５号　,山口県宇部市居能町３丁目４番４５号,,187445,山口県,宇部市,居能町３,2022-60200,,飲食店営業, 喫茶業,,,390_福岡県_北九州市保健所_食品衛生(許可)_2022年07月_末日_新規,宿泊業，飲食サービス業,飲食店,,,,,,,,,ドトールコーヒーショップ　ＴＨＥ　ＯＵＴＬＥＴＳ　北九州店,ドトルコヒショップＴＨＥＯＵＴＬＥＴＳ北九州店,山陽ビル管理株式会社,ドトールコーヒーショップ,1,宿泊業，飲食サービス業,飲食店,喫茶店,喫茶店,
スピナカフェ 病院店,北九州市八幡東区春の町一丁目１－１,北九州市八幡東区春の町１丁目１－１,,093-672-3196,株式会社スピナ,野嵜武秀,福岡県北九州市八幡東区平野二丁目１１－１,福岡県北九州市八幡東区平野２丁目１１－１,,2022-50026,飲食店営業,喫茶店(病院内売店),2022/7/11,2022/7/11,2022/8/1,2028/7/31,,北九州市保健所,スピナカフェ 病院店,093,093-672-3196,,,,北九州市八幡東区春の町１丁目１－１,福岡県北九州市八幡東区春ノ町１丁目１－１,,199316,福岡県,北九州市八幡東区,春の町１,2022/07/11,,2022/07/11,2022/08/01,2028/07/31,株式会社スピナ,野嵜武秀,,福岡県北九州市八幡東区平野２丁目１１－１　,福岡県北九州市八幡東区平野２丁目１１－１,,199330,福岡県,北九州市八幡東区,平野２,2022-50026,,飲食店営業, 喫茶店(病院内売店),,,390_福岡県_北九州市保健所_食品衛生(許可)_2022年07月_末日_新規,宿泊業，飲食サービス業,飲食店,,,,,,,,,スピナカフェ　病院店,スピナカフェ病院店,株式会社スピナ,,1,,,,,
シティーホール八幡中央ベルコ会館,北九州市八幡東区前田三丁目１１,北九州市八幡東区前田３丁目１１,,,株式会社　ひら田,田中ひとみ,福岡県中間市太賀四丁目５－２８,福岡県中間市太賀４丁目５－２８,,2022-50034,そうざい製造業,斎場,2022/7/26,2022/7/26,2022/8/1,2029/7/31,,北九州市保健所,シティーホール八幡中央ベルコ会館,093,,,,,北九州市八幡東区前田３丁目１１,福岡県北九州市八幡東区前田３丁目１１,,199341,福岡県,北九州市八幡東区,前田３,2022/07/26,,2022/07/26,2022/08/01,2029/07/31,株式会社　ひら田,田中ひとみ,,福岡県中間市太賀４丁目５－２８　,福岡県中間市太賀４丁目５－２８,,202056,福岡県,中間市,太賀４,2022-50034,,そうざい製造業, 斎場,,,390_福岡県_北九州市保健所_食品衛生(許可)_2022年07月_末日_新規,製造業,食料品製造業,,,,,,,,,シティーホール八幡中央ベルコ会館,シティホル八幡中央ベルコ会館,株式会社ひら田,,1,,,,,
いけ田,北九州市八幡東区中央二丁目２－１３,北九州市八幡東区中央２丁目２－１３,,093-662-5123,池田明雄,,,,,2022-50032,飲食店営業,小料理店,2022/7/21,2022/7/21,2022/8/1,2028/7/31,,北九州市保健所,いけ田,093,093-662-5123,,,,北九州市八幡東区中央２丁目２－１３,福岡県北九州市八幡東区中央２丁目２－１３,,199297,福岡県,北九州市八幡東区,中央２,2022/07/21,,2022/07/21,2022/08/01,2028/07/31,,,,,,,,,,,2022-50032,,飲食店営業, 小料理店,,,390_福岡県_北九州市保健所_食品衛生(許可)_2022年07月_末日_新規,宿泊業，飲食サービス業,飲食店,,,,,,,,,いけ田,いけ田,,,1,,,,,
宝田鮮魚店,北九州市八幡東区中央二丁目１４－１９,北九州市八幡東区中央２丁目１４－１９,,,宝田和浩,,,,,2022-50029,魚介類販売業,,2022/7/21,2022/7/21,2022/8/1,2028/7/31,,北九州市保健所,宝田鮮魚店,093,,,,,北九州市八幡東区中央２丁目１４－１９,福岡県北九州市八幡東区中央２丁目１４－１９,,199297,福岡県,北九州市八幡東区,中央２,2022/07/21,,2022/07/21,2022/08/01,2028/07/31,,,,,,,,,,,2022-50029,,魚介類販売業,,,,390_福岡県_北九州市保健所_食品衛生(許可)_2022年07月_末日_新規,卸売業，小売業,飲食料品小売業,,,,,,,,,宝田鮮魚店,宝田鮮魚店,,,1,,,,,