11:57:33,,,,,,,,,,,,,,,,,,,,,,,,,,,,,,,,,,,,,,,,,,,,,,,,,,,,,,,,,,,,,,,,,,,,
,,,,,,,,,,,,n03_set_code,管轄保健所と、施設住所の都道府県または市区町村の取得に失敗している箇所を手入力してください,,,,,,,,,,,,,,,,,,,,,,,,,,,,,,,,,,,,,,,,,,,,,,,,,,,,,,,
施設名,施設名2,施設-住所1,施設-マンション名,施設-電話番号1,業種,業態,申請者1,申請者2,開業年月日,許可年月日,確認番号,ここまで,,,,,,,,,,,,,,,,,,,,,,,,,,,,,,,,,,,,,,,,,,,,,,,,,,,,,,,,
施設＿名称（屋号・商号）１,施設＿名称（屋号・商号）２,所在地１,所在地２,施設＿所在地電話番号,業種,種目（営業の種類）（給食の種類）,申請者＿申請者名,申請者＿代表者,初回許可年月日,許可年月日,許可番号,,管轄保健所,名称,市外局番,電話番号,施設の郵便番号,緯度,経度,施設の住所（元住所）,施設の住所（整備）,施設マンション名,施設-住所コード,施設-都道府県,施設-郡・政令市・市区町村名,施設-大字名・字名,申請年月日,開業年月日,許可年月日,許可期間開始日,許可期間終了日,申請法人,申請者氏名(個人名),申請者（開設者）の電話番号,申請者の住所（元住所）,申請者の住所（整備）,申請マンション名,申請-住所コード,申請-都道府県,申請-郡・政令市・市区町村名,申請-大字名・字名,確認番号,申請区分,業種,業態,その他,法人番号,シート名,産業分類大,産業分類中,産業分類小,産業分類詳細,facility_idを識別するための文字列,店舗コード,company_idを識別するための文字列,法人コード,ライセンスコード,検索用日付,整備名称,整備名称2,整備申請法人,チェーン店名,重複確認,店舗業種(大),店舗業種(中),店舗業種(小),店舗業種(詳細),施設名のフリガナ
てんぽーら,,糸満市潮崎町４－８－１４,,              ,飲食店営業,パーラー,玉城京子,,R04.06.01,R04.06.01,第05202200184号,OK,南部保健所,てんぽーら,098,              ,,,,糸満市潮崎町４－８－１４,沖縄県糸満市潮崎町４－８－１４,,215854,沖縄県,糸満市,潮崎町４,,R04.06.01,R04.06.01,,,,玉城京子 ,,,,,,,,,第05202200184号,,飲食店営業,パーラー,,,466_沖縄県_南部保健所_食品衛生(許可)_2022年06月-2022年07月_末日_新規,,,,,,,,,,,,,,,,,,,,
手作工房　みつ,,南風原町字兼城３８５－４,,              ,みそ又はしょうゆ製造業,みそ又はしょうゆ,仲里きみ子,,R04.06.01,R04.06.01,第05202200187号,OK,南部保健所,手作工房　みつ,,              ,,,,南風原町字兼城３８５－４,沖縄県南風原町字兼城３８５－４,,,沖縄県,,,,R04.06.01,R04.06.01,,,,仲里きみ子 ,,,,,,,,,第05202200187号,,みそ又はしょうゆ製造業,みそ又はしょうゆ,,,466_沖縄県_南部保健所_食品衛生(許可)_2022年06月-2022年07月_末日_新規,,,,,,,,,,,,,,,,,,,,
お弁当の店　ナイア,,南城市つきしろ１５３９－２４５,（１０２）,              ,飲食店営業,弁当屋,池間志奈子,,R04.06.01,R04.06.01,第05202200186号,OK,南部保健所,お弁当の店　ナイア,098,              ,,,,南城市つきしろ１５３９－２４５,沖縄県南城市つきしろ１５３９－２４５,（１０２）,216475,沖縄県,南城市,つきしろ,,R04.06.01,R04.06.01,,,,池間志奈子 ,,,,,,,,,第05202200186号,,飲食店営業,弁当屋,,,466_沖縄県_南部保健所_食品衛生(許可)_2022年06月-2022年07月_末日_新規,,,,,,,,,,,,,,,,,,,,
レキオ薬草研究所,,南城市字つきしろ１５３９－１８６,,              ,密封包装食品製造業,密封包装,佐久本典充,,R04.06.01,R04.06.01,第05202200185号,OK,南部保健所,レキオ薬草研究所,098,              ,,,,南城市字つきしろ１５３９－１８６,沖縄県南城市字つきしろ１５３９－１８６,,216475,沖縄県,南城市,つきしろ,,R04.06.01,R04.06.01,,,,佐久本典充 ,,,,,,,,,第05202200185号,,密封包装食品製造業,密封包装,,,466_沖縄県_南部保健所_食品衛生(許可)_2022年06月-2022年07月_末日_新規,,,,,,,,,,,,,,,,,,,,
コルネとサンドのお店ｐｉｐｐｉ,,浦添市西洲３－１－１,サンエーＰＡＲＣＯ　１Ｆ　１０２５,              ,飲食店営業,パーラー,宮國恵将,,R04.06.02,R04.06.02,第05202200183号,OK,南部保健所,コルネとサンドのお店ｐｉｐｐｉ,098,              ,,,,浦添市西洲３－１－１,沖縄県浦添市西洲３－１－１,サンエーＰＡＲＣＯ　１Ｆ　１０２５,215716,沖縄県,浦添市,西洲３,,R04.06.02,R04.06.02,,,,宮國恵将 ,,,,,,,,,第05202200183号,,飲食店営業,パーラー,,,466_沖縄県_南部保健所_食品衛生(許可)_2022年06月-2022年07月_末日_新規,,,,,,,,,,,,,,,,,,,,
ＭＥＤＩＣＡＬＣＯＦＦＥＥ,,西原町上原１－２４－９,プティフルール（１Ｆ）,              ,菓子製造業,菓子製造業,比嘉洋路,,R04.06.02,R04.06.02,第05202200191号,OK,南部保健所,ＭＥＤＩＣＡＬＣＯＦＦＥＥ,,              ,,,,西原町上原１－２４－９,沖縄県西原町上原１－２４－９,プティフルール（１Ｆ）,216338,沖縄県,中頭郡西原町,上原１,,R04.06.02,R04.06.02,,,,比嘉洋路 ,,,,,,,,,第05202200191号,,菓子製造業,菓子製造業,,,466_沖縄県_南部保健所_食品衛生(許可)_2022年06月-2022年07月_末日_新規,,,,,,,,,,,,,,,,,,,,
コルネとサンドのお店ｐｉｐｐｉ,,浦添市西洲３－１－１,サンエーＰＡＲＣＯ　１Ｆ　１０２５,              ,菓子製造業,菓子製造業,宮國恵将,,R04.06.02,R04.06.02,第05202200182号,OK,南部保健所,コルネとサンドのお店ｐｉｐｐｉ,098,              ,,,,浦添市西洲３－１－１,沖縄県浦添市西洲３－１－１,サンエーＰＡＲＣＯ　１Ｆ　１０２５,215716,沖縄県,浦添市,西洲３,,R04.06.02,R04.06.02,,,,宮國恵将 ,,,,,,,,,第05202200182号,,菓子製造業,菓子製造業,,,466_沖縄県_南部保健所_食品衛生(許可)_2022年06月-2022年07月_末日_新規,,,,,,,,,,,,,,,,,,,,
いろり亭,,南風原町字宮平８４９－４,,098-888-5200  ,そうざい製造業,そうざい製造業,赤嶺善斗,,R04.06.03,R04.06.03,第05202200209号,OK,南部保健所,いろり亭,,098-888-5200  ,,,,南風原町字宮平８４９－４,沖縄県南風原町字宮平８４９－４,,,沖縄県,,,,R04.06.03,R04.06.03,,,,赤嶺善斗 ,,,,,,,,,第05202200209号,,そうざい製造業,そうざい製造業,,,466_沖縄県_南部保健所_食品衛生(許可)_2022年06月-2022年07月_末日_新規,,,,,,,,,,,,,,,,,,,,
マックスバリュとよみ店（ベーカリー）,,豊見城市根差部７１０,,098-852-2221  ,菓子製造業,菓子製造業,イオン琉球株式会社,大野惠司,R04.06.03,R04.06.03,第05202200211号,OK,南部保健所,マックスバリュとよみ店（ベーカリー）,098,098-852-2221  ,,,,豊見城市根差部７１０,沖縄県豊見城市根差部７１０,,216019,沖縄県,豊見城市,根差部,,R04.06.03,R04.06.03,,,イオン琉球株式会社, 大野惠司,,,,,,,,,第05202200211号,,菓子製造業,菓子製造業,,,466_沖縄県_南部保健所_食品衛生(許可)_2022年06月-2022年07月_末日_新規,,,,,,,,,,,,,,,,,,,,
いろり亭,,南風原町字宮平８４９－４,,098-888-5200  ,飲食店営業,居酒屋,赤嶺善斗,,R04.06.03,R04.06.03,第05202200210号,OK,南部保健所,いろり亭,,098-888-5200  ,,,,南風原町字宮平８４９－４,沖縄県南風原町字宮平８４９－４,,,沖縄県,,,,R04.06.03,R04.06.03,,,,赤嶺善斗 ,,,,,,,,,第05202200210号,,飲食店営業,居酒屋,,,466_沖縄県_南部保健所_食品衛生(許可)_2022年06月-2022年07月_末日_新規,,,,,,,,,,,,,,,,,,,,
デイサービスセンター愛の郷,,八重瀬町字仲座１０７４－２,,098-998-4104  ,飲食店営業,食堂,株式会社コーワ,神谷敏光,R04.06.03,R04.06.03,第05202200208号,OK,南部保健所,デイサービスセンター愛の郷,,098-998-4104  ,,,,八重瀬町字仲座１０７４－２,沖縄県八重瀬町字仲座１０７４－２,,,沖縄県,,,,R04.06.03,R04.06.03,,,株式会社コーワ, 神谷敏光,,,,,,,,,第05202200208号,,飲食店営業,食堂,,,466_沖縄県_南部保健所_食品衛生(許可)_2022年06月-2022年07月_末日_新規,,,,,,,,,,,,,,,,,,,,
パーラー　メガトン,,浦添市港川１－３８－３,,              ,飲食店営業,パーラー,照屋美菜,,R04.06.06,R04.06.06,第05202200212号,OK,南部保健所,パーラー　メガトン,098,              ,,,,浦添市港川１－３８－３,沖縄県浦添市港川１－３８－３,,215700,沖縄県,浦添市,港川１,,R04.06.06,R04.06.06,,,,照屋美菜 ,,,,,,,,,第05202200212号,,飲食店営業,パーラー,,,466_沖縄県_南部保健所_食品衛生(許可)_2022年06月-2022年07月_末日_新規,,,,,,,,,,,,,,,,,,,,
琉球ホテル＆リゾート　名城ビーチ,ペストリーキッチン,糸満市名城９６３,Ｎ棟２Ｆ,098-997-5550  ,アイスクリーム類製造業,ｱｲｽｸﾘｰﾑ類製造業,株式会社ＰＨＧ琉球マネジメント,佐藤健人,R04.06.08,R04.06.08,第05202200228号,OK,南部保健所,琉球ホテル＆リゾート　名城ビーチ,098,098-997-5550  ,,,,糸満市名城９６３,沖縄県糸満市名城９６３,Ｎ棟２Ｆ,215833,沖縄県,糸満市,名城,,R04.06.08,R04.06.08,,,株式会社ＰＨＧ琉球マネジメント, 佐藤健人,,,,,,,,,第05202200228号,,アイスクリーム類製造業,ｱｲｽｸﾘｰﾑ類製造業,,,466_沖縄県_南部保健所_食品衛生(許可)_2022年06月-2022年07月_末日_新規,,,,,,,,,,,,,,,,,,,,
琉球ホテル＆リゾート　名城ビーチ,めん処山楽,糸満市名城９６３,Ｎ棟１Ｆ,098-997-5550  ,飲食店営業,そば屋,株式会社ＰＨＧ琉球マネジメント,佐藤健人,R04.06.08,R04.06.08,第05202200225号,OK,南部保健所,琉球ホテル＆リゾート　名城ビーチ,098,098-997-5550  ,,,,糸満市名城９６３,沖縄県糸満市名城９６３,Ｎ棟１Ｆ,215833,沖縄県,糸満市,名城,,R04.06.08,R04.06.08,,,株式会社ＰＨＧ琉球マネジメント, 佐藤健人,,,,,,,,,第05202200225号,,飲食店営業,そば屋,,,466_沖縄県_南部保健所_食品衛生(許可)_2022年06月-2022年07月_末日_新規,,,,,,,,,,,,,,,,,,,,
琉球ホテル＆リゾート　名城ビーチ,ＶＩＰプールバー　Ｏａｓｉｓ,糸満市名城９６３,Ｃ棟１Ｆ,098-997-5550  ,飲食店営業,バー,株式会社ＰＨＧ琉球マネジメント,佐藤健人,R04.06.08,R04.06.08,第05202200224号,OK,南部保健所,琉球ホテル＆リゾート　名城ビーチ,098,098-997-5550  ,,,,糸満市名城９６３,沖縄県糸満市名城９６３,Ｃ棟１Ｆ,215833,沖縄県,糸満市,名城,,R04.06.08,R04.06.08,,,株式会社ＰＨＧ琉球マネジメント, 佐藤健人,,,,,,,,,第05202200224号,,飲食店営業,バー,,,466_沖縄県_南部保健所_食品衛生(許可)_2022年06月-2022年07月_末日_新規,,,,,,,,,,,,,,,,,,,,
琉球ホテル＆リゾート　名城ビーチ,マリンハウス,糸満市名城９６３,マリンハウス,098-997-5550  ,飲食店営業,パーラー,株式会社ＰＨＧ琉球マネジメント,佐藤健人,R04.06.08,R04.06.08,第05202200219号,OK,南部保健所,琉球ホテル＆リゾート　名城ビーチ,098,098-997-5550  ,,,,糸満市名城９６３,沖縄県糸満市名城９６３,マリンハウス,215833,沖縄県,糸満市,名城,,R04.06.08,R04.06.08,,,株式会社ＰＨＧ琉球マネジメント, 佐藤健人,,,,,,,,,第05202200219号,,飲食店営業,パーラー,,,466_沖縄県_南部保健所_食品衛生(許可)_2022年06月-2022年07月_末日_新規,,,,,,,,,,,,,,,,,,,,
琉球ホテル＆リゾート　名城ビーチ,ビュッフェレストラン　Ｎａｓｈｉｒｏ　Ｄｉｎｉｎｇ,糸満市名城９６３,Ｎ棟１Ｆ,098-997-5550  ,飲食店営業,レストラン,株式会社ＰＨＧ琉球マネジメント,佐藤健人,R04.06.08,R04.06.08,第05202200232号,OK,南部保健所,琉球ホテル＆リゾート　名城ビーチ,098,098-997-5550  ,,,,糸満市名城９６３,沖縄県糸満市名城９６３,Ｎ棟１Ｆ,215833,沖縄県,糸満市,名城,,R04.06.08,R04.06.08,,,株式会社ＰＨＧ琉球マネジメント, 佐藤健人,,,,,,,,,第05202200232号,,飲食店営業,レストラン,,,466_沖縄県_南部保健所_食品衛生(許可)_2022年06月-2022年07月_末日_新規,,,,,,,,,,,,,,,,,,,,
琉球ホテル＆リゾート　名城ビーチ,宴会場キッチン,糸満市名城９６３,Ｎ棟２Ｆ,098-997-5550  ,飲食店営業,レストラン,株式会社ＰＨＧ琉球マネジメント,佐藤健人,R04.06.08,R04.06.08,第05202200230号,OK,南部保健所,琉球ホテル＆リゾート　名城ビーチ,098,098-997-5550  ,,,,糸満市名城９６３,沖縄県糸満市名城９６３,Ｎ棟２Ｆ,215833,沖縄県,糸満市,名城,,R04.06.08,R04.06.08,,,株式会社ＰＨＧ琉球マネジメント, 佐藤健人,,,,,,,,,第05202200230号,,飲食店営業,レストラン,,,466_沖縄県_南部保健所_食品衛生(許可)_2022年06月-2022年07月_末日_新規,,,,,,,,,,,,,,,,,,,,
琉球ホテル＆リゾート　名城ビーチ,中宴会場パントリー,糸満市名城９６３,Ｎ棟２Ｆ,098-997-5550  ,飲食店営業,レストラン,株式会社ＰＨＧ琉球マネジメント,佐藤健人,R04.06.08,R04.06.08,第05202200227号,OK,南部保健所,琉球ホテル＆リゾート　名城ビーチ,098,098-997-5550  ,,,,糸満市名城９６３,沖縄県糸満市名城９６３,Ｎ棟２Ｆ,215833,沖縄県,糸満市,名城,,R04.06.08,R04.06.08,,,株式会社ＰＨＧ琉球マネジメント, 佐藤健人,,,,,,,,,第05202200227号,,飲食店営業,レストラン,,,466_沖縄県_南部保健所_食品衛生(許可)_2022年06月-2022年07月_末日_新規,,,,,,,,,,,,,,,,,,,,
琉球ホテル＆リゾート　名城ビーチ,小宴会場パントリー,糸満市名城９６３,Ｎ棟３Ｆ,098-997-5550  ,飲食店営業,レストラン,株式会社ＰＨＧ琉球マネジメント,佐藤健人,R04.06.08,R04.06.08,第05202200226号,OK,南部保健所,琉球ホテル＆リゾート　名城ビーチ,098,098-997-5550  ,,,,糸満市名城９６３,沖縄県糸満市名城９６３,Ｎ棟３Ｆ,215833,沖縄県,糸満市,名城,,R04.06.08,R04.06.08,,,株式会社ＰＨＧ琉球マネジメント, 佐藤健人,,,,,,,,,第05202200226号,,飲食店営業,レストラン,,,466_沖縄県_南部保健所_食品衛生(許可)_2022年06月-2022年07月_末日_新規,,,,,,,,,,,,,,,,,,,,
琉球ホテル＆リゾート　名城ビーチ,ロビーラウンジ　ＴＨＥ　ＬＯＵＮＧＥ,糸満市名城９６３,Ｃ棟２Ｆ,098-997-5550  ,飲食店営業,レストラン,株式会社ＰＨＧ琉球マネジメント,佐藤健人,R04.06.08,R04.06.08,第05202200223号,OK,南部保健所,琉球ホテル＆リゾート　名城ビーチ,098,098-997-5550  ,,,,糸満市名城９６３,沖縄県糸満市名城９６３,Ｃ棟２Ｆ,215833,沖縄県,糸満市,名城,,R04.06.08,R04.06.08,,,株式会社ＰＨＧ琉球マネジメント, 佐藤健人,,,,,,,,,第05202200223号,,飲食店営業,レストラン,,,466_沖縄県_南部保健所_食品衛生(許可)_2022年06月-2022年07月_末日_新規,,,,,,,,,,,,,,,,,,,,
琉球ホテル＆リゾート　名城ビーチ,鉄板ダイニング　虹,糸満市名城９６３,Ｓ棟１Ｆ,098-997-5550  ,飲食店営業,レストラン,株式会社ＰＨＧ琉球マネジメント,佐藤健人,R04.06.08,R04.06.08,第05202200222号,OK,南部保健所,琉球ホテル＆リゾート　名城ビーチ,098,098-997-5550  ,,,,糸満市名城９６３,沖縄県糸満市名城９６３,Ｓ棟１Ｆ,215833,沖縄県,糸満市,名城,,R04.06.08,R04.06.08,,,株式会社ＰＨＧ琉球マネジメント, 佐藤健人,,,,,,,,,第05202200222号,,飲食店営業,レストラン,,,466_沖縄県_南部保健所_食品衛生(許可)_2022年06月-2022年07月_末日_新規,,,,,,,,,,,,,,,,,,,,
琉球ホテル＆リゾート　名城ビーチ,ジャパニーズフュージョン　かなざわ,糸満市名城９６３,Ｓ棟２Ｆ,098-997-5550  ,飲食店営業,レストラン,株式会社ＰＨＧ琉球マネジメント,佐藤健人,R04.06.08,R04.06.08,第05202200221号,OK,南部保健所,琉球ホテル＆リゾート　名城ビーチ,098,098-997-5550  ,,,,糸満市名城９６３,沖縄県糸満市名城９６３,Ｓ棟２Ｆ,215833,沖縄県,糸満市,名城,,R04.06.08,R04.06.08,,,株式会社ＰＨＧ琉球マネジメント, 佐藤健人,,,,,,,,,第05202200221号,,飲食店営業,レストラン,,,466_沖縄県_南部保健所_食品衛生(許可)_2022年06月-2022年07月_末日_新規,,,,,,,,,,,,,,,,,,,,
琉球ホテル＆リゾート　名城ビーチ,ファインダイニング　ＭＩＬＡＮＯ,糸満市名城９６３,Ｓ棟２Ｆ,098-997-5550  ,飲食店営業,レストラン,株式会社ＰＨＧ琉球マネジメント,佐藤健人,R04.06.08,R04.06.08,第05202200220号,OK,南部保健所,琉球ホテル＆リゾート　名城ビーチ,098,098-997-5550  ,,,,糸満市名城９６３,沖縄県糸満市名城９６３,Ｓ棟２Ｆ,215833,沖縄県,糸満市,名城,,R04.06.08,R04.06.08,,,株式会社ＰＨＧ琉球マネジメント, 佐藤健人,,,,,,,,,第05202200220号,,飲食店営業,レストラン,,,466_沖縄県_南部保健所_食品衛生(許可)_2022年06月-2022年07月_末日_新規,,,,,,,,,,,,,,,,,,,,
ＩＣＥ　Ｏａｓｉｓ,,浦添市仲間１－２－２,１０３号室,              ,飲食店営業,一般食堂・レストラン,アイスオアシス浦添株式会社,潘松明,R04.06.08,R04.06.08,第05202200215号,OK,南部保健所,ＩＣＥ　Ｏａｓｉｓ,098,              ,,,,浦添市仲間１－２－２,沖縄県浦添市仲間１－２－２,１０３号室,215679,沖縄県,浦添市,仲間１,,R04.06.08,R04.06.08,,,アイスオアシス浦添株式会社, 潘松明,,,,,,,,,第05202200215号,,飲食店営業,一般食堂・レストラン,,,466_沖縄県_南部保健所_食品衛生(許可)_2022年06月-2022年07月_末日_新規,,,,,,,,,,,,,,,,,,,,
琉球ホテル＆リゾート　名城ビーチ,ベーカリーキッチン,糸満市名城９６３,Ｎ棟１Ｆ,098-997-5550  ,菓子製造業,菓子製造業,株式会社ＰＨＧ琉球マネジメント,佐藤健人,R04.06.08,R04.06.08,第05202200231号,OK,南部保健所,琉球ホテル＆リゾート　名城ビーチ,098,098-997-5550  ,,,,糸満市名城９６３,沖縄県糸満市名城９６３,Ｎ棟１Ｆ,215833,沖縄県,糸満市,名城,,R04.06.08,R04.06.08,,,株式会社ＰＨＧ琉球マネジメント, 佐藤健人,,,,,,,,,第05202200231号,,菓子製造業,菓子製造業,,,466_沖縄県_南部保健所_食品衛生(許可)_2022年06月-2022年07月_末日_新規,,,,,,,,,,,,,,,,,,,,
琉球ホテル＆リゾート　名城ビーチ,ペストリーキッチン,糸満市名城９６３,Ｎ棟２Ｆ,098-997-5550  ,菓子製造業,菓子製造業,株式会社ＰＨＧ琉球マネジメント,佐藤健人,R04.06.08,R04.06.08,第05202200229号,OK,南部保健所,琉球ホテル＆リゾート　名城ビーチ,098,098-997-5550  ,,,,糸満市名城９６３,沖縄県糸満市名城９６３,Ｎ棟２Ｆ,215833,沖縄県,糸満市,名城,,R04.06.08,R04.06.08,,,株式会社ＰＨＧ琉球マネジメント, 佐藤健人,,,,,,,,,第05202200229号,,菓子製造業,菓子製造業,,,466_沖縄県_南部保健所_食品衛生(許可)_2022年06月-2022年07月_末日_新規,,,,,,,,,,,,,,,,,,,,
琉球ホテル＆リゾート　名城ビーチ　社員食堂,,糸満市名城９６３,琉球ホテル＆リゾート　名城ビーチ　１Ｆ社員食堂,              ,飲食店営業,食堂,株式会社センダン,峠幸久,R04.06.08,R04.06.08,第05202200233号,OK,南部保健所,琉球ホテル＆リゾート　名城ビーチ　社員食堂,098,              ,,,,糸満市名城９６３,沖縄県糸満市名城９６３,琉球ホテル＆リゾート　名城ビーチ　１Ｆ社員食堂,215833,沖縄県,糸満市,名城,,R04.06.08,R04.06.08,,,株式会社センダン, 峠幸久,,,,,,,,,第05202200233号,,飲食店営業,食堂,,,466_沖縄県_南部保健所_食品衛生(許可)_2022年06月-2022年07月_末日_新規,,,,,,,,,,,,,,,,,,,,
島人酒場　トロっこ,,北大東村字港２９－１,,09802-3-4501  ,飲食店営業,居酒屋,糸数逸志,,R04.06.09,R04.06.09,第05202200237号,OK,南部保健所,島人酒場　トロっこ,,09802-3-4501  ,,,,北大東村字港２９－１,沖縄県北大東村字港２９－１,,,沖縄県,,,,R04.06.09,R04.06.09,,,,糸数逸志 ,,,,,,,,,第05202200237号,,飲食店営業,居酒屋,,,466_沖縄県_南部保健所_食品衛生(許可)_2022年06月-2022年07月_末日_新規,,,,,,,,,,,,,,,,,,,,
お食事処　トロっこ,,北大東村字港２９－１,,09802-3-4501  ,飲食店営業,食堂,糸数春代,,R04.06.09,R04.06.09,第05202200236号,OK,南部保健所,お食事処　トロっこ,,09802-3-4501  ,,,,北大東村字港２９－１,沖縄県北大東村字港２９－１,,,沖縄県,,,,R04.06.09,R04.06.09,,,,糸数春代 ,,,,,,,,,第05202200236号,,飲食店営業,食堂,,,466_沖縄県_南部保健所_食品衛生(許可)_2022年06月-2022年07月_末日_新規,,,,,,,,,,,,,,,,,,,,
しゃぶしゃぶ美山　南風原店,,南風原町字宮平２６４,イオン南風原SC　１F,098-996-1478  ,飲食店営業,食堂,株式会社ピアーサーティー琉球,髙橋章之,R04.06.09,R04.06.09,第05202200235号,OK,南部保健所,しゃぶしゃぶ美山　南風原店,,098-996-1478  ,,,,南風原町字宮平２６４,沖縄県南風原町字宮平２６４,イオン南風原SC　１F,,沖縄県,,,,R04.06.09,R04.06.09,,,株式会社ピアーサーティー琉球, 髙橋章之,,,,,,,,,第05202200235号,,飲食店営業,食堂,,,466_沖縄県_南部保健所_食品衛生(許可)_2022年06月-2022年07月_末日_新規,,,,,,,,,,,,,,,,,,,,
ちゃんぷる亭,,久米島町字謝名堂５４８－８６,１Ｆ,098-985-7444  ,飲食店営業,レストラン,中村行雄,,R04.06.10,R04.06.10,第05202200244号,OK,南部保健所,ちゃんぷる亭,,098-985-7444  ,,,,久米島町字謝名堂５４８－８６,沖縄県久米島町字謝名堂５４８－８６,１Ｆ,,沖縄県,,,,R04.06.10,R04.06.10,,,,中村行雄 ,,,,,,,,,第05202200244号,,飲食店営業,レストラン,,,466_沖縄県_南部保健所_食品衛生(許可)_2022年06月-2022年07月_末日_新規,,,,,,,,,,,,,,,,,,,,
ぬちぐすいお菓子,,糸満市字糸満５６５,,              ,菓子製造業,菓子製造業,渕上沙也加,,R04.06.13,R04.06.13,第05202200243号,OK,南部保健所,ぬちぐすいお菓子,098,              ,,,,糸満市字糸満５６５,沖縄県糸満市字糸満５６５,,215815,沖縄県,糸満市,糸満,,R04.06.13,R04.06.13,,,,渕上沙也加 ,,,,,,,,,第05202200243号,,菓子製造業,菓子製造業,,,466_沖縄県_南部保健所_食品衛生(許可)_2022年06月-2022年07月_末日_新規,,,,,,,,,,,,,,,,,,,,
ちぶみ,,島尻郡与那原町字上与那原４０４－３,,098-945-6841  ,飲食店営業,居酒屋,町田藤子,,R04.06.13,R04.06.13,第05202200242号,OK,南部保健所,ちぶみ,098,098-945-6841  ,,,,島尻郡与那原町字上与那原４０４－３,沖縄県島尻郡与那原町字上与那原４０４－３,,216418,沖縄県,島尻郡与那原町,上与那原,,R04.06.13,R04.06.13,,,,町田藤子 ,,,,,,,,,第05202200242号,,飲食店営業,居酒屋,,,466_沖縄県_南部保健所_食品衛生(許可)_2022年06月-2022年07月_末日_新規,,,,,,,,,,,,,,,,,,,,
寅次郎,,座間味村字座間味３８２－１,,              ,そうざい製造業,そうざい製造業,神谷豊光,,R04.06.14,R04.06.14,第05202200249号,OK,南部保健所,寅次郎,,              ,,,,座間味村字座間味３８２－１,沖縄県座間味村字座間味３８２－１,,,沖縄県,,,,R04.06.14,R04.06.14,,,,神谷豊光 ,,,,,,,,,第05202200249号,,そうざい製造業,そうざい製造業,,,466_沖縄県_南部保健所_食品衛生(許可)_2022年06月-2022年07月_末日_新規,,,,,,,,,,,,,,,,,,,,
Ｄｏｙｌｅ,,浦添市屋富祖４－１－３,２Ｆ,              ,飲食店営業,バー,比嘉盛也,,R04.06.14,R04.06.14,第05202200252号,OK,南部保健所,Ｄｏｙｌｅ,098,              ,,,,浦添市屋富祖４－１－３,沖縄県浦添市屋富祖４－１－３,２Ｆ,215713,沖縄県,浦添市,屋富祖４,,R04.06.14,R04.06.14,,,,比嘉盛也 ,,,,,,,,,第05202200252号,,飲食店営業,バー,,,466_沖縄県_南部保健所_食品衛生(許可)_2022年06月-2022年07月_末日_新規,,,,,,,,,,,,,,,,,,,,
カラオケ　りっちゃん,,浦添市屋富祖２－１６－６,,098-876-7249  ,飲食店営業,バー,内間律子,,R04.06.14,R04.06.14,第05202200253号,OK,南部保健所,カラオケ　りっちゃん,098,098-876-7249  ,,,,浦添市屋富祖２－１６－６,沖縄県浦添市屋富祖２－１６－６,,215711,沖縄県,浦添市,屋富祖２,,R04.06.14,R04.06.14,,,,内間律子 ,,,,,,,,,第05202200253号,,飲食店営業,バー,,,466_沖縄県_南部保健所_食品衛生(許可)_2022年06月-2022年07月_末日_新規,,,,,,,,,,,,,,,,,,,,
寅次郎,,座間味村字座間味３８２－１,,              ,飲食店営業,パーラー,神谷豊光,,R04.06.14,R04.06.14,第05202200250号,OK,南部保健所,寅次郎,,              ,,,,座間味村字座間味３８２－１,沖縄県座間味村字座間味３８２－１,,,沖縄県,,,,R04.06.14,R04.06.14,,,,神谷豊光 ,,,,,,,,,第05202200250号,,飲食店営業,パーラー,,,466_沖縄県_南部保健所_食品衛生(許可)_2022年06月-2022年07月_末日_新規,,,,,,,,,,,,,,,,,,,,
たこ焼きパーティーもんじゃ焼き　ナニワ屋,,糸満市字兼城３６９－７,更庄ビル１０３,              ,飲食店営業,食堂,株式会社エスロク,松本大輝,R04.06.14,R04.06.14,第05202200248号,OK,南部保健所,たこ焼きパーティーもんじゃ焼き　ナニワ屋,098,              ,,,,糸満市字兼城３６９－７,沖縄県糸満市字兼城３６９－７,更庄ビル１０３,215821,沖縄県,糸満市,兼城,,R04.06.14,R04.06.14,,,株式会社エスロク, 松本大輝,,,,,,,,,第05202200248号,,飲食店営業,食堂,,,466_沖縄県_南部保健所_食品衛生(許可)_2022年06月-2022年07月_末日_新規,,,,,,,,,,,,,,,,,,,,
初勇,,浦添市宮城３－１４－１　与那覇荘１０６,,              ,そうざい製造業,そうざい製造業,砂川妙子,,R04.06.15,R04.06.15,第05202200259号,OK,南部保健所,初勇,098,              ,,,,浦添市宮城３－１４－１　与那覇荘１０６,沖縄県浦添市宮城３－１４－１与那覇荘１０６,,215705,沖縄県,浦添市,宮城３,,R04.06.15,R04.06.15,,,,砂川妙子 ,,,,,,,,,第05202200259号,,そうざい製造業,そうざい製造業,,,466_沖縄県_南部保健所_食品衛生(許可)_2022年06月-2022年07月_末日_新規,,,,,,,,,,,,,,,,,,,,
絆～リアン～,,与那原町字与那原１０００－３,フラミンゴビル４－Ｃ,              ,飲食店営業,バー,安慶名樹里,,R04.06.15,R04.06.15,第05202200257号,OK,南部保健所,絆～リアン～,,              ,,,,与那原町字与那原１０００－３,沖縄県与那原町字与那原１０００－３,フラミンゴビル４－Ｃ,,沖縄県,,,,R04.06.15,R04.06.15,,,,安慶名樹里 ,,,,,,,,,第05202200257号,,飲食店営業,バー,,,466_沖縄県_南部保健所_食品衛生(許可)_2022年06月-2022年07月_末日_新規,,,,,,,,,,,,,,,,,,,,
まちの小さな天ぷら屋さん,,豊見城市字高安１０－５,,              ,飲食店営業,パーラー,株式会社ハピネスストーリー,穐山由香,R04.06.15,R04.06.15,第05202200258号,OK,南部保健所,まちの小さな天ぷら屋さん,098,              ,,,,豊見城市字高安１０－５,沖縄県豊見城市字高安１０－５,,216011,沖縄県,豊見城市,高安,,R04.06.15,R04.06.15,,,株式会社ハピネスストーリー, 穐山由香,,,,,,,,,第05202200258号,,飲食店営業,パーラー,,,466_沖縄県_南部保健所_食品衛生(許可)_2022年06月-2022年07月_末日_新規,,,,,,,,,,,,,,,,,,,,
クラブ　パトリオット,,八重瀬町字安里５６９（南与座分屯地）,,              ,飲食店営業,食堂,具志保春,,R04.06.15,R04.06.15,第05202200264号,OK,南部保健所,クラブ　パトリオット,,              ,,,,八重瀬町字安里５６９（南与座分屯地）,沖縄県八重瀬町字安里５６９（南与座分屯地）,,,沖縄県,,,,R04.06.15,R04.06.15,,,,具志保春 ,,,,,,,,,第05202200264号,,飲食店営業,食堂,,,466_沖縄県_南部保健所_食品衛生(許可)_2022年06月-2022年07月_末日_新規,,,,,,,,,,,,,,,,,,,,
初勇,,浦添市宮城３－１４－１　与那覇荘１０６,,              ,飲食店営業,食堂,砂川妙子,,R04.06.15,R04.06.15,第05202200260号,OK,南部保健所,初勇,098,              ,,,,浦添市宮城３－１４－１　与那覇荘１０６,沖縄県浦添市宮城３－１４－１与那覇荘１０６,,215705,沖縄県,浦添市,宮城３,,R04.06.15,R04.06.15,,,,砂川妙子 ,,,,,,,,,第05202200260号,,飲食店営業,食堂,,,466_沖縄県_南部保健所_食品衛生(許可)_2022年06月-2022年07月_末日_新規,,,,,,,,,,,,,,,,,,,,
セブンーイレブン浦添牧港４丁目店,,浦添市牧港４－５－５,,              ,飲食店営業,そうざい,玉城辰也,,R04.06.20,R04.06.20,第05202200278号,OK,南部保健所,セブンーイレブン浦添牧港４丁目店,098,              ,,,,浦添市牧港４－５－５,沖縄県浦添市牧港４－５－５,,215697,沖縄県,浦添市,牧港４,,R04.06.20,R04.06.20,,,,玉城辰也 ,,,,,,,,,第05202200278号,,飲食店営業,そうざい,,,466_沖縄県_南部保健所_食品衛生(許可)_2022年06月-2022年07月_末日_新規,,,,,,,,,,,,,,,,,,,,
大屋寿し,,八重瀬町字伊覇２１０番地,,098-998-1622  ,飲食店営業,寿司屋,大屋智恵美,,R04.06.20,R04.06.20,第05202200281号,OK,南部保健所,大屋寿し,,098-998-1622  ,,,,八重瀬町字伊覇２１０番地,沖縄県八重瀬町字伊覇２１０番地,,,沖縄県,,,,R04.06.20,R04.06.20,,,,大屋智恵美 ,,,,,,,,,第05202200281号,,飲食店営業,寿司屋,,,466_沖縄県_南部保健所_食品衛生(許可)_2022年06月-2022年07月_末日_新規,,,,,,,,,,,,,,,,,,,,
沖縄県身体障害者福祉協会　障害者支援施設　太希おきなわ,,八重瀬町字仲座１０３８－１,,098-851-8177  ,飲食店営業,食堂,りっか株式会社,比嘉康裕,R04.06.20,R04.06.20,第05202200271号,OK,南部保健所,沖縄県身体障害者福祉協会　障害者支援施設　太希おきなわ,,098-851-8177  ,,,,八重瀬町字仲座１０３８－１,沖縄県八重瀬町字仲座１０３８－１,,,沖縄県,,,,R04.06.20,R04.06.20,,,りっか株式会社, 比嘉康裕,,,,,,,,,第05202200271号,,飲食店営業,食堂,,,466_沖縄県_南部保健所_食品衛生(許可)_2022年06月-2022年07月_末日_新規,,,,,,,,,,,,,,,,,,,,
介護老人保健施設　かりゆしの里,,南風原町字山川２５６－２,,098-888-6555  ,飲食店営業,食堂,りっか株式会社,比嘉康裕,R04.06.20,R04.06.20,第05202200272号,OK,南部保健所,介護老人保健施設　かりゆしの里,,098-888-6555  ,,,,南風原町字山川２５６－２,沖縄県南風原町字山川２５６－２,,,沖縄県,,,,R04.06.20,R04.06.20,,,りっか株式会社, 比嘉康裕,,,,,,,,,第05202200272号,,飲食店営業,食堂,,,466_沖縄県_南部保健所_食品衛生(許可)_2022年06月-2022年07月_末日_新規,,,,,,,,,,,,,,,,,,,,
医療法人　助和の会,,八重瀬町友寄４２,,098-981-1631  ,飲食店営業,食堂,淀川食品株式会社,田村隆,R04.06.20,R04.06.20,第05202200270号,OK,南部保健所,医療法人　助和の会,,098-981-1631  ,,,,八重瀬町友寄４２,沖縄県八重瀬町友寄４２,,,沖縄県,,,,R04.06.20,R04.06.20,,,淀川食品株式会社, 田村隆,,,,,,,,,第05202200270号,,飲食店営業,食堂,,,466_沖縄県_南部保健所_食品衛生(許可)_2022年06月-2022年07月_末日_新規,,,,,,,,,,,,,,,,,,,,
カラオケ酒場　ＭＡＭＹ,,豊見城市渡嘉敷２９４－１,（１０５）,              ,飲食店営業,バー,當間文女,,R04.06.21,R04.06.21,第05202200283号,OK,南部保健所,カラオケ酒場　ＭＡＭＹ,098,              ,,,,豊見城市渡嘉敷２９４－１,沖縄県豊見城市渡嘉敷２９４－１,（１０５）,216013,沖縄県,豊見城市,渡嘉敷,,R04.06.21,R04.06.21,,,,當間文女 ,,,,,,,,,第05202200283号,,飲食店営業,バー,,,466_沖縄県_南部保健所_食品衛生(許可)_2022年06月-2022年07月_末日_新規,,,,,,,,,,,,,,,,,,,,
かすりくらぶ,,南風原町字宮平２５２－３,,098-888-0204  ,菓子製造業,菓子製造業,特定非営利活動法人りん・輪,山城杉子,R04.06.21,R04.06.21,第05202200284号,OK,南部保健所,かすりくらぶ,,098-888-0204  ,,,,南風原町字宮平２５２－３,沖縄県南風原町字宮平２５２－３,,,沖縄県,,,,R04.06.21,R04.06.21,,,特定非営利活動法人りん・輪, 山城杉子,,,,,,,,,第05202200284号,,菓子製造業,菓子製造業,,,466_沖縄県_南部保健所_食品衛生(許可)_2022年06月-2022年07月_末日_新規,,,,,,,,,,,,,,,,,,,,
ＳＮＡＣＫ　ＭＡＭＩ,,南風原町津嘉山８０９－７,東宝ビル１６　１０１,,飲食店営業,ﾅｲﾄｽﾅｯｸ,金城真弓,,R04.06.22,R04.06.22,第05202200287号,OK,南部保健所,ＳＮＡＣＫ　ＭＡＭＩ,,,,,,南風原町津嘉山８０９－７,沖縄県南風原町津嘉山８０９－７,東宝ビル１６　１０１,,沖縄県,,,,R04.06.22,R04.06.22,,,,金城真弓 ,,,,,,,,,第05202200287号,,飲食店営業,ﾅｲﾄｽﾅｯｸ,,,466_沖縄県_南部保健所_食品衛生(許可)_2022年06月-2022年07月_末日_新規,,,,,,,,,,,,,,,,,,,,
まごころ弁当　糸満店,,糸満市西崎６－１６－１６,,098-840-8188  ,飲食店営業,パーラー,ヴィレッジモック合同会社,村木志帆,R04.06.22,R04.06.22,第05202200292号,OK,南部保健所,まごころ弁当　糸満店,098,098-840-8188  ,,,,糸満市西崎６－１６－１６,沖縄県糸満市西崎６－１６－１６,,215850,沖縄県,糸満市,西崎６,,R04.06.22,R04.06.22,,,ヴィレッジモック合同会社, 村木志帆,,,,,,,,,第05202200292号,,飲食店営業,パーラー,,,466_沖縄県_南部保健所_食品衛生(許可)_2022年06月-2022年07月_末日_新規,,,,,,,,,,,,,,,,,,,,
ＨＯＬＬＹ　ＨＯＣＫ,,糸満市西崎６－１６－１６,,098-840-8188  ,菓子製造業,菓子製造業,ヴィレッジモック合同会社,村木志帆,R04.06.22,R04.06.22,第05202200293号,OK,南部保健所,ＨＯＬＬＹ　ＨＯＣＫ,098,098-840-8188  ,,,,糸満市西崎６－１６－１６,沖縄県糸満市西崎６－１６－１６,,215850,沖縄県,糸満市,西崎６,,R04.06.22,R04.06.22,,,ヴィレッジモック合同会社, 村木志帆,,,,,,,,,第05202200293号,,菓子製造業,菓子製造業,,,466_沖縄県_南部保健所_食品衛生(許可)_2022年06月-2022年07月_末日_新規,,,,,,,,,,,,,,,,,,,,
株式会社エーデルワイス沖縄,,西原町字東崎４－１２,,098-944-2561  ,菓子製造業,菓子製造業,株式会社エーデルワイス沖縄,銘苅敏明,R04.06.22,R04.06.22,第05202200288号,OK,南部保健所,株式会社エーデルワイス沖縄,,098-944-2561  ,,,,西原町字東崎４－１２,沖縄県西原町字東崎４－１２,,,沖縄県,,,,R04.06.22,R04.06.22,,,株式会社エーデルワイス沖縄, 銘苅敏明,,,,,,,,,第05202200288号,,菓子製造業,菓子製造業,,,466_沖縄県_南部保健所_食品衛生(許可)_2022年06月-2022年07月_末日_新規,,,,,,,,,,,,,,,,,,,,
魚屋　いさみ丸,,座間味村字座間味５７,,098-987-3713  ,魚介類販売業,魚介類販売業,宮平大地,,R04.06.22,R04.06.22,第05202200285号,OK,南部保健所,魚屋　いさみ丸,,098-987-3713  ,,,,座間味村字座間味５７,沖縄県座間味村字座間味５７,,,沖縄県,,,,R04.06.22,R04.06.22,,,,宮平大地 ,,,,,,,,,第05202200285号,,魚介類販売業,魚介類販売業,,,466_沖縄県_南部保健所_食品衛生(許可)_2022年06月-2022年07月_末日_新規,,,,,,,,,,,,,,,,,,,,
よもぎ学園,,南風原町字宮平550番地,,098-8899--6011,飲食店営業,食堂,株式会社日本ユニテック,安里盛一,R04.06.22,R04.06.22,第05202200286号,OK,南部保健所,よもぎ学園,,098-8899--6011,,,,南風原町字宮平550番地,沖縄県南風原町字宮平５５０番地,,,沖縄県,,,,R04.06.22,R04.06.22,,,株式会社日本ユニテック, 安里盛一,,,,,,,,,第05202200286号,,飲食店営業,食堂,,,466_沖縄県_南部保健所_食品衛生(許可)_2022年06月-2022年07月_末日_新規,,,,,,,,,,,,,,,,,,,,
ＥＱＵＡＮＣＥ,,浦添市経塚９１４－２,,              ,飲食店営業,レストラン,株式会社ＯＬＩＦＥ,大坪育美,R04.06.24,R04.06.24,第05202200289号,OK,南部保健所,ＥＱＵＡＮＣＥ,098,              ,,,,浦添市経塚９１４－２,沖縄県浦添市経塚９１４－２,,215657,沖縄県,浦添市,経塚,,R04.06.24,R04.06.24,,,株式会社ＯＬＩＦＥ, 大坪育美,,,,,,,,,第05202200289号,,飲食店営業,レストラン,,,466_沖縄県_南部保健所_食品衛生(許可)_2022年06月-2022年07月_末日_新規,,,,,,,,,,,,,,,,,,,,
小料理　莉音,,浦添市前田１３５２－４,丸良ビル１－A,,飲食店営業,小料理,宮里幸子,,R04.06.24,R04.06.24,第05202200294号,OK,南部保健所,小料理　莉音,098,,,,,浦添市前田１３５２－４,沖縄県浦添市前田１３５２－４,丸良ビル１－A,215689,沖縄県,浦添市,前田１,,R04.06.24,R04.06.24,,,,宮里幸子 ,,,,,,,,,第05202200294号,,飲食店営業,小料理,,,466_沖縄県_南部保健所_食品衛生(許可)_2022年06月-2022年07月_末日_新規,,,,,,,,,,,,,,,,,,,,
おにぎり処　越後　南風原店,,南風原町字宮平２６４,（１２５）,098-940-6282  ,飲食店営業,そうざい,株式会社沖食ライスサービス,棚原清,R04.06.27,R04.06.27,第05202200295号,OK,南部保健所,おにぎり処　越後　南風原店,,098-940-6282  ,,,,南風原町字宮平２６４,沖縄県南風原町字宮平２６４,（１２５）,,沖縄県,,,,R04.06.27,R04.06.27,,,株式会社沖食ライスサービス, 棚原清,,,,,,,,,第05202200295号,,飲食店営業,そうざい,,,466_沖縄県_南部保健所_食品衛生(許可)_2022年06月-2022年07月_末日_新規,,,,,,,,,,,,,,,,,,,,
おにぎり処　越後　南風原店,,南風原町字宮平２６４,（１２５）,098-940-6282  ,菓子製造業,菓子製造業,株式会社沖食ライスサービス,棚原清,R04.06.27,R04.06.27,第05202200296号,OK,南部保健所,おにぎり処　越後　南風原店,,098-940-6282  ,,,,南風原町字宮平２６４,沖縄県南風原町字宮平２６４,（１２５）,,沖縄県,,,,R04.06.27,R04.06.27,,,株式会社沖食ライスサービス, 棚原清,,,,,,,,,第05202200296号,,菓子製造業,菓子製造業,,,466_沖縄県_南部保健所_食品衛生(許可)_2022年06月-2022年07月_末日_新規,,,,,,,,,,,,,,,,,,,,
燦々,,南城市大里稲嶺１５２５－１１,,,飲食店営業,小料理,宮城弘美,,R04.06.27,R04.06.27,第05202200300号,OK,南部保健所,燦々,098,,,,,南城市大里稲嶺１５２５－１１,沖縄県南城市大里稲嶺１５２５－１１,,216126,沖縄県,南城市,大里,,R04.06.27,R04.06.27,,,,宮城弘美 ,,,,,,,,,第05202200300号,,飲食店営業,小料理,,,466_沖縄県_南部保健所_食品衛生(許可)_2022年06月-2022年07月_末日_新規,,,,,,,,,,,,,,,,,,,,
沖縄中央育成園,,南風原町字宮平５４８－１,,              ,飲食店営業,食堂,株式会社日本ユニテック,安里盛一,R04.06.27,R04.06.27,第05202200299号,OK,南部保健所,沖縄中央育成園,,              ,,,,南風原町字宮平５４８－１,沖縄県南風原町字宮平５４８－１,,,沖縄県,,,,R04.06.27,R04.06.27,,,株式会社日本ユニテック, 安里盛一,,,,,,,,,第05202200299号,,飲食店営業,食堂,,,466_沖縄県_南部保健所_食品衛生(許可)_2022年06月-2022年07月_末日_新規,,,,,,,,,,,,,,,,,,,,
スナック京都,,浦添市屋富祖２－２４－１７　１Ｆ,,              ,飲食店営業,スナック,又吉ケイ子,,R04.06.28,R04.06.28,第05202200301号,OK,南部保健所,スナック京都,098,              ,,,,浦添市屋富祖２－２４－１７　１Ｆ,沖縄県浦添市屋富祖２－２４－１７１Ｆ,,215711,沖縄県,浦添市,屋富祖２,,R04.06.28,R04.06.28,,,,又吉ケイ子 ,,,,,,,,,第05202200301号,,飲食店営業,スナック,,,466_沖縄県_南部保健所_食品衛生(許可)_2022年06月-2022年07月_末日_新規,,,,,,,,,,,,,,,,,,,,
しるざんまい,,南風原町字津嘉山５７６,,              ,飲食店営業,一般食堂・レストラン,佐久本友幸,,R04.06.28,R04.06.28,第05202200302号,OK,南部保健所,しるざんまい,,              ,,,,南風原町字津嘉山５７６,沖縄県南風原町字津嘉山５７６,,,沖縄県,,,,R04.06.28,R04.06.28,,,,佐久本友幸 ,,,,,,,,,第05202200302号,,飲食店営業,一般食堂・レストラン,,,466_沖縄県_南部保健所_食品衛生(許可)_2022年06月-2022年07月_末日_新規,,,,,,,,,,,,,,,,,,,,
特定非営利活動法人　うりずん,,浦添市宮城４－１－３,サワーコートみやぎ２０３,              ,菓子製造業,菓子製造業,特定非営利活動法人　うりずん,東宏明,R04.06.28,R04.06.28,第05202200303号,OK,南部保健所,特定非営利活動法人　うりずん,098,              ,,,,浦添市宮城４－１－３,沖縄県浦添市宮城４－１－３,サワーコートみやぎ２０３,215706,沖縄県,浦添市,宮城４,,R04.06.28,R04.06.28,,,特定非営利活動法人　うりずん, 東宏明,,,,,,,,,第05202200303号,,菓子製造業,菓子製造業,,,466_沖縄県_南部保健所_食品衛生(許可)_2022年06月-2022年07月_末日_新規,,,,,,,,,,,,,,,,,,,,
うちなー菓子工房こだわり屋,,浦添市大平４４８－１,メゾンいちひろ１Ｆ,098-877-7888  ,菓子製造業,菓子製造業,上原智恵,,R04.06.28,R04.06.28,第05202200304号,OK,南部保健所,うちなー菓子工房こだわり屋,098,098-877-7888  ,,,,浦添市大平４４８－１,沖縄県浦添市大平４４８－１,メゾンいちひろ１Ｆ,702034,沖縄県,浦添市,大平,,R04.06.28,R04.06.28,,,,上原智恵 ,,,,,,,,,第05202200304号,,菓子製造業,菓子製造業,,,466_沖縄県_南部保健所_食品衛生(許可)_2022年06月-2022年07月_末日_新規,,,,,,,,,,,,,,,,,,,,
ファミリーマート西原工業団地店,,西原町小那覇５４６,,098-944-6200  ,飲食店営業,そうざい,知名正志,,R04.06.29,R04.06.29,第05202200315号,OK,南部保健所,ファミリーマート西原工業団地店,,098-944-6200  ,,,,西原町小那覇５４６,沖縄県西原町小那覇５４６,,,沖縄県,,,,R04.06.29,R04.06.29,,,,知名正志 ,,,,,,,,,第05202200315号,,飲食店営業,そうざい,,,466_沖縄県_南部保健所_食品衛生(許可)_2022年06月-2022年07月_末日_新規,,,,,,,,,,,,,,,,,,,,
Ｏ－ＮＡ－Ｚ　ＢＡＲ,,与那原町字与那原３１７８－４,ハーモニービル３Ｆ　４０２,              ,飲食店営業,バー,城間隆行,,R04.06.29,R04.06.29,第05202200312号,OK,南部保健所,Ｏ－ＮＡ－Ｚ　ＢＡＲ,,              ,,,,与那原町字与那原３１７８－４,沖縄県与那原町字与那原３１７８－４,ハーモニービル３Ｆ　４０２,,沖縄県,,,,R04.06.29,R04.06.29,,,,城間隆行 ,,,,,,,,,第05202200312号,,飲食店営業,バー,,,466_沖縄県_南部保健所_食品衛生(許可)_2022年06月-2022年07月_末日_新規,,,,,,,,,,,,,,,,,,,,
ＩＣＵ,,渡嘉敷村字阿波連１２４,,098-987-3422  ,飲食店営業,バー,大本崇,,R04.06.29,R04.06.29,第05202200314号,OK,南部保健所,ＩＣＵ,,098-987-3422  ,,,,渡嘉敷村字阿波連１２４,沖縄県渡嘉敷村字阿波連１２４,,,沖縄県,,,,R04.06.29,R04.06.29,,,,大本崇 ,,,,,,,,,第05202200314号,,飲食店営業,バー,,,466_沖縄県_南部保健所_食品衛生(許可)_2022年06月-2022年07月_末日_新規,,,,,,,,,,,,,,,,,,,,
居酒屋　ぶんぶん,,与那原町字与那原３８４５－２,丸英マンション１０１,098-944-1177  ,飲食店営業,居酒屋,米田勝,,R04.06.29,R04.06.29,第05202200310号,OK,南部保健所,居酒屋　ぶんぶん,,098-944-1177  ,,,,与那原町字与那原３８４５－２,沖縄県与那原町字与那原３８４５－２,丸英マンション１０１,,沖縄県,,,,R04.06.29,R04.06.29,,,,米田勝 ,,,,,,,,,第05202200310号,,飲食店営業,居酒屋,,,466_沖縄県_南部保健所_食品衛生(許可)_2022年06月-2022年07月_末日_新規,,,,,,,,,,,,,,,,,,,,
軽食の店　めぐみ,,南城市大里字仲間９３３－１,,098-945-6369  ,飲食店営業,食堂,比嘉初江,,R04.06.29,R04.06.29,第05202200313号,OK,南部保健所,軽食の店　めぐみ,098,098-945-6369  ,,,,南城市大里字仲間９３３－１,沖縄県南城市大里字仲間９３３－１,,216126,沖縄県,南城市,大里,,R04.06.29,R04.06.29,,,,比嘉初江 ,,,,,,,,,第05202200313号,,飲食店営業,食堂,,,466_沖縄県_南部保健所_食品衛生(許可)_2022年06月-2022年07月_末日_新規,,,,,,,,,,,,,,,,,,,,
ほっともっと　与那原東浜店,,与那原町字東浜７６－１,マンションアンビシャス３（１０５）,098-946-7209  ,飲食店営業,弁当屋,株式会社知栄,知名亮一,R04.06.29,R04.06.29,第05202200311号,OK,南部保健所,ほっともっと　与那原東浜店,,098-946-7209  ,,,,与那原町字東浜７６－１,沖縄県与那原町字東浜７６－１,マンションアンビシャス３（１０５）,,沖縄県,,,,R04.06.29,R04.06.29,,,株式会社知栄, 知名亮一,,,,,,,,,第05202200311号,,飲食店営業,弁当屋,,,466_沖縄県_南部保健所_食品衛生(許可)_2022年06月-2022年07月_末日_新規,,,,,,,,,,,,,,,,,,,,
リラ,,浦添市安波茶２－１－６,サンシティビルＢ１階１,              ,飲食店営業,スナック,浦崎智子,,R04.06.30,R04.06.30,第05202200321号,OK,南部保健所,リラ,098,              ,,,,浦添市安波茶２－１－６,沖縄県浦添市安波茶２－１－６,サンシティビルＢ１階１,215642,沖縄県,浦添市,安波茶２,,R04.06.30,R04.06.30,,,,浦崎智子 ,,,,,,,,,第05202200321号,,飲食店営業,スナック,,,466_沖縄県_南部保健所_食品衛生(許可)_2022年06月-2022年07月_末日_新規,,,,,,,,,,,,,,,,,,,,
ファミリーマート　八重瀬外間店,,八重瀬町外間101-1,,098-835-7555  ,飲食店営業,そうざい,仲里武英,,R04.06.30,R04.06.30,第05202200344号,OK,南部保健所,ファミリーマート　八重瀬外間店,,098-835-7555  ,,,,八重瀬町外間101-1,沖縄県八重瀬町外間１０１－１,,,沖縄県,,,,R04.06.30,R04.06.30,,,,仲里武英 ,,,,,,,,,第05202200344号,,飲食店営業,そうざい,,,466_沖縄県_南部保健所_食品衛生(許可)_2022年06月-2022年07月_末日_新規,,,,,,,,,,,,,,,,,,,,
タウンプラザかねひで広栄店,,浦添市西原２－５－１,,098-877-0807  ,そうざい製造業,そうざい製造業,金秀商事株式会社,知念三也,R04.06.30,R04.06.30,第05202200330号,OK,南部保健所,タウンプラザかねひで広栄店,098,098-877-0807  ,,,,浦添市西原２－５－１,沖縄県浦添市西原２－５－１,,215683,沖縄県,浦添市,西原２,,R04.06.30,R04.06.30,,,金秀商事株式会社, 知念三也,,,,,,,,,第05202200330号,,そうざい製造業,そうざい製造業,,,466_沖縄県_南部保健所_食品衛生(許可)_2022年06月-2022年07月_末日_新規,,,,,,,,,,,,,,,,,,,,
ＴＥＡ　ＲＯＯＭ　エイト,,南風原町津嘉山１６０３,（１F）,              ,飲食店営業,その他,上原勝也,,R04.06.30,R04.06.30,第05202200345号,OK,南部保健所,ＴＥＡ　ＲＯＯＭ　エイト,,              ,,,,南風原町津嘉山１６０３,沖縄県南風原町津嘉山１６０３,（１F）,,沖縄県,,,,R04.06.30,R04.06.30,,,,上原勝也 ,,,,,,,,,第05202200345号,,飲食店営業,その他,,,466_沖縄県_南部保健所_食品衛生(許可)_2022年06月-2022年07月_末日_新規,,,,,,,,,,,,,,,,,,,,
琉球大学　カフェテリア,,西原町千原１,,              ,飲食店営業,一般食堂・レストラン,株式会社喜多山フードサービス,久場阿紀男,R04.06.30,R04.06.30,第05202200325号,OK,南部保健所,琉球大学　カフェテリア,,              ,,,,西原町千原１,沖縄県西原町千原１,,,沖縄県,,,,R04.06.30,R04.06.30,,,株式会社喜多山フードサービス, 久場阿紀男,,,,,,,,,第05202200325号,,飲食店営業,一般食堂・レストラン,,,466_沖縄県_南部保健所_食品衛生(許可)_2022年06月-2022年07月_末日_新規,,,,,,,,,,,,,,,,,,,,
有料老人ホーム　はーとらいふ,,西原町字小那覇１６０６,,098-946-9877  ,飲食店営業,一般食堂・レストラン,シダックスフードサービス株式会社,佐藤好男,R04.06.30,R04.06.30,第05202200324号,OK,南部保健所,有料老人ホーム　はーとらいふ,,098-946-9877  ,,,,西原町字小那覇１６０６,沖縄県西原町字小那覇１６０６,,,沖縄県,,,,R04.06.30,R04.06.30,,,シダックスフードサービス株式会社, 佐藤好男,,,,,,,,,第05202200324号,,飲食店営業,一般食堂・レストラン,,,466_沖縄県_南部保健所_食品衛生(許可)_2022年06月-2022年07月_末日_新規,,,,,,,,,,,,,,,,,,,,
もずくそばの店　くんなとぅ,,南城市玉城字志堅原４６０－２,,098-949-1066  ,飲食店営業,一般食堂・レストラン,有限会社マルミネ産業,嶺井達也,R04.06.30,R04.06.30,第05202200351号,OK,南部保健所,もずくそばの店　くんなとぅ,098,098-949-1066  ,,,,南城市玉城字志堅原４６０－２,沖縄県南城市玉城字志堅原４６０－２,,216128,沖縄県,南城市,玉城,,R04.06.30,R04.06.30,,,有限会社マルミネ産業, 嶺井達也,,,,,,,,,第05202200351号,,飲食店営業,一般食堂・レストラン,,,466_沖縄県_南部保健所_食品衛生(許可)_2022年06月-2022年07月_末日_新規,,,,,,,,,,,,,,,,,,,,
有限会社　百栄,,豊見城市字豊見城６００－１,ケアテラス梢,098-996-1171  ,飲食店営業,一般食堂・レストラン,有限会社　百栄,恩田眞弓,R04.06.30,R04.06.30,第05202200334号,OK,南部保健所,有限会社　百栄,098,098-996-1171  ,,,,豊見城市字豊見城６００－１,沖縄県豊見城市字豊見城６００－１,ケアテラス梢,216015,沖縄県,豊見城市,豊見城,,R04.06.30,R04.06.30,,,有限会社　百栄, 恩田眞弓,,,,,,,,,第05202200334号,,飲食店営業,一般食堂・レストラン,,,466_沖縄県_南部保健所_食品衛生(許可)_2022年06月-2022年07月_末日_新規,,,,,,,,,,,,,,,,,,,,
ファミリーマート　八重瀬外間店,,八重瀬町外間101-1,,098-835-7555  ,菓子製造業,菓子製造業,仲里武英,,R04.06.30,R04.06.30,第05202200343号,OK,南部保健所,ファミリーマート　八重瀬外間店,,098-835-7555  ,,,,八重瀬町外間101-1,沖縄県八重瀬町外間１０１－１,,,沖縄県,,,,R04.06.30,R04.06.30,,,,仲里武英 ,,,,,,,,,第05202200343号,,菓子製造業,菓子製造業,,,466_沖縄県_南部保健所_食品衛生(許可)_2022年06月-2022年07月_末日_新規,,,,,,,,,,,,,,,,,,,,
琉球ドルチェテラス,,豊見城市字宜保282－3,オレンジマンション102号,098-850-8698  ,菓子製造業,菓子製造業,株式会社　琉球ドルチェテラス,前堀誠,R04.06.30,R04.06.30,第05202200333号,OK,南部保健所,琉球ドルチェテラス,098,098-850-8698  ,,,,豊見城市字宜保282－3,沖縄県豊見城市字宜保２８２－３,オレンジマンション102号,216003,沖縄県,豊見城市,宜保２,,R04.06.30,R04.06.30,,,株式会社　琉球ドルチェテラス, 前堀誠,,,,,,,,,第05202200333号,,菓子製造業,菓子製造業,,,466_沖縄県_南部保健所_食品衛生(許可)_2022年06月-2022年07月_末日_新規,,,,,,,,,,,,,,,,,,,,
タウンプラザかねひで広栄店,,浦添市西原２－５－１,,098-877-0807  ,菓子製造業,菓子製造業,金秀商事株式会社,知念三也,R04.06.30,R04.06.30,第05202200327号,OK,南部保健所,タウンプラザかねひで広栄店,098,098-877-0807  ,,,,浦添市西原２－５－１,沖縄県浦添市西原２－５－１,,215683,沖縄県,浦添市,西原２,,R04.06.30,R04.06.30,,,金秀商事株式会社, 知念三也,,,,,,,,,第05202200327号,,菓子製造業,菓子製造業,,,466_沖縄県_南部保健所_食品衛生(許可)_2022年06月-2022年07月_末日_新規,,,,,,,,,,,,,,,,,,,,
有限会社マルミネ産業,,南城市玉城字志堅原４５８,１０８,949-1066      ,菓子製造業,菓子製造業,有限会社マルミネ産業,嶺井達也,R04.06.30,R04.06.30,第05202200350号,OK,南部保健所,有限会社マルミネ産業,098,949-1066      ,,,,南城市玉城字志堅原４５８,沖縄県南城市玉城字志堅原４５８,１０８,216128,沖縄県,南城市,玉城,,R04.06.30,R04.06.30,,,有限会社マルミネ産業, 嶺井達也,,,,,,,,,第05202200350号,,菓子製造業,菓子製造業,,,466_沖縄県_南部保健所_食品衛生(許可)_2022年06月-2022年07月_末日_新規,,,,,,,,,,,,,,,,,,,,
酒場のバクレン,,浦添市安波茶２－１－６,サンシティービル１－Ｂ号,              ,飲食店営業,居酒屋,新城直也,,R04.06.30,R04.06.30,第05202200378号,OK,南部保健所,酒場のバクレン,098,              ,,,,浦添市安波茶２－１－６,沖縄県浦添市安波茶２－１－６,サンシティービル１－Ｂ号,215642,沖縄県,浦添市,安波茶２,,R04.06.30,R04.06.30,,,,新城直也 ,,,,,,,,,第05202200378号,,飲食店営業,居酒屋,,,466_沖縄県_南部保健所_食品衛生(許可)_2022年06月-2022年07月_末日_新規,,,,,,,,,,,,,,,,,,,,
わらい,,豊見城市字根差部７２７－１０１号,,098-850-1644  ,飲食店営業,居酒屋,株式会社チーム・ザヤス,座安雄照,R04.06.30,R04.06.30,第05202200332号,OK,南部保健所,わらい,098,098-850-1644  ,,,,豊見城市字根差部７２７－１０１号,沖縄県豊見城市字根差部７２７－１０１号,,216019,沖縄県,豊見城市,根差部,,R04.06.30,R04.06.30,,,株式会社チーム・ザヤス, 座安雄照,,,,,,,,,第05202200332号,,飲食店営業,居酒屋,,,466_沖縄県_南部保健所_食品衛生(許可)_2022年06月-2022年07月_末日_新規,,,,,,,,,,,,,,,,,,,,
カジュアル居酒屋　さとう,,糸満市西崎６－１１－３,１０１,098-996-5306  ,飲食店営業,居酒屋,佐藤賢,,R04.06.30,R04.06.30,第05202200380号,OK,南部保健所,カジュアル居酒屋　さとう,098,098-996-5306  ,,,,糸満市西崎６－１１－３,沖縄県糸満市西崎６－１１－３,１０１,215850,沖縄県,糸満市,西崎６,,R04.06.30,R04.06.30,,,,佐藤賢 ,,,,,,,,,第05202200380号,,飲食店営業,居酒屋,,,466_沖縄県_南部保健所_食品衛生(許可)_2022年06月-2022年07月_末日_新規,,,,,,,,,,,,,,,,,,,,
タウンプラザかねひで広栄店,,浦添市西原２－５－１,,098-877-0807  ,魚介類販売業,魚介類販売業,金秀商事株式会社,知念三也,R04.06.30,R04.06.30,第05202200328号,OK,南部保健所,タウンプラザかねひで広栄店,098,098-877-0807  ,,,,浦添市西原２－５－１,沖縄県浦添市西原２－５－１,,215683,沖縄県,浦添市,西原２,,R04.06.30,R04.06.30,,,金秀商事株式会社, 知念三也,,,,,,,,,第05202200328号,,魚介類販売業,魚介類販売業,,,466_沖縄県_南部保健所_食品衛生(許可)_2022年06月-2022年07月_末日_新規,,,,,,,,,,,,,,,,,,,,
タウンプラザかねひで広栄店,,浦添市西原２－５－１,,098-877-0807  ,飲食店営業,寿司屋,金秀商事株式会社,知念三也,R04.06.30,R04.06.30,第05202200331号,OK,南部保健所,タウンプラザかねひで広栄店,098,098-877-0807  ,,,,浦添市西原２－５－１,沖縄県浦添市西原２－５－１,,215683,沖縄県,浦添市,西原２,,R04.06.30,R04.06.30,,,金秀商事株式会社, 知念三也,,,,,,,,,第05202200331号,,飲食店営業,寿司屋,,,466_沖縄県_南部保健所_食品衛生(許可)_2022年06月-2022年07月_末日_新規,,,,,,,,,,,,,,,,,,,,
タウンプラザかねひで広栄店,,浦添市西原２－５－１,,098-877-0807  ,食肉販売業,食肉販売業,金秀商事株式会社,知念三也,R04.06.30,R04.06.30,第05202200329号,OK,南部保健所,タウンプラザかねひで広栄店,098,098-877-0807  ,,,,浦添市西原２－５－１,沖縄県浦添市西原２－５－１,,215683,沖縄県,浦添市,西原２,,R04.06.30,R04.06.30,,,金秀商事株式会社, 知念三也,,,,,,,,,第05202200329号,,食肉販売業,食肉販売業,,,466_沖縄県_南部保健所_食品衛生(許可)_2022年06月-2022年07月_末日_新規,,,,,,,,,,,,,,,,,,,,
ぴあす,,南風原町字津嘉山８０９－６,東宝ビル７（２０４）,              ,飲食店営業,スナック,赤嶺香,,R04.07.01,R04.07.01,第05202200339号,OK,南部保健所,ぴあす,,              ,,,,南風原町字津嘉山８０９－６,沖縄県南風原町字津嘉山８０９－６,東宝ビル７（２０４）,,沖縄県,,,,R04.07.01,R04.07.01,,,,赤嶺香 ,,,,,,,,,第05202200339号,,飲食店営業,スナック,,,466_沖縄県_南部保健所_食品衛生(許可)_2022年06月-2022年07月_末日_新規,,,,,,,,,,,,,,,,,,,,
エリスリーナ西原　ヒルズガーデン,,西原町字津花波４３１,,098-946-5555  ,そうざい製造業,そうざい製造業,沖縄ワタベウェディング株式会社,田渕浩之,R04.07.01,R04.07.01,第05202200323号,OK,南部保健所,エリスリーナ西原　ヒルズガーデン,,098-946-5555  ,,,,西原町字津花波４３１,沖縄県西原町字津花波４３１,,,沖縄県,,,,R04.07.01,R04.07.01,,,沖縄ワタベウェディング株式会社, 田渕浩之,,,,,,,,,第05202200323号,,そうざい製造業,そうざい製造業,,,466_沖縄県_南部保健所_食品衛生(許可)_2022年06月-2022年07月_末日_新規,,,,,,,,,,,,,,,,,,,,
ＦｒｕｉｔＬａｂ,,南城市玉城前川１３３６,さとうきび館フルーツラボ,              ,飲食店営業,その他,株式会社ＦｒｕｉｔＬａｂ,比嘉幸浩,R04.07.01,R04.07.01,第05202200340号,OK,南部保健所,ＦｒｕｉｔＬａｂ,098,              ,,,,南城市玉城前川１３３６,沖縄県南城市玉城前川１３３６,さとうきび館フルーツラボ,216128,沖縄県,南城市,玉城,,R04.07.01,R04.07.01,,,株式会社ＦｒｕｉｔＬａｂ, 比嘉幸浩,,,,,,,,,第05202200340号,,飲食店営業,その他,,,466_沖縄県_南部保健所_食品衛生(許可)_2022年06月-2022年07月_末日_新規,,,,,,,,,,,,,,,,,,,,
Ｓｏｇｎａｒｅ　Ｃａｆｅ,,南風原町字新川５３８,,098-888-0591  ,飲食店営業,食堂,社会福祉法人　千尋会,田崎琢二,R04.07.01,R04.07.01,第05202200319号,OK,南部保健所,Ｓｏｇｎａｒｅ　Ｃａｆｅ,,098-888-0591  ,,,,南風原町字新川５３８,沖縄県南風原町字新川５３８,,,沖縄県,,,,R04.07.01,R04.07.01,,,社会福祉法人　千尋会, 田崎琢二,,,,,,,,,第05202200319号,,飲食店営業,食堂,,,466_沖縄県_南部保健所_食品衛生(許可)_2022年06月-2022年07月_末日_新規,,,,,,,,,,,,,,,,,,,,
寿（ことぶき）,,南城市佐敷字津波古４４３,,              ,飲食店営業,弁当屋,宮城奈々,,R04.07.01,R04.07.01,第05202200341号,OK,南部保健所,寿（ことぶき）,098,              ,,,,南城市佐敷字津波古４４３,沖縄県南城市佐敷字津波古４４３,,216127,沖縄県,南城市,佐敷,,R04.07.01,R04.07.01,,,,宮城奈々 ,,,,,,,,,第05202200341号,,飲食店営業,弁当屋,,,466_沖縄県_南部保健所_食品衛生(許可)_2022年06月-2022年07月_末日_新規,,,,,,,,,,,,,,,,,,,,
ＳＰＯＲＴＳ　ＢＡＲ　３,,糸満市西崎６－１６－２,,              ,飲食店営業,バー,谷村美咲,,R04.07.05,R04.07.05,第05202200338号,OK,南部保健所,ＳＰＯＲＴＳ　ＢＡＲ　３,098,              ,,,,糸満市西崎６－１６－２,沖縄県糸満市西崎６－１６－２,,215850,沖縄県,糸満市,西崎６,,R04.07.05,R04.07.05,,,,谷村美咲 ,,,,,,,,,第05202200338号,,飲食店営業,バー,,,466_沖縄県_南部保健所_食品衛生(許可)_2022年06月-2022年07月_末日_新規,,,,,,,,,,,,,,,,,,,,
そば太郎　浦添店,,浦添市伊祖１－１１－２１,照屋店舗１階,              ,飲食店営業,一般食堂・レストラン,羽賀篤史,,R04.07.05,R04.07.05,第05202200347号,OK,南部保健所,そば太郎　浦添店,098,              ,,,,浦添市伊祖１－１１－２１,沖縄県浦添市伊祖１－１１－２１,照屋店舗１階,215644,沖縄県,浦添市,伊祖１,,R04.07.05,R04.07.05,,,,羽賀篤史 ,,,,,,,,,第05202200347号,,飲食店営業,一般食堂・レストラン,,,466_沖縄県_南部保健所_食品衛生(許可)_2022年06月-2022年07月_末日_新規,,,,,,,,,,,,,,,,,,,,
ＳＡＭＩＤＡＲＥ　ＷＯＲＫＳ　２６９,,糸満市糸満９８９－８３,Ｄ１,              ,飲食店営業,一般食堂・レストラン,宇和田大二郎,,R04.07.05,R04.07.05,第05202200337号,OK,南部保健所,ＳＡＭＩＤＡＲＥ　ＷＯＲＫＳ　２６９,098,              ,,,,糸満市糸満９８９－８３,沖縄県糸満市糸満９８９－８３,Ｄ１,215815,沖縄県,糸満市,糸満,,R04.07.05,R04.07.05,,,,宇和田大二郎 ,,,,,,,,,第05202200337号,,飲食店営業,一般食堂・レストラン,,,466_沖縄県_南部保健所_食品衛生(許可)_2022年06月-2022年07月_末日_新規,,,,,,,,,,,,,,,,,,,,
ＳＡＭＩＤＡＲＥ　ＷＯＲＫＳ　２６９,,糸満市糸満９８９－８３,Ｄ１,              ,菓子製造業,菓子製造業,宇和田大二郎,,R04.07.05,R04.07.05,第05202200336号,OK,南部保健所,ＳＡＭＩＤＡＲＥ　ＷＯＲＫＳ　２６９,098,              ,,,,糸満市糸満９８９－８３,沖縄県糸満市糸満９８９－８３,Ｄ１,215815,沖縄県,糸満市,糸満,,R04.07.05,R04.07.05,,,,宇和田大二郎 ,,,,,,,,,第05202200336号,,菓子製造業,菓子製造業,,,466_沖縄県_南部保健所_食品衛生(許可)_2022年06月-2022年07月_末日_新規,,,,,,,,,,,,,,,,,,,,
小田原元祖唐揚げ三平　沖縄パルコシティ店,,浦添市西州３－１－１,サンエー浦添西海岸ＰＡＲＣＯ　ＣＩＴＹ,098-874-2150  ,菓子製造業,菓子製造業,有限会社ラハイナ,糸満修一郎,R04.07.05,R04.07.05,第05202200346号,OK,南部保健所,小田原元祖唐揚げ三平　沖縄パルコシティ店,098,098-874-2150  ,,,,浦添市西州３－１－１,沖縄県浦添市西州３－１－１,サンエー浦添西海岸ＰＡＲＣＯ　ＣＩＴＹ,215640,沖縄県,浦添市,,,R04.07.05,R04.07.05,,,有限会社ラハイナ, 糸満修一郎,,,,,,,,,第05202200346号,,菓子製造業,菓子製造業,,,466_沖縄県_南部保健所_食品衛生(許可)_2022年06月-2022年07月_末日_新規,,,,,,,,,,,,,,,,,,,,
カラオケスナックさつき,,糸満市字糸満１９８７－１,,              ,飲食店営業,スナック,友利秋子,,R04.07.08,R04.07.08,第05202200355号,OK,南部保健所,カラオケスナックさつき,098,              ,,,,糸満市字糸満１９８７－１,沖縄県糸満市字糸満１９８７－１,,215815,沖縄県,糸満市,糸満,,R04.07.08,R04.07.08,,,,友利秋子 ,,,,,,,,,第05202200355号,,飲食店営業,スナック,,,466_沖縄県_南部保健所_食品衛生(許可)_2022年06月-2022年07月_末日_新規,,,,,,,,,,,,,,,,,,,,
ｃａｆｅ　ｆｔｕｆｔｕ,,南城市玉城字玉城２２－２,,              ,そうざい製造業,そうざい製造業,株式会社Ａ．Ｓ．Ｔ．ｍａｎａｇｅｍｅｎｔ,知念香,R04.07.08,R04.07.08,第05202200358号,OK,南部保健所,ｃａｆｅ　ｆｔｕｆｔｕ,098,              ,,,,南城市玉城字玉城２２－２,沖縄県南城市玉城字玉城２２－２,,216128,沖縄県,南城市,玉城,,R04.07.08,R04.07.08,,,株式会社Ａ．Ｓ．Ｔ．ｍａｎａｇｅｍｅｎｔ, 知念香,,,,,,,,,第05202200358号,,そうざい製造業,そうざい製造業,,,466_沖縄県_南部保健所_食品衛生(許可)_2022年06月-2022年07月_末日_新規,,,,,,,,,,,,,,,,,,,,
魚ひろ,,八重瀬町港川３０４,玉城方１階,              ,そうざい製造業,そうざい製造業,具志堅弘美,,R04.07.08,R04.07.08,第05202200354号,OK,南部保健所,魚ひろ,,              ,,,,八重瀬町港川３０４,沖縄県八重瀬町港川３０４,玉城方１階,,沖縄県,,,,R04.07.08,R04.07.08,,,,具志堅弘美 ,,,,,,,,,第05202200354号,,そうざい製造業,そうざい製造業,,,466_沖縄県_南部保健所_食品衛生(許可)_2022年06月-2022年07月_末日_新規,,,,,,,,,,,,,,,,,,,,
大東ラグーン　パン工場,,北大東村字中野２１９,,09802-3-4428  ,そうざい製造業,そうざい製造業,一般社団法人北大東島振興機構,濱岡一善,R04.07.08,R04.07.08,第05202200362号,OK,南部保健所,大東ラグーン　パン工場,,09802-3-4428  ,,,,北大東村字中野２１９,沖縄県北大東村字中野２１９,,,沖縄県,,,,R04.07.08,R04.07.08,,,一般社団法人北大東島振興機構, 濱岡一善,,,,,,,,,第05202200362号,,そうざい製造業,そうざい製造業,,,466_沖縄県_南部保健所_食品衛生(許可)_2022年06月-2022年07月_末日_新規,,,,,,,,,,,,,,,,,,,,
より道ＳＴＡＮＤ　ばあちゃんち,,西原町字小那覇２０５,,              ,飲食店営業,パーラー,伊集奈利,,R04.07.08,R04.07.08,第05202200363号,OK,南部保健所,より道ＳＴＡＮＤ　ばあちゃんち,,              ,,,,西原町字小那覇２０５,沖縄県西原町字小那覇２０５,,,沖縄県,,,,R04.07.08,R04.07.08,,,,伊集奈利 ,,,,,,,,,第05202200363号,,飲食店営業,パーラー,,,466_沖縄県_南部保健所_食品衛生(許可)_2022年06月-2022年07月_末日_新規,,,,,,,,,,,,,,,,,,,,
魚ひろ,,八重瀬町港川３０４,玉城方１階,              ,飲食店営業,パーラー,具志堅弘美,,R04.07.08,R04.07.08,第05202200352号,OK,南部保健所,魚ひろ,,              ,,,,八重瀬町港川３０４,沖縄県八重瀬町港川３０４,玉城方１階,,沖縄県,,,,R04.07.08,R04.07.08,,,,具志堅弘美 ,,,,,,,,,第05202200352号,,飲食店営業,パーラー,,,466_沖縄県_南部保健所_食品衛生(許可)_2022年06月-2022年07月_末日_新規,,,,,,,,,,,,,,,,,,,,
ｃａｆｅ　ｆｔｕｆｔｕ,,南城市玉城字玉城２２－２,,              ,飲食店営業,レストラン,株式会社Ａ．Ｓ．Ｔ．ｍａｎａｇｅｍｅｎｔ,知念香,R04.07.08,R04.07.08,第05202200359号,OK,南部保健所,ｃａｆｅ　ｆｔｕｆｔｕ,098,              ,,,,南城市玉城字玉城２２－２,沖縄県南城市玉城字玉城２２－２,,216128,沖縄県,南城市,玉城,,R04.07.08,R04.07.08,,,株式会社Ａ．Ｓ．Ｔ．ｍａｎａｇｅｍｅｎｔ, 知念香,,,,,,,,,第05202200359号,,飲食店営業,レストラン,,,466_沖縄県_南部保健所_食品衛生(許可)_2022年06月-2022年07月_末日_新規,,,,,,,,,,,,,,,,,,,,
大東ラグーン　空港喫茶,,北大東村字南１９－１６,,,飲食店営業,レストラン,一般社団法人北大東島振興機構,濱岡一善,R04.07.08,R04.07.08,第05202200360号,OK,南部保健所,大東ラグーン　空港喫茶,,,,,,北大東村字南１９－１６,沖縄県北大東村字南１９－１６,,,沖縄県,,,,R04.07.08,R04.07.08,,,一般社団法人北大東島振興機構, 濱岡一善,,,,,,,,,第05202200360号,,飲食店営業,レストラン,,,466_沖縄県_南部保健所_食品衛生(許可)_2022年06月-2022年07月_末日_新規,,,,,,,,,,,,,,,,,,,,
ｃａｆｅ　ｆｔｕｆｔｕ,,南城市玉城字玉城２２－２,,              ,菓子製造業,菓子製造業,株式会社Ａ．Ｓ．Ｔ．ｍａｎａｇｅｍｅｎｔ,知念香,R04.07.08,R04.07.08,第05202200356号,OK,南部保健所,ｃａｆｅ　ｆｔｕｆｔｕ,098,              ,,,,南城市玉城字玉城２２－２,沖縄県南城市玉城字玉城２２－２,,216128,沖縄県,南城市,玉城,,R04.07.08,R04.07.08,,,株式会社Ａ．Ｓ．Ｔ．ｍａｎａｇｅｍｅｎｔ, 知念香,,,,,,,,,第05202200356号,,菓子製造業,菓子製造業,,,466_沖縄県_南部保健所_食品衛生(許可)_2022年06月-2022年07月_末日_新規,,,,,,,,,,,,,,,,,,,,
大東ラグーン　パン工場,,北大東村字中野２１９,,09802-3-4428  ,菓子製造業,菓子製造業,一般社団法人北大東島振興機構,濱岡一善,R04.07.08,R04.07.08,第05202200361号,OK,南部保健所,大東ラグーン　パン工場,,09802-3-4428  ,,,,北大東村字中野２１９,沖縄県北大東村字中野２１９,,,沖縄県,,,,R04.07.08,R04.07.08,,,一般社団法人北大東島振興機構, 濱岡一善,,,,,,,,,第05202200361号,,菓子製造業,菓子製造業,,,466_沖縄県_南部保健所_食品衛生(許可)_2022年06月-2022年07月_末日_新規,,,,,,,,,,,,,,,,,,,,
魚ひろ,,八重瀬町港川３０４,玉城方１階,              ,魚介類販売業,魚介類販売業,具志堅弘美,,R04.07.08,R04.07.08,第05202200353号,OK,南部保健所,魚ひろ,,              ,,,,八重瀬町港川３０４,沖縄県八重瀬町港川３０４,玉城方１階,,沖縄県,,,,R04.07.08,R04.07.08,,,,具志堅弘美 ,,,,,,,,,第05202200353号,,魚介類販売業,魚介類販売業,,,466_沖縄県_南部保健所_食品衛生(許可)_2022年06月-2022年07月_末日_新規,,,,,,,,,,,,,,,,,,,,
さくら,,浦添市西原１－１１－２,棚原アパート１０１,              ,飲食店営業,小料理,屋比久直美,,R04.07.08,R04.07.08,第05202200364号,OK,南部保健所,さくら,098,              ,,,,浦添市西原１－１１－２,沖縄県浦添市西原１－１１－２,棚原アパート１０１,215682,沖縄県,浦添市,西原１,,R04.07.08,R04.07.08,,,,屋比久直美 ,,,,,,,,,第05202200364号,,飲食店営業,小料理,,,466_沖縄県_南部保健所_食品衛生(許可)_2022年06月-2022年07月_末日_新規,,,,,,,,,,,,,,,,,,,,
ｃａｆｅ　ｆｔｕｆｔｕ,,南城市玉城字玉城２２－２,,              ,漬物製造業,漬物製造,株式会社Ａ．Ｓ．Ｔ．ｍａｎａｇｅｍｅｎｔ,知念香,R04.07.08,R04.07.08,第05202200357号,OK,南部保健所,ｃａｆｅ　ｆｔｕｆｔｕ,098,              ,,,,南城市玉城字玉城２２－２,沖縄県南城市玉城字玉城２２－２,,216128,沖縄県,南城市,玉城,,R04.07.08,R04.07.08,,,株式会社Ａ．Ｓ．Ｔ．ｍａｎａｇｅｍｅｎｔ, 知念香,,,,,,,,,第05202200357号,,漬物製造業,漬物製造,,,466_沖縄県_南部保健所_食品衛生(許可)_2022年06月-2022年07月_末日_新規,,,,,,,,,,,,,,,,,,,,
さわやか,,糸満市西崎６－２－１,エバープラザビル２Ｆ（Ｍ－２）,              ,飲食店営業,スナック,上原和香子,,R04.07.12,R04.07.12,第05202200368号,OK,南部保健所,さわやか,098,              ,,,,糸満市西崎６－２－１,沖縄県糸満市西崎６－２－１,エバープラザビル２Ｆ（Ｍ－２）,215850,沖縄県,糸満市,西崎６,,R04.07.12,R04.07.12,,,,上原和香子 ,,,,,,,,,第05202200368号,,飲食店営業,スナック,,,466_沖縄県_南部保健所_食品衛生(許可)_2022年06月-2022年07月_末日_新規,,,,,,,,,,,,,,,,,,,,
喫茶店ピノキオ　イオンタウン武富店,,糸満市武富仲間田原１９４,イオンタウン武富内,              ,飲食店営業,一般食堂・レストラン,株式会社　フジオフードシステム,藤尾政弘,R04.07.12,R04.07.12,第05202200369号,OK,南部保健所,喫茶店ピノキオ　イオンタウン武富店,098,              ,,,,糸満市武富仲間田原１９４,沖縄県糸満市武富仲間田原１９４,イオンタウン武富内,215829,沖縄県,糸満市,武富,,R04.07.12,R04.07.12,,,株式会社　フジオフードシステム, 藤尾政弘,,,,,,,,,第05202200369号,,飲食店営業,一般食堂・レストラン,,,466_沖縄県_南部保健所_食品衛生(許可)_2022年06月-2022年07月_末日_新規,,,,,,,,,,,,,,,,,,,,
ＣＬＵＢ　ＡＵＲＡ,,浦添市屋富祖３－６－５,屋富祖ビル４階,098-943-4929  ,飲食店営業,カフェー,糸数一美,,R04.07.13,R04.07.13,第05202200388号,OK,南部保健所,ＣＬＵＢ　ＡＵＲＡ,098,098-943-4929  ,,,,浦添市屋富祖３－６－５,沖縄県浦添市屋富祖３－６－５,屋富祖ビル４階,215712,沖縄県,浦添市,屋富祖３,,R04.07.13,R04.07.13,,,,糸数一美 ,,,,,,,,,第05202200388号,,飲食店営業,カフェー,,,466_沖縄県_南部保健所_食品衛生(許可)_2022年06月-2022年07月_末日_新規,,,,,,,,,,,,,,,,,,,,
セブン－イレブン豊見城宜保２丁目店,,豊見城市宜保２－１－２,,              ,飲食店営業,その他,上原竜二,,R04.07.13,R04.07.13,第05202200383号,OK,南部保健所,セブン－イレブン豊見城宜保２丁目店,098,              ,,,,豊見城市宜保２－１－２,沖縄県豊見城市宜保２－１－２,,216003,沖縄県,豊見城市,宜保２,,R04.07.13,R04.07.13,,,,上原竜二 ,,,,,,,,,第05202200383号,,飲食店営業,その他,,,466_沖縄県_南部保健所_食品衛生(許可)_2022年06月-2022年07月_末日_新規,,,,,,,,,,,,,,,,,,,,
ｊｊａｎｇ,,浦添市内間２－１１－１６－３０３,,              ,飲食店営業,バー,株式会社Ｈｏｒｉｚｏｎ,上江洌拓美,R04.07.13,R04.07.13,第05202200375号,OK,南部保健所,ｊｊａｎｇ,098,              ,,,,浦添市内間２－１１－１６－３０３,沖縄県浦添市内間２－１１－１６－３０３,,215650,沖縄県,浦添市,内間２,,R04.07.13,R04.07.13,,,株式会社Ｈｏｒｉｚｏｎ, 上江洌拓美,,,,,,,,,第05202200375号,,飲食店営業,バー,,,466_沖縄県_南部保健所_食品衛生(許可)_2022年06月-2022年07月_末日_新規,,,,,,,,,,,,,,,,,,,,
パールレディ,イオン南風原ショッピングセンター店,南風原町字宮平２６４,イオン南風原ショッピングセンター２階フードコート（７８４）,098-915-0250  ,飲食店営業,パーラー,株式会社フラップインターナショナル,高橋雅彦,R04.07.13,R04.07.13,第05202200374号,OK,南部保健所,パールレディ,,098-915-0250  ,,,,南風原町字宮平２６４,沖縄県南風原町字宮平２６４,イオン南風原ショッピングセンター２階フードコート（７８４）,,沖縄県,,,,R04.07.13,R04.07.13,,,株式会社フラップインターナショナル, 高橋雅彦,,,,,,,,,第05202200374号,,飲食店営業,パーラー,,,466_沖縄県_南部保健所_食品衛生(許可)_2022年06月-2022年07月_末日_新規,,,,,,,,,,,,,,,,,,,,
タコライスカフェきじむなぁイオン南風原店,,南風原町字宮平２６４,イオン南風原　２階フードコート内,,飲食店営業,レストラン,有限会社ベントス,大原拓,R04.07.13,R04.07.13,第05202200387号,OK,南部保健所,タコライスカフェきじむなぁイオン南風原店,,,,,,南風原町字宮平２６４,沖縄県南風原町字宮平２６４,イオン南風原　２階フードコート内,,沖縄県,,,,R04.07.13,R04.07.13,,,有限会社ベントス, 大原拓,,,,,,,,,第05202200387号,,飲食店営業,レストラン,,,466_沖縄県_南部保健所_食品衛生(許可)_2022年06月-2022年07月_末日_新規,,,,,,,,,,,,,,,,,,,,
アソビバワークス,,浦添市港川２－１５－１,３３号,              ,飲食店営業,一般食堂・レストラン,株式会社アイティオージャパン,伊藤貴庸,R04.07.13,R04.07.13,第05202200376号,OK,南部保健所,アソビバワークス,098,              ,,,,浦添市港川２－１５－１,沖縄県浦添市港川２－１５－１,３３号,215701,沖縄県,浦添市,港川２,,R04.07.13,R04.07.13,,,株式会社アイティオージャパン, 伊藤貴庸,,,,,,,,,第05202200376号,,飲食店営業,一般食堂・レストラン,,,466_沖縄県_南部保健所_食品衛生(許可)_2022年06月-2022年07月_末日_新規,,,,,,,,,,,,,,,,,,,,
カフェ・ド・クリエ　イオンタウンとよみ店,,豊見城市根差部７１０,,098-851-4805  ,飲食店営業,一般食堂・レストラン,株式会社ポッカクリエイト,上野修,R04.07.13,R04.07.13,第05202200372号,OK,南部保健所,カフェ・ド・クリエ　イオンタウンとよみ店,098,098-851-4805  ,,,,豊見城市根差部７１０,沖縄県豊見城市根差部７１０,,216019,沖縄県,豊見城市,根差部,,R04.07.13,R04.07.13,,,株式会社ポッカクリエイト, 上野修,,,,,,,,,第05202200372号,,飲食店営業,一般食堂・レストラン,,,466_沖縄県_南部保健所_食品衛生(許可)_2022年06月-2022年07月_末日_新規,,,,,,,,,,,,,,,,,,,,
沖縄ファミリーマート　屋富祖一丁目店,,浦添市屋富祖１－２－１４,,098-870-0660  ,飲食店営業,一般食堂・レストラン,阪本和代,,R04.07.13,R04.07.13,第05202200373号,OK,南部保健所,沖縄ファミリーマート　屋富祖一丁目店,098,098-870-0660  ,,,,浦添市屋富祖１－２－１４,沖縄県浦添市屋富祖１－２－１４,,215710,沖縄県,浦添市,屋富祖１,,R04.07.13,R04.07.13,,,,阪本和代 ,,,,,,,,,第05202200373号,,飲食店営業,一般食堂・レストラン,,,466_沖縄県_南部保健所_食品衛生(許可)_2022年06月-2022年07月_末日_新規,,,,,,,,,,,,,,,,,,,,
真く糖,,糸満市糸洲３３３－４,,098-997-3949  ,飲食店営業,一般食堂・レストラン,金城エイ子,,R04.07.13,R04.07.13,第05202200386号,OK,南部保健所,真く糖,098,098-997-3949  ,,,,糸満市糸洲３３３－４,沖縄県糸満市糸洲３３３－４,,215814,沖縄県,糸満市,糸洲,,R04.07.13,R04.07.13,,,,金城エイ子 ,,,,,,,,,第05202200386号,,飲食店営業,一般食堂・レストラン,,,466_沖縄県_南部保健所_食品衛生(許可)_2022年06月-2022年07月_末日_新規,,,,,,,,,,,,,,,,,,,,
株式会社ほうき星　牧港工場,,浦添市牧港５－３－３　ウエストテラス１０１,,              ,菓子製造業,菓子製造業,株式会社ほうき星,松永哲至,R04.07.13,R04.07.13,第05202200377号,OK,南部保健所,株式会社ほうき星　牧港工場,098,              ,,,,浦添市牧港５－３－３　ウエストテラス１０１,沖縄県浦添市牧港５－３－３ウエストテラス１０１,,215698,沖縄県,浦添市,牧港５,,R04.07.13,R04.07.13,,,株式会社ほうき星, 松永哲至,,,,,,,,,第05202200377号,,菓子製造業,菓子製造業,,,466_沖縄県_南部保健所_食品衛生(許可)_2022年06月-2022年07月_末日_新規,,,,,,,,,,,,,,,,,,,,
ＣＨＯＣＯＬＡＴＥ　ＰＡＳＳＩＯＮ,,糸満市字喜屋武１３３－１,,              ,菓子製造業,菓子製造業,鈴木エレナ,,R04.07.13,R04.07.13,第05202200382号,OK,南部保健所,ＣＨＯＣＯＬＡＴＥ　ＰＡＳＳＩＯＮ,098,              ,,,,糸満市字喜屋武１３３－１,沖縄県糸満市字喜屋武１３３－１,,215823,沖縄県,糸満市,喜屋武,,R04.07.13,R04.07.13,,,,鈴木エレナ ,,,,,,,,,第05202200382号,,菓子製造業,菓子製造業,,,466_沖縄県_南部保健所_食品衛生(許可)_2022年06月-2022年07月_末日_新規,,,,,,,,,,,,,,,,,,,,
真く糖,,糸満市糸洲３３３－４,,098-997-3949  ,菓子製造業,菓子製造業,金城エイ子,,R04.07.13,R04.07.13,第05202200384号,OK,南部保健所,真く糖,098,098-997-3949  ,,,,糸満市糸洲３３３－４,沖縄県糸満市糸洲３３３－４,,215814,沖縄県,糸満市,糸洲,,R04.07.13,R04.07.13,,,,金城エイ子 ,,,,,,,,,第05202200384号,,菓子製造業,菓子製造業,,,466_沖縄県_南部保健所_食品衛生(許可)_2022年06月-2022年07月_末日_新規,,,,,,,,,,,,,,,,,,,,
真く糖,,糸満市糸洲３３３－４,,098-997-3949  ,漬物製造業,漬物製造,金城エイ子,,R04.07.13,R04.07.13,第05202200385号,OK,南部保健所,真く糖,098,098-997-3949  ,,,,糸満市糸洲３３３－４,沖縄県糸満市糸洲３３３－４,,215814,沖縄県,糸満市,糸洲,,R04.07.13,R04.07.13,,,,金城エイ子 ,,,,,,,,,第05202200385号,,漬物製造業,漬物製造,,,466_沖縄県_南部保健所_食品衛生(許可)_2022年06月-2022年07月_末日_新規,,,,,,,,,,,,,,,,,,,,
おさかなぐしけん,,八重瀬町港川３０３,,              ,そうざい製造業,そうざい製造業,具志堅隆,,R04.07.15,R04.07.15,第05202200391号,OK,南部保健所,おさかなぐしけん,,              ,,,,八重瀬町港川３０３,沖縄県八重瀬町港川３０３,,,沖縄県,,,,R04.07.15,R04.07.15,,,,具志堅隆 ,,,,,,,,,第05202200391号,,そうざい製造業,そうざい製造業,,,466_沖縄県_南部保健所_食品衛生(許可)_2022年06月-2022年07月_末日_新規,,,,,,,,,,,,,,,,,,,,
手作り工房　まごころ亭,,西原町字与那城３３３－２,,              ,そうざい製造業,そうざい製造業,金城ひとみ,,R04.07.15,R04.07.15,第05202200406号,OK,南部保健所,手作り工房　まごころ亭,,              ,,,,西原町字与那城３３３－２,沖縄県西原町字与那城３３３－２,,,沖縄県,,,,R04.07.15,R04.07.15,,,,金城ひとみ ,,,,,,,,,第05202200406号,,そうざい製造業,そうざい製造業,,,466_沖縄県_南部保健所_食品衛生(許可)_2022年06月-2022年07月_末日_新規,,,,,,,,,,,,,,,,,,,,
タウンプラザかねひで,豊見城団地前店,豊見城市平良１０３－１,,098-850-4934  ,そうざい製造業,そうざい製造業,金秀商事株式会社,知念三也,R04.07.15,R04.07.15,第05202200403号,OK,南部保健所,タウンプラザかねひで,098,098-850-4934  ,,,,豊見城市平良１０３－１,沖縄県豊見城市平良１０３－１,,216009,沖縄県,豊見城市,平良,,R04.07.15,R04.07.15,,,金秀商事株式会社, 知念三也,,,,,,,,,第05202200403号,,そうざい製造業,そうざい製造業,,,466_沖縄県_南部保健所_食品衛生(許可)_2022年06月-2022年07月_末日_新規,,,,,,,,,,,,,,,,,,,,
おさかなぐしけん,,八重瀬町港川３０３,,              ,飲食店営業,一般食堂・レストラン,具志堅隆,,R04.07.15,R04.07.15,第05202200392号,OK,南部保健所,おさかなぐしけん,,              ,,,,八重瀬町港川３０３,沖縄県八重瀬町港川３０３,,,沖縄県,,,,R04.07.15,R04.07.15,,,,具志堅隆 ,,,,,,,,,第05202200392号,,飲食店営業,一般食堂・レストラン,,,466_沖縄県_南部保健所_食品衛生(許可)_2022年06月-2022年07月_末日_新規,,,,,,,,,,,,,,,,,,,,
カワラバタ（イリ）,,久米島町字上江洲４５７－５２,,              ,菓子製造業,菓子製造業,井上福太郎,,R04.07.15,R04.07.15,第05202200389号,OK,南部保健所,カワラバタ（イリ）,,              ,,,,久米島町字上江洲４５７－５２,沖縄県久米島町字上江洲４５７－５２,,,沖縄県,,,,R04.07.15,R04.07.15,,,,井上福太郎 ,,,,,,,,,第05202200389号,,菓子製造業,菓子製造業,,,466_沖縄県_南部保健所_食品衛生(許可)_2022年06月-2022年07月_末日_新規,,,,,,,,,,,,,,,,,,,,
手作り工房　まごころ亭,,西原町字与那城３３３－２,,              ,菓子製造業,菓子製造業,金城ひとみ,,R04.07.15,R04.07.15,第05202200405号,OK,南部保健所,手作り工房　まごころ亭,,              ,,,,西原町字与那城３３３－２,沖縄県西原町字与那城３３３－２,,,沖縄県,,,,R04.07.15,R04.07.15,,,,金城ひとみ ,,,,,,,,,第05202200405号,,菓子製造業,菓子製造業,,,466_沖縄県_南部保健所_食品衛生(許可)_2022年06月-2022年07月_末日_新規,,,,,,,,,,,,,,,,,,,,
タウンプラザかねひで,豊見城団地前店,豊見城市平良１０３－１,,098-850-4934  ,菓子製造業,菓子製造業,金秀商事株式会社,知念三也,R04.07.15,R04.07.15,第05202200400号,OK,南部保健所,タウンプラザかねひで,098,098-850-4934  ,,,,豊見城市平良１０３－１,沖縄県豊見城市平良１０３－１,,216009,沖縄県,豊見城市,平良,,R04.07.15,R04.07.15,,,金秀商事株式会社, 知念三也,,,,,,,,,第05202200400号,,菓子製造業,菓子製造業,,,466_沖縄県_南部保健所_食品衛生(許可)_2022年06月-2022年07月_末日_新規,,,,,,,,,,,,,,,,,,,,
レモカン,,西原町上原２－１５－１０,,098-963-9432  ,飲食店営業,居酒屋,堀脇陸,,R04.07.15,R04.07.15,第05202200404号,OK,南部保健所,レモカン,,098-963-9432  ,,,,西原町上原２－１５－１０,沖縄県西原町上原２－１５－１０,,216339,沖縄県,中頭郡西原町,上原２,,R04.07.15,R04.07.15,,,,堀脇陸 ,,,,,,,,,第05202200404号,,飲食店営業,居酒屋,,,466_沖縄県_南部保健所_食品衛生(許可)_2022年06月-2022年07月_末日_新規,,,,,,,,,,,,,,,,,,,,
みのり鮮魚,,八重瀬町字港川２３４,,              ,魚介類販売業,魚介類販売業,知念英樹,,R04.07.15,R04.07.15,第05202200398号,OK,南部保健所,みのり鮮魚,,              ,,,,八重瀬町字港川２３４,沖縄県八重瀬町字港川２３４,,,沖縄県,,,,R04.07.15,R04.07.15,,,,知念英樹 ,,,,,,,,,第05202200398号,,魚介類販売業,魚介類販売業,,,466_沖縄県_南部保健所_食品衛生(許可)_2022年06月-2022年07月_末日_新規,,,,,,,,,,,,,,,,,,,,
はなまる鮮魚店,,八重瀬町字港川２３４,,              ,魚介類販売業,魚介類販売業,松田集,,R04.07.15,R04.07.15,第05202200397号,OK,南部保健所,はなまる鮮魚店,,              ,,,,八重瀬町字港川２３４,沖縄県八重瀬町字港川２３４,,,沖縄県,,,,R04.07.15,R04.07.15,,,,松田集 ,,,,,,,,,第05202200397号,,魚介類販売業,魚介類販売業,,,466_沖縄県_南部保健所_食品衛生(許可)_2022年06月-2022年07月_末日_新規,,,,,,,,,,,,,,,,,,,,
第一成宝丸鮮魚,,八重瀬町字港川２３４,,              ,魚介類販売業,魚介類販売業,具志堅一成,,R04.07.15,R04.07.15,第05202200396号,OK,南部保健所,第一成宝丸鮮魚,,              ,,,,八重瀬町字港川２３４,沖縄県八重瀬町字港川２３４,,,沖縄県,,,,R04.07.15,R04.07.15,,,,具志堅一成 ,,,,,,,,,第05202200396号,,魚介類販売業,魚介類販売業,,,466_沖縄県_南部保健所_食品衛生(許可)_2022年06月-2022年07月_末日_新規,,,,,,,,,,,,,,,,,,,,
孝丸鮮魚,,八重瀬町字港川２３４,,              ,魚介類販売業,魚介類販売業,上原孝夫,,R04.07.15,R04.07.15,第05202200395号,OK,南部保健所,孝丸鮮魚,,              ,,,,八重瀬町字港川２３４,沖縄県八重瀬町字港川２３４,,,沖縄県,,,,R04.07.15,R04.07.15,,,,上原孝夫 ,,,,,,,,,第05202200395号,,魚介類販売業,魚介類販売業,,,466_沖縄県_南部保健所_食品衛生(許可)_2022年06月-2022年07月_末日_新規,,,,,,,,,,,,,,,,,,,,
満漁丸,,八重瀬町字港川２３４,,              ,魚介類販売業,魚介類販売業,上原一志,,R04.07.15,R04.07.15,第05202200394号,OK,南部保健所,満漁丸,,              ,,,,八重瀬町字港川２３４,沖縄県八重瀬町字港川２３４,,,沖縄県,,,,R04.07.15,R04.07.15,,,,上原一志 ,,,,,,,,,第05202200394号,,魚介類販売業,魚介類販売業,,,466_沖縄県_南部保健所_食品衛生(許可)_2022年06月-2022年07月_末日_新規,,,,,,,,,,,,,,,,,,,,
おさかなぐしけん,,八重瀬町港川３０３,,              ,魚介類販売業,魚介類販売業,具志堅隆,,R04.07.15,R04.07.15,第05202200393号,OK,南部保健所,おさかなぐしけん,,              ,,,,八重瀬町港川３０３,沖縄県八重瀬町港川３０３,,,沖縄県,,,,R04.07.15,R04.07.15,,,,具志堅隆 ,,,,,,,,,第05202200393号,,魚介類販売業,魚介類販売業,,,466_沖縄県_南部保健所_食品衛生(許可)_2022年06月-2022年07月_末日_新規,,,,,,,,,,,,,,,,,,,,
タウンプラザかねひで,豊見城団地前店,豊見城市平良１０３－１,,098-850-4934  ,魚介類販売業,魚介類販売業,金秀商事株式会社,知念三也,R04.07.15,R04.07.15,第05202200401号,OK,南部保健所,タウンプラザかねひで,098,098-850-4934  ,,,,豊見城市平良１０３－１,沖縄県豊見城市平良１０３－１,,216009,沖縄県,豊見城市,平良,,R04.07.15,R04.07.15,,,金秀商事株式会社, 知念三也,,,,,,,,,第05202200401号,,魚介類販売業,魚介類販売業,,,466_沖縄県_南部保健所_食品衛生(許可)_2022年06月-2022年07月_末日_新規,,,,,,,,,,,,,,,,,,,,
カワラバタ（イリ）,,久米島町字上江洲４５７－５２,,              ,飲食店営業,食堂,井上福太郎,,R04.07.15,R04.07.15,第05202200390号,OK,南部保健所,カワラバタ（イリ）,,              ,,,,久米島町字上江洲４５７－５２,沖縄県久米島町字上江洲４５７－５２,,,沖縄県,,,,R04.07.15,R04.07.15,,,,井上福太郎 ,,,,,,,,,第05202200390号,,飲食店営業,食堂,,,466_沖縄県_南部保健所_食品衛生(許可)_2022年06月-2022年07月_末日_新規,,,,,,,,,,,,,,,,,,,,
タウンプラザかねひで,豊見城団地前店,豊見城市平良１０３－１,,098-850-4934  ,食肉販売業,食肉販売業,金秀商事株式会社,知念三也,R04.07.15,R04.07.15,第05202200402号,OK,南部保健所,タウンプラザかねひで,098,098-850-4934  ,,,,豊見城市平良１０３－１,沖縄県豊見城市平良１０３－１,,216009,沖縄県,豊見城市,平良,,R04.07.15,R04.07.15,,,金秀商事株式会社, 知念三也,,,,,,,,,第05202200402号,,食肉販売業,食肉販売業,,,466_沖縄県_南部保健所_食品衛生(許可)_2022年06月-2022年07月_末日_新規,,,,,,,,,,,,,,,,,,,,
古都里,,南城市大里字稲嶺９８－１,,098-946-8286  ,飲食店営業,スナック,金城美枝,,R04.07.20,R04.07.20,第05202200426号,OK,南部保健所,古都里,098,098-946-8286  ,,,,南城市大里字稲嶺９８－１,沖縄県南城市大里字稲嶺９８－１,,216126,沖縄県,南城市,大里,,R04.07.20,R04.07.20,,,,金城美枝 ,,,,,,,,,第05202200426号,,飲食店営業,スナック,,,466_沖縄県_南部保健所_食品衛生(許可)_2022年06月-2022年07月_末日_新規,,,,,,,,,,,,,,,,,,,,
キッチンととや,,浦添市沢岻１－１７－６,,098-874-6886  ,そうざい製造業,そうざい製造業,泉保美,,R04.07.20,R04.07.20,第05202200424号,OK,南部保健所,キッチンととや,098,098-874-6886  ,,,,浦添市沢岻１－１７－６,沖縄県浦添市沢岻１－１７－６,,215670,沖縄県,浦添市,沢岻１,,R04.07.20,R04.07.20,,,,泉保美 ,,,,,,,,,第05202200424号,,そうざい製造業,そうざい製造業,,,466_沖縄県_南部保健所_食品衛生(許可)_2022年06月-2022年07月_末日_新規,,,,,,,,,,,,,,,,,,,,
ｃｒｅｐｅ　Ｍｏｃｏ,,糸満市字糸満１４４３,,              ,飲食店営業,レストラン,玉城覚士,,R04.07.20,R04.07.20,第05202200412号,OK,南部保健所,ｃｒｅｐｅ　Ｍｏｃｏ,098,              ,,,,糸満市字糸満１４４３,沖縄県糸満市字糸満１４４３,,215815,沖縄県,糸満市,糸満,,R04.07.20,R04.07.20,,,,玉城覚士 ,,,,,,,,,第05202200412号,,飲食店営業,レストラン,,,466_沖縄県_南部保健所_食品衛生(許可)_2022年06月-2022年07月_末日_新規,,,,,,,,,,,,,,,,,,,,
ＫＡＲＵＮＡ　３６９　Ｔｅｒｒａｃｅ　Ｏｋｉｎａｗａ,,南城市玉城前川１３２８－１,オアシスがんがらー２０３,              ,飲食店営業,一般食堂・レストラン,堤麻衣,,R04.07.20,R04.07.20,第05202200421号,OK,南部保健所,ＫＡＲＵＮＡ　３６９　Ｔｅｒｒａｃｅ　Ｏｋｉｎａｗａ,098,              ,,,,南城市玉城前川１３２８－１,沖縄県南城市玉城前川１３２８－１,オアシスがんがらー２０３,216128,沖縄県,南城市,玉城,,R04.07.20,R04.07.20,,,,堤麻衣 ,,,,,,,,,第05202200421号,,飲食店営業,一般食堂・レストラン,,,466_沖縄県_南部保健所_食品衛生(許可)_2022年06月-2022年07月_末日_新規,,,,,,,,,,,,,,,,,,,,
琉球おしゃれ工房,,浦添市沢岻１－７－１１,,              ,菓子製造業,菓子製造業,友利寛勝,,R04.07.20,R04.07.20,第05202200423号,OK,南部保健所,琉球おしゃれ工房,098,              ,,,,浦添市沢岻１－７－１１,沖縄県浦添市沢岻１－７－１１,,215670,沖縄県,浦添市,沢岻１,,R04.07.20,R04.07.20,,,,友利寛勝 ,,,,,,,,,第05202200423号,,菓子製造業,菓子製造業,,,466_沖縄県_南部保健所_食品衛生(許可)_2022年06月-2022年07月_末日_新規,,,,,,,,,,,,,,,,,,,,
ＫＡＲＵＮＡ　３６９　Ｔｅｒｒａｃｅ　Ｏｋｉｎａｗａ,,南城市玉城前川１３２８－１,オアシスがんがらー２０３,              ,菓子製造業,菓子製造業,堤麻衣,,R04.07.20,R04.07.20,第05202200420号,OK,南部保健所,ＫＡＲＵＮＡ　３６９　Ｔｅｒｒａｃｅ　Ｏｋｉｎａｗａ,098,              ,,,,南城市玉城前川１３２８－１,沖縄県南城市玉城前川１３２８－１,オアシスがんがらー２０３,216128,沖縄県,南城市,玉城,,R04.07.20,R04.07.20,,,,堤麻衣 ,,,,,,,,,第05202200420号,,菓子製造業,菓子製造業,,,466_沖縄県_南部保健所_食品衛生(許可)_2022年06月-2022年07月_末日_新規,,,,,,,,,,,,,,,,,,,,
タウンプラザかねひで　いちゅまん市場,ベーカリー作業所,糸満市字兼城４００,,098-992-3994  ,菓子製造業,菓子製造業,金秀商事株式会社,知念三也,R04.07.20,R04.07.20,第05202200415号,OK,南部保健所,タウンプラザかねひで　いちゅまん市場,098,098-992-3994  ,,,,糸満市字兼城４００,沖縄県糸満市字兼城４００,,215821,沖縄県,糸満市,兼城,,R04.07.20,R04.07.20,,,金秀商事株式会社, 知念三也,,,,,,,,,第05202200415号,,菓子製造業,菓子製造業,,,466_沖縄県_南部保健所_食品衛生(許可)_2022年06月-2022年07月_末日_新規,,,,,,,,,,,,,,,,,,,,
琉球おしゃれ工房,,浦添市沢岻１－７－１１,,              ,漬物製造業,漬物製造,友利寛勝,,R04.07.20,R04.07.20,第05202200422号,OK,南部保健所,琉球おしゃれ工房,098,              ,,,,浦添市沢岻１－７－１１,沖縄県浦添市沢岻１－７－１１,,215670,沖縄県,浦添市,沢岻１,,R04.07.20,R04.07.20,,,,友利寛勝 ,,,,,,,,,第05202200422号,,漬物製造業,漬物製造,,,466_沖縄県_南部保健所_食品衛生(許可)_2022年06月-2022年07月_末日_新規,,,,,,,,,,,,,,,,,,,,
コロッケのころっ家南風原店,,南風原町宮平２６４,イオン南風原ショッピングセンター２階フードコート内区画,050-8884-8118 ,飲食店営業,一般食堂・レストラン,株式会社えにし,川原伸彦,R04.07.22,R04.07.22,第05202200430号,OK,南部保健所,コロッケのころっ家南風原店,,050-8884-8118 ,,,,南風原町宮平２６４,沖縄県南風原町宮平２６４,イオン南風原ショッピングセンター２階フードコート内区画,,沖縄県,,,,R04.07.22,R04.07.22,,,株式会社えにし, 川原伸彦,,,,,,,,,第05202200430号,,飲食店営業,一般食堂・レストラン,,,466_沖縄県_南部保健所_食品衛生(許可)_2022年06月-2022年07月_末日_新規,,,,,,,,,,,,,,,,,,,,
有限会社　湧川食品,,西原町幸地９８６,,098-946-7273  ,豆腐製造業,豆腐製造業,有限会社湧川食品,湧川満,R04.07.22,R04.07.22,第05202200432号,OK,南部保健所,有限会社　湧川食品,,098-946-7273  ,,,,西原町幸地９８６,沖縄県西原町幸地９８６,,,沖縄県,,,,R04.07.22,R04.07.22,,,有限会社湧川食品, 湧川満,,,,,,,,,第05202200432号,,豆腐製造業,豆腐製造業,,,466_沖縄県_南部保健所_食品衛生(許可)_2022年06月-2022年07月_末日_新規,,,,,,,,,,,,,,,,,,,,
就労支援多機能型事業所ｈａｐｐｉｎｅｓｓ浦西,,西原町棚原２７０,,              ,飲食店営業,弁当屋,合同会社Ｓｏｃｉａｌ　ａｃｔｉｏｎ,崎濱隼次,R04.07.22,R04.07.22,第05202200431号,OK,南部保健所,就労支援多機能型事業所ｈａｐｐｉｎｅｓｓ浦西,,              ,,,,西原町棚原２７０,沖縄県西原町棚原２７０,,,沖縄県,,,,R04.07.22,R04.07.22,,,合同会社Ｓｏｃｉａｌ　ａｃｔｉｏｎ, 崎濱隼次,,,,,,,,,第05202200431号,,飲食店営業,弁当屋,,,466_沖縄県_南部保健所_食品衛生(許可)_2022年06月-2022年07月_末日_新規,,,,,,,,,,,,,,,,,,,,
ｆｌｏｗｅｒ＆ｃａｆｅ　２７,,糸満市糸満４７,１Ｆ,              ,飲食店営業,バー,株式会社ＤｅｅｐＳｅａ,大浜公,R04.07.25,R04.07.25,第05202200434号,OK,南部保健所,ｆｌｏｗｅｒ＆ｃａｆｅ　２７,098,              ,,,,糸満市糸満４７,沖縄県糸満市糸満４７,１Ｆ,215815,沖縄県,糸満市,糸満,,R04.07.25,R04.07.25,,,株式会社ＤｅｅｐＳｅａ, 大浜公,,,,,,,,,第05202200434号,,飲食店営業,バー,,,466_沖縄県_南部保健所_食品衛生(許可)_2022年06月-2022年07月_末日_新規,,,,,,,,,,,,,,,,,,,,
お食事処　うむゆ,,南風原町字新川１４６－１,,              ,飲食店営業,一般食堂・レストラン,大城栄保,,R04.07.25,R04.07.25,第05202200439号,OK,南部保健所,お食事処　うむゆ,,              ,,,,南風原町字新川１４６－１,沖縄県南風原町字新川１４６－１,,,沖縄県,,,,R04.07.25,R04.07.25,,,,大城栄保 ,,,,,,,,,第05202200439号,,飲食店営業,一般食堂・レストラン,,,466_沖縄県_南部保健所_食品衛生(許可)_2022年06月-2022年07月_末日_新規,,,,,,,,,,,,,,,,,,,,
豊見フーズ,,豊見城市字平良２４０－１３９,（地下１階）,098-856-0298  ,菓子製造業,菓子製造業,名城政男,,R04.07.25,R04.07.25,第05202200438号,OK,南部保健所,豊見フーズ,098,098-856-0298  ,,,,豊見城市字平良２４０－１３９,沖縄県豊見城市字平良２４０－１３９,（地下１階）,216009,沖縄県,豊見城市,平良,,R04.07.25,R04.07.25,,,,名城政男 ,,,,,,,,,第05202200438号,,菓子製造業,菓子製造業,,,466_沖縄県_南部保健所_食品衛生(許可)_2022年06月-2022年07月_末日_新規,,,,,,,,,,,,,,,,,,,,
株式会社沖縄海星物産,,糸満市西崎町４－１３－５,,098-994-0191  ,清涼飲料水製造業,清涼飲料水製造業,株式会社沖縄海星物産,狩俣順也,R04.07.25,R04.07.25,第05202200433号,OK,南部保健所,株式会社沖縄海星物産,098,098-994-0191  ,,,,糸満市西崎町４－１３－５,沖縄県糸満市西崎町４－１３－５,,215837,沖縄県,糸満市,西崎町４,,R04.07.25,R04.07.25,,,株式会社沖縄海星物産, 狩俣順也,,,,,,,,,第05202200433号,,清涼飲料水製造業,清涼飲料水製造業,,,466_沖縄県_南部保健所_食品衛生(許可)_2022年06月-2022年07月_末日_新規,,,,,,,,,,,,,,,,,,,,
沖縄県畜産副産物事業協同組合　牛内臓室,,南城市大里字大城１９２７,,              ,食肉処理業,食肉処理業,沖縄県畜産副産物事業協同組合,岸本勇,R04.07.26,R04.07.26,第05202200441号,OK,南部保健所,沖縄県畜産副産物事業協同組合　牛内臓室,098,              ,,,,南城市大里字大城１９２７,沖縄県南城市大里字大城１９２７,,216126,沖縄県,南城市,大里,,R04.07.26,R04.07.26,,,沖縄県畜産副産物事業協同組合, 岸本勇,,,,,,,,,第05202200441号,,食肉処理業,食肉処理業,,,466_沖縄県_南部保健所_食品衛生(許可)_2022年06月-2022年07月_末日_新規,,,,,,,,,,,,,,,,,,,,
有限会社沖縄化製工業　牛内臓室,,南城市大里字大城１９２７,,098-945-6516  ,食肉処理業,食肉処理業,有限会社沖縄化製工業,岸本勇,R04.07.26,R04.07.26,第05202200442号,OK,南部保健所,有限会社沖縄化製工業　牛内臓室,098,098-945-6516  ,,,,南城市大里字大城１９２７,沖縄県南城市大里字大城１９２７,,216126,沖縄県,南城市,大里,,R04.07.26,R04.07.26,,,有限会社沖縄化製工業, 岸本勇,,,,,,,,,第05202200442号,,食肉処理業,食肉処理業,,,466_沖縄県_南部保健所_食品衛生(許可)_2022年06月-2022年07月_末日_新規,,,,,,,,,,,,,,,,,,,,
とよもと商店,,浦添市屋富祖２－１７－２,上門ビル１０２号,              ,そうざい製造業,そうざい製造業,與儀はるか,,R04.07.27,R04.07.27,第05202200440号,OK,南部保健所,とよもと商店,098,              ,,,,浦添市屋富祖２－１７－２,沖縄県浦添市屋富祖２－１７－２,上門ビル１０２号,215711,沖縄県,浦添市,屋富祖２,,R04.07.27,R04.07.27,,,,與儀はるか ,,,,,,,,,第05202200440号,,そうざい製造業,そうざい製造業,,,466_沖縄県_南部保健所_食品衛生(許可)_2022年06月-2022年07月_末日_新規,,,,,,,,,,,,,,,,,,,,
ローソン南風原北インター前店,,与那原町字上与那原４７２－１－２,,098-946-4577  ,飲食店営業,その他,合同会社Ｇｌｏｂａｌ　Ｓｈｉｎ　Ｓｅｎ,上江洲真樹,R04.07.27,R04.07.27,第05202200444号,OK,南部保健所,ローソン南風原北インター前店,,098-946-4577  ,,,,与那原町字上与那原４７２－１－２,沖縄県与那原町字上与那原４７２－１－２,,,沖縄県,,,,R04.07.27,R04.07.27,,,合同会社Ｇｌｏｂａｌ　Ｓｈｉｎ　Ｓｅｎ, 上江洲真樹,,,,,,,,,第05202200444号,,飲食店営業,その他,,,466_沖縄県_南部保健所_食品衛生(許可)_2022年06月-2022年07月_末日_新規,,,,,,,,,,,,,,,,,,,,
招徳商店,,西原町兼久１３８,,              ,飲食店営業,パーラー,金武勝徳,,R04.07.27,R04.07.27,第05202200451号,OK,南部保健所,招徳商店,,              ,,,,西原町兼久１３８,沖縄県西原町兼久１３８,,,沖縄県,,,,R04.07.27,R04.07.27,,,,金武勝徳 ,,,,,,,,,第05202200451号,,飲食店営業,パーラー,,,466_沖縄県_南部保健所_食品衛生(許可)_2022年06月-2022年07月_末日_新規,,,,,,,,,,,,,,,,,,,,
マイタコス,,南城市玉城字船越５９９－４,,              ,飲食店営業,パーラー,ミンボエフ愛星,,R04.07.27,R04.07.27,第05202200448号,OK,南部保健所,マイタコス,098,              ,,,,南城市玉城字船越５９９－４,沖縄県南城市玉城字船越５９９－４,,216128,沖縄県,南城市,玉城,,R04.07.27,R04.07.27,,,,ミンボエフ愛星 ,,,,,,,,,第05202200448号,,飲食店営業,パーラー,,,466_沖縄県_南部保健所_食品衛生(許可)_2022年06月-2022年07月_末日_新規,,,,,,,,,,,,,,,,,,,,
Ｈａｐｐｙ　パーラー,,南城市大里字大城１７９０－１,,098-894-8492  ,飲食店営業,パーラー,與那康晴,,R04.07.27,R04.07.27,第05202200449号,OK,南部保健所,Ｈａｐｐｙ　パーラー,098,098-894-8492  ,,,,南城市大里字大城１７９０－１,沖縄県南城市大里字大城１７９０－１,,216126,沖縄県,南城市,大里,,R04.07.27,R04.07.27,,,,與那康晴 ,,,,,,,,,第05202200449号,,飲食店営業,パーラー,,,466_沖縄県_南部保健所_食品衛生(許可)_2022年06月-2022年07月_末日_新規,,,,,,,,,,,,,,,,,,,,
伴山カフェ,,南城市知念字安座真８６０,,098-988-9790  ,飲食店営業,レストラン,半山株式会社,楊蕊寧,R04.07.27,R04.07.27,第05202200456号,OK,南部保健所,伴山カフェ,098,098-988-9790  ,,,,南城市知念字安座真８６０,沖縄県南城市知念字安座真８６０,,216129,沖縄県,南城市,知念,,R04.07.27,R04.07.27,,,半山株式会社, 楊蕊寧,,,,,,,,,第05202200456号,,飲食店営業,レストラン,,,466_沖縄県_南部保健所_食品衛生(許可)_2022年06月-2022年07月_末日_新規,,,,,,,,,,,,,,,,,,,,
県産まぐろ食堂つなや,,南城市知念字久手堅４５５－１,,              ,飲食店営業,一般食堂・レストラン,小谷将寿,,R04.07.27,R04.07.27,第05202200457号,OK,南部保健所,県産まぐろ食堂つなや,098,              ,,,,南城市知念字久手堅４５５－１,沖縄県南城市知念字久手堅４５５－１,,216129,沖縄県,南城市,知念,,R04.07.27,R04.07.27,,,,小谷将寿 ,,,,,,,,,第05202200457号,,飲食店営業,一般食堂・レストラン,,,466_沖縄県_南部保健所_食品衛生(許可)_2022年06月-2022年07月_末日_新規,,,,,,,,,,,,,,,,,,,,
花はな商店　ウミカジ３７,,豊見城市瀬長１７４－６,ウミカジテラス３７番,098-851-3487  ,飲食店営業,一般食堂・レストラン,株式会社ＤＲＥＡＭ　ＴＡＫＥ,新垣健,R04.07.27,R04.07.27,第05202200450号,OK,南部保健所,花はな商店　ウミカジ３７,098,098-851-3487  ,,,,豊見城市瀬長１７４－６,沖縄県豊見城市瀬長１７４－６,ウミカジテラス３７番,216008,沖縄県,豊見城市,瀬長,,R04.07.27,R04.07.27,,,株式会社ＤＲＥＡＭ　ＴＡＫＥ, 新垣健,,,,,,,,,第05202200450号,,飲食店営業,一般食堂・レストラン,,,466_沖縄県_南部保健所_食品衛生(許可)_2022年06月-2022年07月_末日_新規,,,,,,,,,,,,,,,,,,,,
道とん堀イーアス沖縄豊崎店,,豊見城市字豊崎３－３５（３１３０）,,098-851-3678  ,飲食店営業,一般食堂・レストラン,株式会社道とん堀,稲葉裕幸,R04.07.27,R04.07.27,第05202200445号,OK,南部保健所,道とん堀イーアス沖縄豊崎店,098,098-851-3678  ,,,,豊見城市字豊崎３－３５（３１３０）,沖縄県豊見城市字豊崎３－３５（３１３０）,,216016,沖縄県,豊見城市,豊崎,,R04.07.27,R04.07.27,,,株式会社道とん堀, 稲葉裕幸,,,,,,,,,第05202200445号,,飲食店営業,一般食堂・レストラン,,,466_沖縄県_南部保健所_食品衛生(許可)_2022年06月-2022年07月_末日_新規,,,,,,,,,,,,,,,,,,,,
食べどころ柚ず　豊崎店,,豊見城市豊崎１－３,,098-856-5505  ,飲食店営業,一般食堂・レストラン,株式会社ロンハイ,福山裕治,R04.07.27,R04.07.27,第05202200452号,OK,南部保健所,食べどころ柚ず　豊崎店,098,098-856-5505  ,,,,豊見城市豊崎１－３,沖縄県豊見城市豊崎１－３,,216016,沖縄県,豊見城市,豊崎,,R04.07.27,R04.07.27,,,株式会社ロンハイ, 福山裕治,,,,,,,,,第05202200452号,,飲食店営業,一般食堂・レストラン,,,466_沖縄県_南部保健所_食品衛生(許可)_2022年06月-2022年07月_末日_新規,,,,,,,,,,,,,,,,,,,,
吉クリニック,,南風原町神里４９５,,098-888-5552  ,飲食店営業,一般食堂・レストラン,株式会社ラミアクチーナ,小栗秀記,R04.07.27,R04.07.27,第05202200446号,OK,南部保健所,吉クリニック,,098-888-5552  ,,,,南風原町神里４９５,沖縄県南風原町神里４９５,,,沖縄県,,,,R04.07.27,R04.07.27,,,株式会社ラミアクチーナ, 小栗秀記,,,,,,,,,第05202200446号,,飲食店営業,一般食堂・レストラン,,,466_沖縄県_南部保健所_食品衛生(許可)_2022年06月-2022年07月_末日_新規,,,,,,,,,,,,,,,,,,,,
沖縄森永乳業株式会社,,西原町字東崎４－１５,,098-871-9000  ,清涼飲料水製造業,清涼飲料水製造業,沖縄森永乳業株式会社,知念良明,R04.07.27,R04.07.27,第05202200453号,OK,南部保健所,沖縄森永乳業株式会社,,098-871-9000  ,,,,西原町字東崎４－１５,沖縄県西原町字東崎４－１５,,,沖縄県,,,,R04.07.27,R04.07.27,,,沖縄森永乳業株式会社, 知念良明,,,,,,,,,第05202200453号,,清涼飲料水製造業,清涼飲料水製造業,,,466_沖縄県_南部保健所_食品衛生(許可)_2022年06月-2022年07月_末日_新規,,,,,,,,,,,,,,,,,,,,
沖縄森永乳業株式会社,,西原町字東崎４－１５,,098-871-9000  ,乳処理業,乳処理業,沖縄森永乳業株式会社,知念良明,R04.07.27,R04.07.27,第05202200455号,OK,南部保健所,沖縄森永乳業株式会社,,098-871-9000  ,,,,西原町字東崎４－１５,沖縄県西原町字東崎４－１５,,,沖縄県,,,,R04.07.27,R04.07.27,,,沖縄森永乳業株式会社, 知念良明,,,,,,,,,第05202200455号,,乳処理業,乳処理業,,,466_沖縄県_南部保健所_食品衛生(許可)_2022年06月-2022年07月_末日_新規,,,,,,,,,,,,,,,,,,,,
沖縄森永乳業株式会社,,西原町字東崎４－１５,,098-871-9000  ,乳製品製造業,乳製品製造業,沖縄森永乳業株式会社,知念良明,R04.07.27,R04.07.27,第05202200454号,OK,南部保健所,沖縄森永乳業株式会社,,098-871-9000  ,,,,西原町字東崎４－１５,沖縄県西原町字東崎４－１５,,,沖縄県,,,,R04.07.27,R04.07.27,,,沖縄森永乳業株式会社, 知念良明,,,,,,,,,第05202200454号,,乳製品製造業,乳製品製造業,,,466_沖縄県_南部保健所_食品衛生(許可)_2022年06月-2022年07月_末日_新規,,,,,,,,,,,,,,,,,,,,
コープ牧港,,浦添市牧港４－３－１５,,098-875-3466  ,そうざい製造業,そうざい製造業,生活協同組合　コープおきなわ,川越雄一郎,R04.07.29,R04.07.29,第05202200458号,OK,南部保健所,コープ牧港,098,098-875-3466  ,,,,浦添市牧港４－３－１５,沖縄県浦添市牧港４－３－１５,,215697,沖縄県,浦添市,牧港４,,R04.07.29,R04.07.29,,,生活協同組合　コープおきなわ, 川越雄一郎,,,,,,,,,第05202200458号,,そうざい製造業,そうざい製造業,,,466_沖縄県_南部保健所_食品衛生(許可)_2022年06月-2022年07月_末日_新規,,,,,,,,,,,,,,,,,,,,
Ｃｕｃｉｎａ９８５,,久米島町字謝名堂５４８－３,,              ,飲食店営業,レストラン,平良真二,,R04.07.29,R04.07.29,第05202200465号,OK,南部保健所,Ｃｕｃｉｎａ９８５,,              ,,,,久米島町字謝名堂５４８－３,沖縄県久米島町字謝名堂５４８－３,,,沖縄県,,,,R04.07.29,R04.07.29,,,,平良真二 ,,,,,,,,,第05202200465号,,飲食店営業,レストラン,,,466_沖縄県_南部保健所_食品衛生(許可)_2022年06月-2022年07月_末日_新規,,,,,,,,,,,,,,,,,,,,
コープ牧港,,浦添市牧港４－３－１５,,098-875-3466  ,菓子製造業,菓子製造業,生活協同組合コープおきなわ,川越雄一郎,R04.07.29,R04.07.29,第05202200459号,OK,南部保健所,コープ牧港,098,098-875-3466  ,,,,浦添市牧港４－３－１５,沖縄県浦添市牧港４－３－１５,,215697,沖縄県,浦添市,牧港４,,R04.07.29,R04.07.29,,,生活協同組合コープおきなわ, 川越雄一郎,,,,,,,,,第05202200459号,,菓子製造業,菓子製造業,,,466_沖縄県_南部保健所_食品衛生(許可)_2022年06月-2022年07月_末日_新規,,,,,,,,,,,,,,,,,,,,
株式会社千草物産,,糸満市西崎町５－１０－６,,098-995-3067  ,菓子製造業,菓子製造業,株式会社千草物産,赤嶺茂昌,R04.07.29,R04.07.29,第05202200472号,OK,南部保健所,株式会社千草物産,098,098-995-3067  ,,,,糸満市西崎町５－１０－６,沖縄県糸満市西崎町５－１０－６,,215838,沖縄県,糸満市,西崎町５,,R04.07.29,R04.07.29,,,株式会社千草物産, 赤嶺茂昌,,,,,,,,,第05202200472号,,菓子製造業,菓子製造業,,,466_沖縄県_南部保健所_食品衛生(許可)_2022年06月-2022年07月_末日_新規,,,,,,,,,,,,,,,,,,,,
たくし屋,,浦添市沢岻１－４６－５,エコマックス２１ビル　１Ｆ,098-879-2246  ,飲食店営業,居酒屋,合同会社ＯＡＳＩＳ　ＬＥＱＵＩＯ,玉城功,R04.07.29,R04.07.29,第05202200461号,OK,南部保健所,たくし屋,098,098-879-2246  ,,,,浦添市沢岻１－４６－５,沖縄県浦添市沢岻１－４６－５,エコマックス２１ビル　１Ｆ,215670,沖縄県,浦添市,沢岻１,,R04.07.29,R04.07.29,,,合同会社ＯＡＳＩＳ　ＬＥＱＵＩＯ, 玉城功,,,,,,,,,第05202200461号,,飲食店営業,居酒屋,,,466_沖縄県_南部保健所_食品衛生(許可)_2022年06月-2022年07月_末日_新規,,,,,,,,,,,,,,,,,,,,
まるしぇ,,西原町上原１－２１－１,パークヒル翔　１Ｆ,098-963-9276  ,飲食店営業,居酒屋,宜保壱,,R04.07.29,R04.07.29,第05202200467号,OK,南部保健所,まるしぇ,,098-963-9276  ,,,,西原町上原１－２１－１,沖縄県西原町上原１－２１－１,パークヒル翔　１Ｆ,216338,沖縄県,中頭郡西原町,上原１,,R04.07.29,R04.07.29,,,,宜保壱 ,,,,,,,,,第05202200467号,,飲食店営業,居酒屋,,,466_沖縄県_南部保健所_食品衛生(許可)_2022年06月-2022年07月_末日_新規,,,,,,,,,,,,,,,,,,,,
特別養護老人ホーム　くめしま,,島尻郡久米島町字兼城１４６４－５,,985-2040      ,飲食店営業,食堂,日清医療食品株式会社,管井正一,R04.07.29,R04.07.29,第05202200466号,OK,南部保健所,特別養護老人ホーム　くめしま,098,985-2040      ,,,,島尻郡久米島町字兼城１４６４－５,沖縄県島尻郡久米島町字兼城１４６４－５,,216504,沖縄県,島尻郡久米島町,兼城,,R04.07.29,R04.07.29,,,日清医療食品株式会社, 管井正一,,,,,,,,,第05202200466号,,飲食店営業,食堂,,,466_沖縄県_南部保健所_食品衛生(許可)_2022年06月-2022年07月_末日_新規,,,,,,,,,,,,,,,,,,,,