11:57:33,,,,,,,,,,,,,,,,,,,,,,,,,,,,,,,,,,,,,,,,,,,,,,,,,,,,,,,,,,,,,,,,,,,,,,,,,,,
,n処理終了,,,,,,,,,,,,,,,,,,n10_company_name_maintenance,完了,,,,,,,,,,,,,,,,,,,,,,,,,,,,,,,,,,,,,,,,,,,,,,,,,,,,,,,
施設名,施設-住所1,施設-住所2,施設-住所3,施設-住所4,施設-マンション名,施設-電話番号1,業種,申請者1,申請者2,申請-住所1,申請-住所2,申請-住所3,申請-住所4,申請-住所5,申請-電話番号1,開業年月日,許可年月日,確認番号,ここまで,,,,,,,,,,,,,,,,,,,,,,,,,,,,,,,,,,,,,,,,,,,,,,,,,,,,,,,,
１　営業施設名称、屋号又は商号,２　都道府県（営業施設）,市区町村（営業施設）,町域（営業施設）,番地等（営業施設）,マンション名等（営業施設）,３　電話番号（営業施設）,４　営業の種類,５　氏名（法人の場合は法人名）（申請・届出者）,法人の代表者の氏名（申請・届出者）,６　都道府県（申請・届出者）,市区町村（申請・届出者）,町域（申請・届出者）,番地等（申請・届出者）,マンション名等（申請・届出者）,電話番号（申請・届出者）,７　初回許可年月日,８　許可年月日,９　許可番号,,管轄保健所,名称,市外局番,電話番号,施設の郵便番号,緯度,経度,施設の住所（元住所）,施設の住所（整備）,施設マンション名,施設-住所コード,施設-都道府県,施設-郡・政令市・市区町村名,施設-大字名・字名,申請年月日,開業年月日,許可年月日,許可期間開始日,許可期間終了日,申請法人,申請者氏名(個人名),申請者（開設者）の電話番号,申請者の住所（元住所）,申請者の住所（整備）,申請マンション名,申請-住所コード,申請-都道府県,申請-郡・政令市・市区町村名,申請-大字名・字名,確認番号,申請区分,業種,業態,その他,法人番号,シート名,産業分類大,産業分類中,産業分類小,産業分類詳細,facility_idを識別するための文字列,店舗コード,company_idを識別するための文字列,法人コード,ライセンスコード,検索用日付,整備名称,整備名称2,整備申請法人,チェーン店名,重複確認,店舗業種(大),店舗業種(中),店舗業種(小),店舗業種(詳細),施設名のフリガナ
麺場 田所商店 都城店,宮崎県,都城市,平江町,１３−１９,,0986222444,① 飲食店営業,株式会社トライ・インターナショナル,田所史之,千葉県,千葉市美浜区,中瀬２丁目６番地１,,,0432399977,2022/7/13,2022/7/13,４０４３－１－１１３,,都城保健所,麺場 田所商店 都城店,0986,0986-22-2444,,,,宮崎県　都城市　平江町　１３−１９,宮崎県都城市平江町１３−１９,,212702,宮崎県,都城市,平江町,,2022/07/13,2022/07/13,,,株式会社トライ・インターナショナル,田所史之,043-239-9977,千葉県　千葉市美浜区　中瀬２丁目６番地１　　,千葉県千葉市美浜区中瀬２丁目６番地１,,67425,千葉県,千葉市美浜区,中瀬２,４０４３－１－１１３,,飲食店営業,,,,442-449_宮崎県_宮崎県一括_食品衛生(許可-届出)_2022年07月_末日_新規,宿泊業，飲食サービス業,飲食店,,,,,,,,,麺場　田所商店　都城店,麺場田所商店都城店,株式会社トライ・インターナショナル,蔵出し味噌 麺場 田所商店,1,宿泊業，飲食サービス業,飲食店,専門料理店,その他の専門料理店,
KFCサンキュー小林店,宮崎県,小林市,堤,３００５番地１２,,0984-48-7122,① 飲食店営業,ＪＲ九州ファーストフーズ株式会社,永田史朗,福岡県,福岡市博多区,博多駅東１丁目１０番７号,,,0924512054,2016/8/1,2022/7/25,４０４４－２－２７,,小林保健所,KFCサンキュー小林店,0984,0984-48-7122,,,,宮崎県　小林市　堤　３００５番地１２,宮崎県小林市堤３００５番地１２,,213195,宮崎県,小林市,堤,,2016/08/01,2022/07/25,,,ＪＲ九州ファーストフーズ株式会社,永田史朗,092-451-2054,福岡県　福岡市博多区　博多駅東１丁目１０番７号　　,福岡県福岡市博多区博多駅東１丁目１０番７号,,200143,福岡県,福岡市博多区,博多駅東１,４０４４－２－２７,,飲食店営業,,,,442-449_宮崎県_宮崎県一括_食品衛生(許可-届出)_2022年07月_末日_新規,宿泊業，飲食サービス業,飲食店,,,,,,,,,ＫＦＣサンキュー小林店,ＫＦＣサンキュ小林店,ＪＲ九州ファーストフーズ株式会社,,1,,,,,
Aコープ大束店,宮崎県,串間市,大字奈留,５２２３番地１,,0987-74-1186,④ 魚介類販売業,株式会社エーコープみやざき,安川雄一郎,宮崎県,宮崎市,富吉,1223番地,,0985-89-6100,2022/7/21,2022/7/21,4042-27-4,,日南保健所,Aコープ大束店,0987,0987-74-1186,,,,宮崎県　串間市　大字奈留　５２２３番地１,宮崎県串間市奈留５２２３番地１,,213323,宮崎県,串間市,奈留,,2022/07/21,2022/07/21,,,株式会社エーコープみやざき,安川雄一郎,0985-89-6100,宮崎県　宮崎市　富吉　1223番地　,宮崎県宮崎市富吉１２２３番地,,212348,宮崎県,宮崎市,富吉,4042-27-4,,魚介類販売業,,,,442-449_宮崎県_宮崎県一括_食品衛生(許可-届出)_2022年07月_末日_新規,卸売業，小売業,飲食料品小売業,,,,,,,,,Ａコープ大束店,Ａコプ大束店,株式会社エーコープみやざき,,1,,,,,
できたてや,宮崎県,日南市,南郷町東町,２－１１ ２F,,090-8669-3207,㉕ そうざい製造業,長倉弘騎,,,,,,,,2022/7/20,2022/7/20,4042-55-6,,日南保健所,できたてや,0987,090-8669-3207,,,,宮崎県　日南市　南郷町東町　２－１１ ２F,宮崎県日南市南郷町東町２－１１２F,,213186,宮崎県,日南市,南郷町東町,,2022/07/20,2022/07/20,,,,,,　　　　,,,,,,,4042-55-6,,そうざい製造業,,,,442-449_宮崎県_宮崎県一括_食品衛生(許可-届出)_2022年07月_末日_新規,製造業,食料品製造業,,,,,,,,,できたてや,できたてや,,,1,,,,,
都農ワイナリー,宮崎県,児湯郡都農町,大字川北,１４６０９－２０,,0983-25-5501,⑭ 清涼飲料水製造業,株式会社都農ワイン,小畑曉,宮崎県,児湯郡都農町,大字川北,１４６０９－２０,,0983-25-5501,2022/7/7,2022/7/7,４０４５－３７－１,,高鍋保健所,都農ワイナリー,0983,0983-25-5501,,,,宮崎県　児湯郡都農町　大字川北　１４６０９－２０,宮崎県児湯郡都農町川北１４６０９－２０,,213510,宮崎県,児湯郡都農町,川北,,2022/07/07,2022/07/07,,,株式会社都農ワイン,小畑曉,0983-25-5501,宮崎県　児湯郡都農町　大字川北　１４６０９－２０　,宮崎県児湯郡都農町川北１４６０９－２０,,213510,宮崎県,児湯郡都農町,川北,４０４５－３７－１,,清涼飲料水製造業,,,,442-449_宮崎県_宮崎県一括_食品衛生(許可-届出)_2022年07月_末日_新規,製造業,飲料・たばこ・飼料製造業,,,,,,,,,都農ワイナリー,都農ワイナリ,株式会社都農ワイン,,3,,,,,
都農ワイナリー,宮崎県,児湯郡都農町,大字川北,１４６０９番地２０,,0983-25-5501,① 飲食店営業,株式会社都農ワイン,小畑曉,宮崎県,児湯郡都農町,大字川北,１４６０９－２０,,0983-25-5501,2022/7/19,2022/7/19,４０４５－１－５９,,高鍋保健所,都農ワイナリー,0983,0983-25-5501,,,,宮崎県　児湯郡都農町　大字川北　１４６０９番地２０,宮崎県児湯郡都農町川北１４６０９番地２０,,213510,宮崎県,児湯郡都農町,川北,,2022/07/19,2022/07/19,,,株式会社都農ワイン,小畑曉,0983-25-5501,宮崎県　児湯郡都農町　大字川北　１４６０９－２０　,宮崎県児湯郡都農町川北１４６０９－２０,,213510,宮崎県,児湯郡都農町,川北,４０４５－１－５９,,飲食店営業,,,,442-449_宮崎県_宮崎県一括_食品衛生(許可-届出)_2022年07月_末日_新規,宿泊業，飲食サービス業,飲食店,,,,,,,,,都農ワイナリー,都農ワイナリ,株式会社都農ワイン,,3,,,,,
都農ワイナリー,宮崎県,児湯郡都農町,大字川北,１４６０９番地２０,,0983-25-5501,⑪ 菓子製造業,株式会社都農ワイン,小畑曉,宮崎県,児湯郡都農町,大字川北,１４６０９－２０,,0983-25-5501,2022/7/19,2022/7/19,４０４５－８－１０,,高鍋保健所,都農ワイナリー,0983,0983-25-5501,,,,宮崎県　児湯郡都農町　大字川北　１４６０９番地２０,宮崎県児湯郡都農町川北１４６０９番地２０,,213510,宮崎県,児湯郡都農町,川北,,2022/07/19,2022/07/19,,,株式会社都農ワイン,小畑曉,0983-25-5501,宮崎県　児湯郡都農町　大字川北　１４６０９－２０　,宮崎県児湯郡都農町川北１４６０９－２０,,213510,宮崎県,児湯郡都農町,川北,４０４５－８－１０,,菓子製造業,,,,442-449_宮崎県_宮崎県一括_食品衛生(許可-届出)_2022年07月_末日_新規,製造業,食料品製造業,,,,,,,,,都農ワイナリー,都農ワイナリ,株式会社都農ワイン,,3,,,,,
ＵＤＯＮ．バーⅡ,宮崎県,都城市,牟田町,１８－５,,0986-23-5665,① 飲食店営業,木場雄一,,,,,,,,2022/7/25,2022/7/25,４０４３ー１ー１７８,,都城保健所,ＵＤＯＮ．バーⅡ,0986,0986-23-5665,,,,宮崎県　都城市　牟田町　１８－５,宮崎県都城市牟田町１８－５,,212716,宮崎県,都城市,牟田町,,2022/07/25,2022/07/25,,,,,,　　　　,,,,,,,４０４３ー１ー１７８,,飲食店営業,,,,442-449_宮崎県_宮崎県一括_食品衛生(許可-届出)_2022年07月_末日_新規,宿泊業，飲食サービス業,飲食店,,,,,,,,,ＵＤＯＮ．バーⅡ,ＵＤＯＮバⅡ,,,1,,,,,
ＪＥＬＯ　ＢＡＲ,宮崎県,都城市,牟田町,２０－８,第２マンエイビル２Ｆ－１,090-8354-3988,① 飲食店営業,松井エマリン,,,,,,,,2022/7/29,2022/7/29,４０４３－１－１７７,,都城保健所,ＪＥＬＯ　ＢＡＲ,0986,090-8354-3988,,,,宮崎県　都城市　牟田町　２０－８,宮崎県都城市牟田町２０－８,第２マンエイビル２Ｆ－１,212716,宮崎県,都城市,牟田町,,2022/07/29,2022/07/29,,,,,,　　　　,,,,,,,４０４３－１－１７７,,飲食店営業,,,,442-449_宮崎県_宮崎県一括_食品衛生(許可-届出)_2022年07月_末日_新規,宿泊業，飲食サービス業,飲食店,,,,,,,,,ＪＥＬＯ　ＢＡＲ,ＪＥＬＯＢＡＲ,,,1,,,,,
食品加工施設,宮崎県,東臼杵郡諸塚村,大字家代,2639-13,,080-1710-9945,① 飲食店営業,興洋開発株式会社,中本英紀,宮崎県,東臼杵郡諸塚村,家代,4330-2,,0982-65-0076,2022/7/22,2022/7/22,４０４６－１－７７,,日向保健所,食品加工施設,0982,080-1710-9945,,,,宮崎県　東臼杵郡諸塚村　大字家代　2639-13,宮崎県東臼杵郡諸塚村家代２６３９－１３,,213589,宮崎県,東臼杵郡諸塚村,家代,,2022/07/22,2022/07/22,,,興洋開発株式会社,中本英紀,0982-65-0076,宮崎県　東臼杵郡諸塚村　家代　4330-2　,宮崎県東臼杵郡諸塚村家代４３３０－２,,213589,宮崎県,東臼杵郡諸塚村,家代,４０４６－１－７７,,飲食店営業,,,,442-449_宮崎県_宮崎県一括_食品衛生(許可-届出)_2022年07月_末日_新規,宿泊業，飲食サービス業,飲食店,,,,,,,,,食品加工施設,食品加工施設,興洋開発株式会社,,1,,,,,
シルバーふっくら工房,宮崎県,小林市,細野,２２３９－１,,0984-22-2440,⑪ 菓子製造業,公益社団法人　小林市シルバー人材センター,小久保信雄,宮崎県,小林市,細野,２２３９－１,,0984-22-2440,2004/7/8,2022/7/21,４０４４－９－３,,小林保健所,シルバーふっくら工房,0984,0984-22-2440,,,,宮崎県　小林市　細野　２２３９－１,宮崎県小林市細野２２３９－１,,213198,宮崎県,小林市,細野,,2004/07/08,2022/07/21,,,公益社団法人　小林市シルバー人材センター,小久保信雄,0984-22-2440,宮崎県　小林市　細野　２２３９－１　,宮崎県小林市細野２２３９－１,,213198,宮崎県,小林市,細野,４０４４－９－３,,菓子製造業,,,,442-449_宮崎県_宮崎県一括_食品衛生(許可-届出)_2022年07月_末日_新規,製造業,食料品製造業,,,,,,,,,シルバーふっくら工房,シルバふっくら工房,公益社団法人小林市シルバー人材センター,,1,,,,,
にこにこショップ,宮崎県,日南市,風田,3850-10,,0987-23-3338,① 飲食店営業,有限会社　山野水産,山野秀人,宮崎県,日南市,大字風田,３８５０－１０,,0987-23-3338,1987/7/20,2022/7/28,4042-1-32,,日南保健所,にこにこショップ,0987,0987-23-3338,,,,宮崎県　日南市　風田　3850-10,宮崎県日南市風田３８５０－１０,,213070,宮崎県,日南市,風田,,1987/07/20,2022/07/28,,,有限会社　山野水産,山野秀人,0987-23-3338,宮崎県　日南市　大字風田　３８５０－１０　,宮崎県日南市風田３８５０－１０,,213070,宮崎県,日南市,風田,4042-1-32,,飲食店営業,,,,442-449_宮崎県_宮崎県一括_食品衛生(許可-届出)_2022年07月_末日_新規,宿泊業，飲食サービス業,飲食店,,,,,,,,,にこにこショップ,にこにこショップ,有限会社山野水産,,2,,,,,
にこにこショップ,宮崎県,日南市,風田,3850-10,,0987-23-3338,㉕ そうざい製造業,有限会社　山野水産,山野秀人,宮崎県,日南市,大字風田,３８５０－１０,,0987-23-3338,2022/7/28,2022/7/28,4042-55-3,,日南保健所,にこにこショップ,0987,0987-23-3338,,,,宮崎県　日南市　風田　3850-10,宮崎県日南市風田３８５０－１０,,213070,宮崎県,日南市,風田,,2022/07/28,2022/07/28,,,有限会社　山野水産,山野秀人,0987-23-3338,宮崎県　日南市　大字風田　３８５０－１０　,宮崎県日南市風田３８５０－１０,,213070,宮崎県,日南市,風田,4042-55-3,,そうざい製造業,,,,442-449_宮崎県_宮崎県一括_食品衛生(許可-届出)_2022年07月_末日_新規,製造業,食料品製造業,,,,,,,,,にこにこショップ,にこにこショップ,有限会社山野水産,,2,,,,,
五ヶ瀬温泉　森の宿　木地屋　レストラン五瀬,宮崎県,西臼杵郡五ヶ瀬町,大字三ヶ所字広木野,９２２３番地,,0982-82-1115,① 飲食店営業,株式会社　五ヶ瀬ハイランド,原田俊平,宮崎県,西臼杵郡五ヶ瀬町,鞍岡,４６４７－１７１,,0982-83-2144,2022/7/1,2022/7/1,4048-1-7,,,五ヶ瀬温泉　森の宿　木地屋　レストラン五瀬,0982,0982-82-1115,,,,宮崎県　西臼杵郡五ヶ瀬町　大字三ヶ所字広木野　９２２３番地,宮崎県西臼杵郡五が瀬町三が所字広木野９２２３番地,,213609,宮崎県,西臼杵郡五が瀬町,三が所,,2022/07/01,2022/07/01,,,株式会社　五ヶ瀬ハイランド,原田俊平,0982-83-2144,宮崎県　西臼杵郡五ヶ瀬町　鞍岡　４６４７－１７１　,宮崎県西臼杵郡五が瀬町鞍岡４６４７－１７１,,213607,宮崎県,西臼杵郡五が瀬町,鞍岡,4048-1-7,,飲食店営業,,,,442-449_宮崎県_宮崎県一括_食品衛生(許可-届出)_2022年07月_末日_新規,宿泊業，飲食サービス業,飲食店,,,,,,,,,五ヶ瀬温泉　森の宿　木地屋　レストラン五瀬,五ヶ瀬温泉森の宿木地屋レストラン五瀬,株式会社五ヶ瀬ハイランド,,1,,,,,
西ノ原牧場産直市場,宮崎県,小林市,細野,４５４－７,,0984-48-4129,㉕ そうざい製造業,株式会社西ノ原牧場,中西徳人,宮崎県,小林市,北西方,２３２４,,0984-27-1135,2016/8/1,2022/7/21,４０４４－５６－８,,小林保健所,西ノ原牧場産直市場,0984,0984-48-4129,,,,宮崎県　小林市　細野　４５４－７,宮崎県小林市細野４５４－７,,213198,宮崎県,小林市,細野,,2016/08/01,2022/07/21,,,株式会社西ノ原牧場,中西徳人,0984-27-1135,宮崎県　小林市　北西方　２３２４　,宮崎県小林市北西方２３２４,,213194,宮崎県,小林市,北西方,４０４４－５６－８,,そうざい製造業,,,,442-449_宮崎県_宮崎県一括_食品衛生(許可-届出)_2022年07月_末日_新規,製造業,食料品製造業,,,,,,,,,西ノ原牧場産直市場,西ノ原牧場産直市場,株式会社西ノ原牧場,,1,,,,,
焼肉　やません,宮崎県,小林市,堤,２２８５－３,,0984-24-1178,① 飲食店営業,有限会社やません,山之口武博,宮崎県,小林市,堤,２２８５－３,,0984-24-1178,2004/8/23,2022/7/25,４０４４－２－２１,,小林保健所,焼肉　やません,0984,0984-24-1178,,,,宮崎県　小林市　堤　２２８５－３,宮崎県小林市堤２２８５－３,,213195,宮崎県,小林市,堤,,2004/08/23,2022/07/25,,,有限会社やません,山之口武博,0984-24-1178,宮崎県　小林市　堤　２２８５－３　,宮崎県小林市堤２２８５－３,,213195,宮崎県,小林市,堤,４０４４－２－２１,,飲食店営業,,,,442-449_宮崎県_宮崎県一括_食品衛生(許可-届出)_2022年07月_末日_新規,宿泊業，飲食サービス業,飲食店,,,,,,,,,焼肉　やません,焼肉やません,有限会社やません,,1,,,,,
フォレスト綾川荘プール売店,宮崎県,東諸県郡綾町,大字北俣,３７６５,,0985-77-1227,① 飲食店営業,有限会社TOPIKA,篠原三剛,宮崎県,宮崎市,橘通東１丁目,4－１６,,0985-89-0501,2022/7/15,2022/7/15,シレイ４０４１－１－５,,中央保健所,フォレスト綾川荘プール売店,0985,0985-77-1227,,,,宮崎県　東諸県郡綾町　大字北俣　３７６５,宮崎県東諸県郡綾町北俣３７６５,,213449,宮崎県,東諸県郡綾町,北俣,,2022/07/15,2022/07/15,,,有限会社TOPIKA,篠原三剛,0985-89-0501,宮崎県　宮崎市　橘通東１丁目　4－１６　,宮崎県宮崎市橘通東１丁目４－１６,,212304,宮崎県,宮崎市,橘通東１,シレイ４０４１－１－５,,飲食店営業,,,,442-449_宮崎県_宮崎県一括_食品衛生(許可-届出)_2022年07月_末日_新規,宿泊業，飲食サービス業,飲食店,,,,,,,,,フォレスト綾川荘プール売店,フォレスト綾川荘プル売店,有限会社ＴＯＰＩＫＡ,,1,,,,,
ムラタ拉麺,宮崎県,西諸県郡高原町,大字西麓,９３３－４,,090-8226-8502,① 飲食店営業,村田健,,,,,,,,2022/7/13,2022/7/13,４０４４－１－１８,,小林保健所,ムラタ拉麺,0984,090-8226-8502,,,,宮崎県　西諸県郡高原町　大字西麓　９３３－４,宮崎県西諸県郡高原町西麓９３３－４,,213444,宮崎県,西諸県郡高原町,西麓,,2022/07/13,2022/07/13,,,,,,　　　　,,,,,,,４０４４－１－１８,,飲食店営業,,,,442-449_宮崎県_宮崎県一括_食品衛生(許可-届出)_2022年07月_末日_新規,宿泊業，飲食サービス業,飲食店,,,,,,,,,ムラタ拉麺,ムラタ拉麺,,,1,,,,,
旬食　吉庵,宮崎県,延岡市,天下町,１２１３－４５１,,0982-39-0188,㉕ そうざい製造業,田中實,,,,,,,,2022/7/29,2022/7/29,４０４７－５５－１４,,延岡保健所,旬食　吉庵,0982,0982-39-0188,,,,宮崎県　延岡市　天下町　１２１３－４５１,宮崎県延岡市天下町１２１３－４５１,,212771,宮崎県,延岡市,天下町,,2022/07/29,2022/07/29,,,,,,　　　　,,,,,,,４０４７－５５－１４,,そうざい製造業,,,,442-449_宮崎県_宮崎県一括_食品衛生(許可-届出)_2022年07月_末日_新規,製造業,食料品製造業,,,,,,,,,旬食　吉庵,旬食吉庵,,,1,,,,,
前畠商事株式会社,宮崎県,小林市,細野,２２１０－１,,0984-23-2453,㉛ 食品の小分け業,前畠商事株式会社,前畠順二,宮崎県,小林市,細野,２２１０－１,,0984-23-2453,2022/7/28,2022/7/28,４０４４－６７－１,,小林保健所,前畠商事株式会社,0984,0984-23-2453,,,,宮崎県　小林市　細野　２２１０－１,宮崎県小林市細野２２１０－１,,213198,宮崎県,小林市,細野,,2022/07/28,2022/07/28,,,前畠商事株式会社,前畠順二,0984-23-2453,宮崎県　小林市　細野　２２１０－１　,宮崎県小林市細野２２１０－１,,213198,宮崎県,小林市,細野,４０４４－６７－１,,食品の小分け業,,,,442-449_宮崎県_宮崎県一括_食品衛生(許可-届出)_2022年07月_末日_新規,卸売業，小売業,飲食料品小売業,食料・飲料卸売業,その他の食料・飲料卸売業,,,,,,,前畠商事株式会社,前畠商事株式会社,前畠商事株式会社,,1,,,,,
m-エム,宮崎県,児湯郡高鍋町,大字高鍋町,６８７－１,夢ビルE,,① 飲食店営業,吉田眞也,,,,,,,,2022/7/5,2022/7/5,４０４５－１－４４,,高鍋保健所,m-エム,0983,,,,,宮崎県　児湯郡高鍋町　大字高鍋町　６８７－１,宮崎県児湯郡高鍋町高鍋町６８７－１,夢ビルE,213505,宮崎県,児湯郡高鍋町,高鍋町,,2022/07/05,2022/07/05,,,,,,　　　　,,,,,,,４０４５－１－４４,,飲食店営業,,,,442-449_宮崎県_宮崎県一括_食品衛生(許可-届出)_2022年07月_末日_新規,宿泊業，飲食サービス業,飲食店,,,,,,,,,ｍ－エム,ｍエム,,,1,,,,,
ファミリーマート三股宮村店,宮崎県,北諸県郡三股町,大字宮村,２９１３－１,,0986-53-3480,① 飲食店営業,安田好男,,,,,,,,2022/7/1,2022/7/1,４０４３－１－１１２,,都城保健所,ファミリーマート三股宮村店,0986,0986-53-3480,,,,宮崎県　北諸県郡三股町　大字宮村　２９１３－１,宮崎県北諸県郡三股町宮村２９１３－１,,213434,宮崎県,北諸県郡三股町,宮村,,2022/07/01,2022/07/01,,,,,,　　　　,,,,,,,４０４３－１－１１２,,飲食店営業,,,,442-449_宮崎県_宮崎県一括_食品衛生(許可-届出)_2022年07月_末日_新規,宿泊業，飲食サービス業,飲食店,,,,,,,,,ファミリーマート三股宮村店,ファミリマト三股宮村店,,ファミリーマート,1,卸売業，小売業,飲食料品小売業,その他の飲食料品小売業,コンビニエンスストア（飲食料品を中心とするものに限る）,
ＡＱＵＡ,宮崎県,延岡市,新町,８－４,第６マンボータウン　１階,0982-26-6421,① 飲食店営業,井本真貴,,,,,,,,2022/7/8,2022/7/8,４０４７－１－７０,,延岡保健所,ＡＱＵＡ,0982,0982-26-6421,,,,宮崎県　延岡市　新町　８－４,宮崎県延岡市新町８－４,第６マンボータウン　１階,212864,宮崎県,延岡市,新町,,2022/07/08,2022/07/08,,,,,,　　　　,,,,,,,４０４７－１－７０,,飲食店営業,,,,442-449_宮崎県_宮崎県一括_食品衛生(許可-届出)_2022年07月_末日_新規,宿泊業，飲食サービス業,飲食店,,,,,,,,,ＡＱＵＡ,ＡＱＵＡ,,,1,,,,,
キャンプス　ピッツァ,宮崎県,日向市,平岩,8580,,080-9866-3109,㉕ そうざい製造業,児玉照美,,,,,,,,2022/7/20,2022/7/20,４０４６－５５－１３,,日向保健所,キャンプス　ピッツァ,0982,080-9866-3109,,,,宮崎県　日向市　平岩　8580,宮崎県日向市平岩８５８０,,213249,宮崎県,日向市,平岩,,2022/07/20,2022/07/20,,,,,,　　　　,,,,,,,４０４６－５５－１３,,そうざい製造業,,,,442-449_宮崎県_宮崎県一括_食品衛生(許可-届出)_2022年07月_末日_新規,製造業,食料品製造業,,,,,,,,,キャンプス　ピッツァ,キャンプスピッツァ,,,1,,,,,
俵,宮崎県,延岡市,南町,２－１－１７,,0982-21-5931,① 飲食店営業,大家好明,,,,,,,,2022/7/5,2022/7/5,４０４７－１－７４,,延岡保健所,俵,0982,0982-21-5931,,,,宮崎県　延岡市　南町　２－１－１７,宮崎県延岡市南町２－１－１７,,212972,宮崎県,延岡市,南町２,,2022/07/05,2022/07/05,,,,,,　　　　,,,,,,,４０４７－１－７４,,飲食店営業,,,,442-449_宮崎県_宮崎県一括_食品衛生(許可-届出)_2022年07月_末日_新規,宿泊業，飲食サービス業,飲食店,,,,,,,,,俵,俵,,,1,,,,,
ホームセンター　やまさき,宮崎県,小林市,堤,３２３５－１,,0984-23-3038,① 飲食店営業,株式会社　山﨑,塩崎盛隆,宮崎県,小林市,堤,３２３５－１,,0984-23-3638,2022/7/1,2022/7/1,４０４４－１－１２,,小林保健所,ホームセンター　やまさき,0984,0984-23-3038,,,,宮崎県　小林市　堤　３２３５－１,宮崎県小林市堤３２３５－１,,213195,宮崎県,小林市,堤,,2022/07/01,2022/07/01,,,株式会社　山﨑,塩崎盛隆,0984-23-3638,宮崎県　小林市　堤　３２３５－１　,宮崎県小林市堤３２３５－１,,213195,宮崎県,小林市,堤,４０４４－１－１２,,飲食店営業,,,,442-449_宮崎県_宮崎県一括_食品衛生(許可-届出)_2022年07月_末日_新規,宿泊業，飲食サービス業,飲食店,,,,,,,,,ホームセンター　やまさき,ホムセンタやまさき,株式会社山﨑,,1,,,,,
鶏笑,宮崎県,東臼杵郡門川町,上町,4-30,,0982-66-8018,① 飲食店営業,高浦由紀美,,,,,,,,2022/7/15,2022/7/15,４０４６－１－５１,,日向保健所,鶏笑,0982,0982-66-8018,,,,宮崎県　東臼杵郡門川町　上町　4-30,宮崎県東臼杵郡門川町上町４－３０,,213542,宮崎県,東臼杵郡門川町,上町４,,2022/07/15,2022/07/15,,,,,,　　　　,,,,,,,４０４６－１－５１,,飲食店営業,,,,442-449_宮崎県_宮崎県一括_食品衛生(許可-届出)_2022年07月_末日_新規,宿泊業，飲食サービス業,飲食店,,,,,,,,,鶏笑,鶏笑,,,1,,,,,
風の丘ガーデン,宮崎県,小林市,南西方,７５４８,,0984-23-8789,① 飲食店営業,伊藤瑛美子,,,,,,,,2016/6/7,2022/7/27,４０４４－２－２８,,小林保健所,風の丘ガーデン,0984,0984-23-8789,,,,宮崎県　小林市　南西方　７５４８,宮崎県小林市南西方７５４８,,213200,宮崎県,小林市,南西方,,2016/06/07,2022/07/27,,,,,,　　　　,,,,,,,４０４４－２－２８,,飲食店営業,,,,442-449_宮崎県_宮崎県一括_食品衛生(許可-届出)_2022年07月_末日_新規,宿泊業，飲食サービス業,飲食店,,,,,,,,,風の丘ガーデン,風の丘ガデン,,,1,,,,,
セブンイレブン　小林並松添店,宮崎県,小林市,堤字並松添,２９９３－２,,0984-22-2072,① 飲食店営業,株式会社　サニー,兒玉芳正,宮崎県,小林市,水流迫,３１７番地７,,090-5021-7306,2022/7/28,2022/7/28,４０４４－１－２０,,小林保健所,セブンイレブン　小林並松添店,0984,0984-22-2072,,,,宮崎県　小林市　堤字並松添　２９９３－２,宮崎県小林市堤字並松添２９９３－２,,213195,宮崎県,小林市,堤,,2022/07/28,2022/07/28,,,株式会社　サニー,兒玉芳正,090-5021-7306,宮崎県　小林市　水流迫　３１７番地７　,宮崎県小林市水流迫３１７番地７,,213196,宮崎県,小林市,水流迫,４０４４－１－２０,,飲食店営業,,,,442-449_宮崎県_宮崎県一括_食品衛生(許可-届出)_2022年07月_末日_新規,宿泊業，飲食サービス業,飲食店,,,,,,,,,セブンイレブン　小林並松添店,セブンイレブン小林並松添店,株式会社サニー,セブンイレブン,1,卸売業，小売業,飲食料品小売業,その他の飲食料品小売業,コンビニエンスストア（飲食料品を中心とするものに限る）,
たそがれ総菜店,宮崎県,児湯郡木城町,大字椎木,４５９８－５,,090-8622-2553,㉕ そうざい製造業,佐々木真由美,,,,,,,,2022/7/5,2022/7/5,４０４５－５５－１１,,高鍋保健所,たそがれ総菜店,0983,090-8622-2553,,,,宮崎県　児湯郡木城町　大字椎木　４５９８－５,宮崎県児湯郡木城町椎木４５９８－５,,213475,宮崎県,児湯郡木城町,椎木,,2022/07/05,2022/07/05,,,,,,　　　　,,,,,,,４０４５－５５－１１,,そうざい製造業,,,,442-449_宮崎県_宮崎県一括_食品衛生(許可-届出)_2022年07月_末日_新規,製造業,食料品製造業,,,,,,,,,たそがれ総菜店,たそがれ総菜店,,,1,,,,,
スナック銀座,宮崎県,北諸県郡三股町,樺山,３４７２－５３,,,① 飲食店営業,本田伸一,,,,,,,,2022/7/6,2022/7/6,４０４３－１－１１９,,都城保健所,スナック銀座,0986,,,,,宮崎県　北諸県郡三股町　樺山　３４７２－５３,宮崎県北諸県郡三股町樺山３４７２－５３,,213429,宮崎県,北諸県郡三股町,樺山,,2022/07/06,2022/07/06,,,,,,　　　　,,,,,,,４０４３－１－１１９,,飲食店営業,,,,442-449_宮崎県_宮崎県一括_食品衛生(許可-届出)_2022年07月_末日_新規,宿泊業，飲食サービス業,飲食店,,,,,,,,,スナック銀座,スナック銀座,,,1,,,,,
古民家カフェ　余韻,宮崎県,児湯郡木城町,大字椎木,５９２０－５,,090-5720-4143,① 飲食店営業,加藤栄子,,,,,,,,2022/7/15,2022/7/15,４０４５－１－４９,,高鍋保健所,古民家カフェ　余韻,0983,090-5720-4143,,,,宮崎県　児湯郡木城町　大字椎木　５９２０－５,宮崎県児湯郡木城町椎木５９２０－５,,213475,宮崎県,児湯郡木城町,椎木,,2022/07/15,2022/07/15,,,,,,　　　　,,,,,,,４０４５－１－４９,,飲食店営業,,,,442-449_宮崎県_宮崎県一括_食品衛生(許可-届出)_2022年07月_末日_新規,宿泊業，飲食サービス業,飲食店,,,,,,,,,古民家カフェ　余韻,古民家カフェ余韻,,,1,,,,,
今村美代子,宮崎県,都城市,高木町,５０３９－１,,0986-38-1797,㉙ 漬物製造業,今村　美代子,,,,,,,,2022/7/4,2022/7/4,４０４３ー６５ー２,,都城保健所,今村美代子,0986,0986-38-1797,,,,宮崎県　都城市　高木町　５０３９－１,宮崎県都城市高木町５０３９－１,,212681,宮崎県,都城市,高木町,,2022/07/04,2022/07/04,,,,,,　　　　,,,,,,,４０４３ー６５ー２,,漬物製造業,,,,442-449_宮崎県_宮崎県一括_食品衛生(許可-届出)_2022年07月_末日_新規,製造業,食料品製造業,,,,,,,,,今村美代子,今村美代子,,,1,,,,,
ｃｏｐａｉｎ,宮崎県,日向市,上町,6-9,アラータビル2Ｆ,,① 飲食店営業,村上勝也,,,,,,,,2022/7/1,2022/7/1,４０４６－１－５０,,日向保健所,ｃｏｐａｉｎ,0982,,,,,宮崎県　日向市　上町　6-9,宮崎県日向市上町６－９,アラータビル2Ｆ,213212,宮崎県,日向市,上町,,2022/07/01,2022/07/01,,,,,,　　　　,,,,,,,４０４６－１－５０,,飲食店営業,,,,442-449_宮崎県_宮崎県一括_食品衛生(許可-届出)_2022年07月_末日_新規,宿泊業，飲食サービス業,飲食店,,,,,,,,,ｃｏｐａｉｎ,ｃｏｐａｉｎ,,,1,,,,,
鬼が島,宮崎県,えびの市,大字池島,４９３,,0984-35-2374,㉕ そうざい製造業,鬼川みゆき,,,,,,,,2022/7/4,2022/7/4,４０４４－５５－２,,小林保健所,鬼が島,0984,0984-35-2374,,,,宮崎県　えびの市　大字池島　４９３,宮崎県えびの市池島４９３,,213397,宮崎県,えびの市,池島,,2022/07/04,2022/07/04,,,,,,　　　　,,,,,,,４０４４－５５－２,,そうざい製造業,,,,442-449_宮崎県_宮崎県一括_食品衛生(許可-届出)_2022年07月_末日_新規,製造業,食料品製造業,,,,,,,,,鬼が島,鬼が島,,,1,,,,,
弁当の家,宮崎県,日向市,亀崎東,4-24,,090-9791-6123,① 飲食店営業,山本卓二,,,,,,,,2022/7/4,2022/7/4,４０４６－１－５２,,日向保健所,弁当の家,0982,090-9791-6123,,,,宮崎県　日向市　亀崎東　4-24,宮崎県日向市亀崎東４－２４,,213292,宮崎県,日向市,亀崎東４,,2022/07/04,2022/07/04,,,,,,　　　　,,,,,,,４０４６－１－５２,,飲食店営業,,,,442-449_宮崎県_宮崎県一括_食品衛生(許可-届出)_2022年07月_末日_新規,宿泊業，飲食サービス業,飲食店,,,,,,,,,弁当の家,弁当の家,,,1,,,,,
たかはる古民家カフェ,宮崎県,西諸県郡高原町,蒲牟田,７５２６,,080-6474-3881,① 飲食店営業,合同会社チームにしもろ,鈴木孝充,宮崎県,西諸県郡高原町,大字蒲牟田,７５２６,,050-5534-0711,2022/7/13,2022/7/13,４０４４－１－１５,,小林保健所,たかはる古民家カフェ,0984,080-6474-3881,,,,宮崎県　西諸県郡高原町　蒲牟田　７５２６,宮崎県西諸県郡高原町蒲牟田７５２６,,213443,宮崎県,西諸県郡高原町,蒲牟田,,2022/07/13,2022/07/13,,,合同会社チームにしもろ,鈴木孝充,050-5534-0711,宮崎県　西諸県郡高原町　大字蒲牟田　７５２６　,宮崎県西諸県郡高原町蒲牟田７５２６,,213443,宮崎県,西諸県郡高原町,蒲牟田,４０４４－１－１５,,飲食店営業,,,,442-449_宮崎県_宮崎県一括_食品衛生(許可-届出)_2022年07月_末日_新規,宿泊業，飲食サービス業,飲食店,,,,,,,,,たかはる古民家カフェ,たかはる古民家カフェ,合同会社チームにしもろ,,1,,,,,
纏　日向店,宮崎県,日向市,財光寺,7309-9,,080-4079-4552,⑪ 菓子製造業,石井良憲,,,,,,,,2022/7/4,2022/7/4,４０４６－８－１２,,日向保健所,纏　日向店,0982,080-4079-4552,,,,宮崎県　日向市　財光寺　7309-9,宮崎県日向市財光寺７３０９－９,,213222,宮崎県,日向市,財光寺,,2022/07/04,2022/07/04,,,,,,　　　　,,,,,,,４０４６－８－１２,,菓子製造業,,,,442-449_宮崎県_宮崎県一括_食品衛生(許可-届出)_2022年07月_末日_新規,製造業,食料品製造業,,,,,,,,,纏　日向店,纏日向店,,,1,,,,,
てげ鳥,宮崎県,日向市,永江町,3丁目116番地,,0982-60-6134,① 飲食店営業,寺原佳孝,,,,,,,,2022/7/5,2022/7/5,４０４６－１－５３,,日向保健所,てげ鳥,0982,0982-60-6134,,,,宮崎県　日向市　永江町　3丁目116番地,宮崎県日向市永江町３丁目１１６番地,,213241,宮崎県,日向市,永江町３,,2022/07/05,2022/07/05,,,,,,　　　　,,,,,,,４０４６－１－５３,,飲食店営業,,,,442-449_宮崎県_宮崎県一括_食品衛生(許可-届出)_2022年07月_末日_新規,宿泊業，飲食サービス業,飲食店,,,,,,,,,てげ鳥,てげ鳥,,,1,,,,,
スナック　平,宮崎県,西諸県郡高原町,大字西麓,９５３－１,,090-1875-1305,① 飲食店営業,平千代子,,,,,,,,2022/7/13,2022/7/13,４０４４－１－１６,,小林保健所,スナック　平,0984,090-1875-1305,,,,宮崎県　西諸県郡高原町　大字西麓　９５３－１,宮崎県西諸県郡高原町西麓９５３－１,,213444,宮崎県,西諸県郡高原町,西麓,,2022/07/13,2022/07/13,,,,,,　　　　,,,,,,,４０４４－１－１６,,飲食店営業,,,,442-449_宮崎県_宮崎県一括_食品衛生(許可-届出)_2022年07月_末日_新規,宿泊業，飲食サービス業,飲食店,,,,,,,,,スナック　平,スナック平,,,1,,,,,
燻製工房　山本商店,宮崎県,延岡市,大野町,１４４８－９,,,㉕ そうざい製造業,山本洋樹,,,,,,,,2022/7/8,2022/7/8,４０４７－５５－１０,,延岡保健所,燻製工房　山本商店,0982,,,,,宮崎県　延岡市　大野町　１４４８－９,宮崎県延岡市大野町１４４８－９,,212798,宮崎県,延岡市,大野町,,2022/07/08,2022/07/08,,,,,,　　　　,,,,,,,４０４７－５５－１０,,そうざい製造業,,,,442-449_宮崎県_宮崎県一括_食品衛生(許可-届出)_2022年07月_末日_新規,製造業,食料品製造業,,,,,,,,,燻製工房　山本商店,燻製工房山本商店,,,1,,,,,
ふくふく,宮崎県,都城市,南鷹尾町,１６－５,,,㉕ そうざい製造業,社会福祉法人キャンバスの会,楠元洋子,宮崎県,都城市,年見町３０号１番地２,,,0986515132,2022/7/13,2022/7/13,４０４３－５５－１４,,都城保健所,ふくふく,0986,,,,,宮崎県　都城市　南鷹尾町　１６－５,宮崎県都城市南鷹尾町１６－５,,212710,宮崎県,都城市,南鷹尾町,,2022/07/13,2022/07/13,,,社会福祉法人キャンバスの会,楠元洋子,0986-51-5132,宮崎県　都城市　年見町３０号１番地２　　,宮崎県都城市年見町３０号１番地２,,212688,宮崎県,都城市,年見町,４０４３－５５－１４,,そうざい製造業,,,,442-449_宮崎県_宮崎県一括_食品衛生(許可-届出)_2022年07月_末日_新規,製造業,食料品製造業,,,,,,,,,ふくふく,ふくふく,社会福祉法人キャンバスの会,,1,,,,,
水野屋,宮崎県,日向市,東郷町下三ケ,334番地,,080-2716-9784,㉙ 漬物製造業,水野順一,,,,,,,,2022/7/5,2022/7/5,４０４６－６５－７,,日向保健所,水野屋,0982,080-2716-9784,,,,宮崎県　日向市　東郷町下三ケ　334番地,宮崎県日向市東郷町下三が３３４番地,,213297,宮崎県,日向市,東郷町下三が,,2022/07/05,2022/07/05,,,,,,　　　　,,,,,,,４０４６－６５－７,,漬物製造業,,,,442-449_宮崎県_宮崎県一括_食品衛生(許可-届出)_2022年07月_末日_新規,製造業,食料品製造業,,,,,,,,,水野屋,水野屋,,,1,,,,,
ラムサ宮崎　Ｒｏｒｅｒｉｒａ,宮崎県,日向市,美々津町,845,,090-1087-6085,⑪ 菓子製造業,棚橋利文,,,,,,,,2022/7/5,2022/7/5,４０４６－８－１３,,日向保健所,ラムサ宮崎　Ｒｏｒｅｒｉｒａ,0982,090-1087-6085,,,,宮崎県　日向市　美々津町　845,宮崎県日向市美々津町８４５,,213254,宮崎県,日向市,美々津町,,2022/07/05,2022/07/05,,,,,,　　　　,,,,,,,４０４６－８－１３,,菓子製造業,,,,442-449_宮崎県_宮崎県一括_食品衛生(許可-届出)_2022年07月_末日_新規,製造業,食料品製造業,,,,,,,,,ラムサ宮崎　Ｒｏｒｅｒｉｒａ,ラムサ宮崎Ｒｏｒｅｒｉｒａ,,,1,,,,,
食酒処　どんたく,宮崎県,児湯郡新富町,富田,２－９０,,,① 飲食店営業,原口智恵子,,,,,,,,2022/7/20,2022/7/20,４０４５－１－５１,,高鍋保健所,食酒処　どんたく,0983,,,,,宮崎県　児湯郡新富町　富田　２－９０,宮崎県児湯郡新富町富田２－９０,,213486,宮崎県,児湯郡新富町,富田２,,2022/07/20,2022/07/20,,,,,,　　　　,,,,,,,４０４５－１－５１,,飲食店営業,,,,442-449_宮崎県_宮崎県一括_食品衛生(許可-届出)_2022年07月_末日_新規,宿泊業，飲食サービス業,飲食店,,,,,,,,,食酒処　どんたく,食酒処どんたく,,,1,,,,,
スナック　純,宮崎県,西都市,妻町,３－３２,桜川ビル１F101,080-8554-9932,① 飲食店営業,横山純子,,,,,,,,2022/7/26,2022/7/26,４０４５－１－５２,,高鍋保健所,スナック　純,0983,080-8554-9932,,,,宮崎県　西都市　妻町　３－３２,宮崎県西都市妻町３－３２,桜川ビル１F101,213364,宮崎県,西都市,妻町３,,2022/07/26,2022/07/26,,,,,,　　　　,,,,,,,４０４５－１－５２,,飲食店営業,,,,442-449_宮崎県_宮崎県一括_食品衛生(許可-届出)_2022年07月_末日_新規,宿泊業，飲食サービス業,飲食店,,,,,,,,,スナック　純,スナック純,,,1,,,,,
ｔａｋｅ　ｏｕｔ　ｓｈｏｐ　楓咲,宮崎県,東臼杵郡門川町,東栄町,3丁目3-2,,090-1086-1558,① 飲食店営業,原田照代,,,,,,,,2022/7/8,2022/7/8,４０４６－１－５４,,日向保健所,ｔａｋｅ　ｏｕｔ　ｓｈｏｐ　楓咲,0982,090-1086-1558,,,,宮崎県　東臼杵郡門川町　東栄町　3丁目3-2,宮崎県東臼杵郡門川町東栄町３丁目３－２,,213530,宮崎県,東臼杵郡門川町,東栄町３,,2022/07/08,2022/07/08,,,,,,　　　　,,,,,,,４０４６－１－５４,,飲食店営業,,,,442-449_宮崎県_宮崎県一括_食品衛生(許可-届出)_2022年07月_末日_新規,宿泊業，飲食サービス業,飲食店,,,,,,,,,ｔａｋｅ　ｏｕｔ　ｓｈｏｐ　楓咲,ｔａｋｅｏｕｔｓｈｏｐ楓咲,,,1,,,,,
まごころ,宮崎県,日南市,岩崎,三丁目４１４７－１,,070-8515-5278,① 飲食店営業,峯上直也,,,,,,,,2022/7/20,2022/7/20,4042-1-33,,日南保健所,まごころ,0987,070-8515-5278,,,,宮崎県　日南市　岩崎　三丁目４１４７－１,宮崎県日南市岩崎３丁目４１４７－１,,213123,宮崎県,日南市,岩崎３,,2022/07/20,2022/07/20,,,,,,　　　　,,,,,,,4042-1-33,,飲食店営業,,,,442-449_宮崎県_宮崎県一括_食品衛生(許可-届出)_2022年07月_末日_新規,宿泊業，飲食サービス業,飲食店,,,,,,,,,まごころ,まごころ,,,2,,,,,
まごころ,宮崎県,日南市,中央通,二丁目２－１３,,090-3737-6495,⑪ 菓子製造業,峯上直也,,,,,,,,2022/7/20,2022/7/20,4042-8-9,,日南保健所,まごころ,0987,090-3737-6495,,,,宮崎県　日南市　中央通　二丁目２－１３,宮崎県日南市中央通２丁目２－１３,,213085,宮崎県,日南市,中央通２,,2022/07/20,2022/07/20,,,,,,　　　　,,,,,,,4042-8-9,,菓子製造業,,,,442-449_宮崎県_宮崎県一括_食品衛生(許可-届出)_2022年07月_末日_新規,製造業,食料品製造業,,,,,,,,,まごころ,まごころ,,,2,,,,,
ひなた鰻,宮崎県,日向市,財光寺,3229,,,① 飲食店営業,甲斐誉司,,,,,,,,2022/7/12,2022/7/12,４０４６－１－５８,,日向保健所,ひなた鰻,0982,,,,,宮崎県　日向市　財光寺　3229,宮崎県日向市財光寺３２２９,,213222,宮崎県,日向市,財光寺,,2022/07/12,2022/07/12,,,,,,　　　　,,,,,,,４０４６－１－５８,,飲食店営業,,,,442-449_宮崎県_宮崎県一括_食品衛生(許可-届出)_2022年07月_末日_新規,宿泊業，飲食サービス業,飲食店,,,,,,,,,ひなた鰻,ひなた鰻,,,1,,,,,
福山,宮崎県,東諸県郡国富町,大字深年,６６１１－３,,,⑪ 菓子製造業,福山ヨシ子,,,,,,,,2022/7/13,2022/7/13,シレイ４０４１－８－３,,中央保健所,福山,0985,,,,,宮崎県　東諸県郡国富町　大字深年　６６１１－３,宮崎県東諸県郡国富町深年６６１１－３,,213461,宮崎県,東諸県郡国富町,深年,,2022/07/13,2022/07/13,,,,,,　　　　,,,,,,,シレイ４０４１－８－３,,菓子製造業,,,,442-449_宮崎県_宮崎県一括_食品衛生(許可-届出)_2022年07月_末日_新規,製造業,食料品製造業,,,,,,,,,福山,福山,,,1,,,,,
Calme,宮崎県,日南市,材木町,９－８,,080-8360-3600,① 飲食店営業,河畑有彩,,,,,,,,2022/7/20,2022/7/20,4042-1-53,,日南保健所,Calme,0987,080-8360-3600,,,,宮崎県　日南市　材木町　９－８,宮崎県日南市材木町９－８,,213079,宮崎県,日南市,材木町,,2022/07/20,2022/07/20,,,,,,　　　　,,,,,,,4042-1-53,,飲食店営業,,,,442-449_宮崎県_宮崎県一括_食品衛生(許可-届出)_2022年07月_末日_新規,宿泊業，飲食サービス業,飲食店,,,,,,,,,Ｃａｌｍｅ,Ｃａｌｍｅ,,,1,,,,,
スナック皐月,宮崎県,都城市,牟田町,１９－６,池田ビル１Ｆ　Ａ号,,① 飲食店営業,廣瀬由美子,,,,,,,,2022/7/21,2022/7/21,４０４３－１－１７３,,都城保健所,スナック皐月,0986,,,,,宮崎県　都城市　牟田町　１９－６,宮崎県都城市牟田町１９－６,池田ビル１Ｆ　Ａ号,212716,宮崎県,都城市,牟田町,,2022/07/21,2022/07/21,,,,,,　　　　,,,,,,,４０４３－１－１７３,,飲食店営業,,,,442-449_宮崎県_宮崎県一括_食品衛生(許可-届出)_2022年07月_末日_新規,宿泊業，飲食サービス業,飲食店,,,,,,,,,スナック皐月,スナック皐月,,,1,,,,,
ｓｅｃｏｎｄ,宮崎県,延岡市,新町,５－１２,公徳ビル　２Ｆ　１０号,090-9794-0402,① 飲食店営業,中原真由子,,,,,,,,2022/7/25,2022/7/25,４０４７－１－９８,,延岡保健所,ｓｅｃｏｎｄ,0982,090-9794-0402,,,,宮崎県　延岡市　新町　５－１２,宮崎県延岡市新町５－１２,公徳ビル　２Ｆ　１０号,212864,宮崎県,延岡市,新町,,2022/07/25,2022/07/25,,,,,,　　　　,,,,,,,４０４７－１－９８,,飲食店営業,,,,442-449_宮崎県_宮崎県一括_食品衛生(許可-届出)_2022年07月_末日_新規,宿泊業，飲食サービス業,飲食店,,,,,,,,,ｓｅｃｏｎｄ,ｓｅｃｏｎｄ,,,1,,,,,
源　井上商店,宮崎県,延岡市,中川原町,１－４５９１－７,,0982-21-1211,④ 魚介類販売業,井上玉典,,,,,,,,2022/7/20,2022/7/20,４０４７－２７－７,,延岡保健所,源　井上商店,0982,0982-21-1211,,,,宮崎県　延岡市　中川原町　１－４５９１－７,宮崎県延岡市中川原町１－４５９１－７,,212893,宮崎県,延岡市,中川原町１,,2022/07/20,2022/07/20,,,,,,　　　　,,,,,,,４０４７－２７－７,,魚介類販売業,,,,442-449_宮崎県_宮崎県一括_食品衛生(許可-届出)_2022年07月_末日_新規,卸売業，小売業,飲食料品小売業,,,,,,,,,源　井上商店,源井上商店,,,1,,,,,
Ｐ－ｃｈｉ,宮崎県,都城市,牟田町,１１－５,ＡＢＣ８８ビル３－４,,① 飲食店営業,山下廉司,,,,,,,,2022/7/25,2022/7/25,４０４３－１－１７４,,都城保健所,Ｐ－ｃｈｉ,0986,,,,,宮崎県　都城市　牟田町　１１－５,宮崎県都城市牟田町１１－５,ＡＢＣ８８ビル３－４,212716,宮崎県,都城市,牟田町,,2022/07/25,2022/07/25,,,,,,　　　　,,,,,,,４０４３－１－１７４,,飲食店営業,,,,442-449_宮崎県_宮崎県一括_食品衛生(許可-届出)_2022年07月_末日_新規,宿泊業，飲食サービス業,飲食店,,,,,,,,,Ｐ－ｃｈｉ,Ｐｃｈｉ,,,1,,,,,
山一食品（催事部）味の山一,宮崎県,西臼杵郡五ヶ瀬町,大字三ヶ所,１０７２１－２,（Aコープ五ヶ瀬）,,① 飲食店営業,渡邊禮,,,,,,,,2017/8/10,2022/7/22,4048-2-23,,,山一食品（催事部）味の山一,0982,,,,,宮崎県　西臼杵郡五ヶ瀬町　大字三ヶ所　１０７２１－２,宮崎県西臼杵郡五が瀬町三が所１０７２１－２,（Aコープ五ヶ瀬）,213609,宮崎県,西臼杵郡五が瀬町,三が所,,2017/08/10,2022/07/22,,,,,,　　　　,,,,,,,4048-2-23,,飲食店営業,,,,442-449_宮崎県_宮崎県一括_食品衛生(許可-届出)_2022年07月_末日_新規,宿泊業，飲食サービス業,飲食店,,,,,,,,,山一食品（催事部）味の山一,山一食品催事部味の山一,,,1,,,,,
五～ちゃん工房,宮崎県,西臼杵郡五ヶ瀬町,大字三ヶ所,5287-2,,080-5261-5872,⑪ 菓子製造業,山中五子,,,,,,,,2022/7/27,2022/7/27,４０４８－８－１,,,五～ちゃん工房,0982,080-5261-5872,,,,宮崎県　西臼杵郡五ヶ瀬町　大字三ヶ所　5287-2,宮崎県西臼杵郡五が瀬町三が所５２８７－２,,213609,宮崎県,西臼杵郡五が瀬町,三が所,,2022/07/27,2022/07/27,,,,,,　　　　,,,,,,,４０４８－８－１,,菓子製造業,,,,442-449_宮崎県_宮崎県一括_食品衛生(許可-届出)_2022年07月_末日_新規,製造業,食料品製造業,,,,,,,,,五～ちゃん工房,五ちゃん工房,,,2,,,,,
五～ちゃん工房,宮崎県,西臼杵郡五ヶ瀬町,大字三ヶ所,５２８７－２,,080-5261-5872,㉕ そうざい製造業,山中五子,,,,,,,,2022/7/27,2022/7/27,４０４８－５５－２,,,五～ちゃん工房,0982,080-5261-5872,,,,宮崎県　西臼杵郡五ヶ瀬町　大字三ヶ所　５２８７－２,宮崎県西臼杵郡五が瀬町三が所５２８７－２,,213609,宮崎県,西臼杵郡五が瀬町,三が所,,2022/07/27,2022/07/27,,,,,,　　　　,,,,,,,４０４８－５５－２,,そうざい製造業,,,,442-449_宮崎県_宮崎県一括_食品衛生(許可-届出)_2022年07月_末日_新規,製造業,食料品製造業,,,,,,,,,五～ちゃん工房,五ちゃん工房,,,2,,,,,
ｈｉｂｉ　日々,宮崎県,都城市,大岩田町,５８９６－３,,,① 飲食店営業,新福紗和,,,,,,,,2022/7/29,2022/7/29,４０４３－１－１７６,,都城保健所,ｈｉｂｉ　日々,0986,,,,,宮崎県　都城市　大岩田町　５８９６－３,宮崎県都城市大岩田町５８９６－３,,212645,宮崎県,都城市,大岩田町,,2022/07/29,2022/07/29,,,,,,　　　　,,,,,,,４０４３－１－１７６,,飲食店営業,,,,442-449_宮崎県_宮崎県一括_食品衛生(許可-届出)_2022年07月_末日_新規,宿泊業，飲食サービス業,飲食店,,,,,,,,,ｈｉｂｉ　日々,ｈｉｂｉ日,,,1,,,,,
ｓｎａｃｋ　Ａｍｙ,宮崎県,延岡市,船倉町,１－５－１４,レアルアドヴァンスビル２Ｆ　２０１号,0982-22-0314,① 飲食店営業,矢野理恵,,,,,,,,2022/7/26,2022/7/26,４０４７－１－９９,,延岡保健所,ｓｎａｃｋ　Ａｍｙ,0982,0982-22-0314,,,,宮崎県　延岡市　船倉町　１－５－１４,宮崎県延岡市船倉町１－５－１４,レアルアドヴァンスビル２Ｆ　２０１号,212941,宮崎県,延岡市,船倉町１,,2022/07/26,2022/07/26,,,,,,　　　　,,,,,,,４０４７－１－９９,,飲食店営業,,,,442-449_宮崎県_宮崎県一括_食品衛生(許可-届出)_2022年07月_末日_新規,宿泊業，飲食サービス業,飲食店,,,,,,,,,ｓｎａｃｋ　Ａｍｙ,ｓｎａｃｋＡｍｙ,,,1,,,,,
Hanaの木moto,宮崎県,西諸県郡高原町,大字蒲牟田,５５－２,,0984-42-4191,⑪ 菓子製造業,花木朋美,,,,,,,,2022/7/29,2022/7/29,４０４４－８－６,,小林保健所,Hanaの木moto,0984,0984-42-4191,,,,宮崎県　西諸県郡高原町　大字蒲牟田　５５－２,宮崎県西諸県郡高原町蒲牟田５５－２,,213443,宮崎県,西諸県郡高原町,蒲牟田,,2022/07/29,2022/07/29,,,,,,　　　　,,,,,,,４０４４－８－６,,菓子製造業,,,,442-449_宮崎県_宮崎県一括_食品衛生(許可-届出)_2022年07月_末日_新規,製造業,食料品製造業,,,,,,,,,Ｈａｎａの木ｍｏｔｏ,Ｈａｎａの木ｍｏｔｏ,,,2,,,,,
Hanaの木moto,宮崎県,西諸県郡高原町,大字蒲牟田,５５－２,,0984-42-4191,㉕ そうざい製造業,花木朋美,,,,,,,,2022/7/29,2022/7/29,４０４４－５５－３,,小林保健所,Hanaの木moto,0984,0984-42-4191,,,,宮崎県　西諸県郡高原町　大字蒲牟田　５５－２,宮崎県西諸県郡高原町蒲牟田５５－２,,213443,宮崎県,西諸県郡高原町,蒲牟田,,2022/07/29,2022/07/29,,,,,,　　　　,,,,,,,４０４４－５５－３,,そうざい製造業,,,,442-449_宮崎県_宮崎県一括_食品衛生(許可-届出)_2022年07月_末日_新規,製造業,食料品製造業,,,,,,,,,Ｈａｎａの木ｍｏｔｏ,Ｈａｎａの木ｍｏｔｏ,,,2,,,,,
メロディースタジオ,宮崎県,小林市,真方,２０８－１,,0984-22-3924,① 飲食店営業,有限会社　えにし,温水愛子,宮崎県,宮崎市,下北方町下郷,６０４５－４,,0985-23-2472,1993/8/3,2022/7/22,４０４４－２－２０,,小林保健所,メロディースタジオ,0984,0984-22-3924,,,,宮崎県　小林市　真方　２０８－１,宮崎県小林市真方２０８－１,,213199,宮崎県,小林市,真方,,1993/08/03,2022/07/22,,,有限会社　えにし,温水愛子,0985-23-2472,宮崎県　宮崎市　下北方町下郷　６０４５－４　,宮崎県宮崎市下北方町下郷６０４５－４,,212272,宮崎県,宮崎市,下北方町,４０４４－２－２０,,飲食店営業,,,,442-449_宮崎県_宮崎県一括_食品衛生(許可-届出)_2022年07月_末日_新規,宿泊業，飲食サービス業,飲食店,,,,,,,,,メロディースタジオ,メロディスタジオ,有限会社えにし,,1,,,,,
しんぺい,宮崎県,小林市,細野,２２５６－１,,0984-23-1753,① 飲食店営業,草野道子,,,,,,,,1983/8/30,2022/7/21,４０４４－２－２３,,小林保健所,しんぺい,0984,0984-23-1753,,,,宮崎県　小林市　細野　２２５６－１,宮崎県小林市細野２２５６－１,,213198,宮崎県,小林市,細野,,1983/08/30,2022/07/21,,,,,,　　　　,,,,,,,４０４４－２－２３,,飲食店営業,,,,442-449_宮崎県_宮崎県一括_食品衛生(許可-届出)_2022年07月_末日_新規,宿泊業，飲食サービス業,飲食店,,,,,,,,,しんぺい,しんぺい,,,1,,,,,
グルマンハウスふじや,宮崎県,小林市,本町,７７,,0984-23-1712,① 飲食店営業,鶴丸俊郎,,,,,,,,1989/6/21,2022/7/22,４０４４－２－２５,,小林保健所,グルマンハウスふじや,0984,0984-23-1712,,,,宮崎県　小林市　本町　７７,宮崎県小林市本町７７,,213201,宮崎県,小林市,本町,,1989/06/21,2022/07/22,,,,,,　　　　,,,,,,,４０４４－２－２５,,飲食店営業,,,,442-449_宮崎県_宮崎県一括_食品衛生(許可-届出)_2022年07月_末日_新規,宿泊業，飲食サービス業,飲食店,,,,,,,,,グルマンハウスふじや,グルマンハウスふじや,,,1,,,,,
今村旅館,宮崎県,小林市,本町,７５,,0984-22-2022,① 飲食店営業,西牟田三和子,,,,,,,,1990/6/7,2022/7/22,４０４４－５－３,,小林保健所,今村旅館,0984,0984-22-2022,,,,宮崎県　小林市　本町　７５,宮崎県小林市本町７５,,213201,宮崎県,小林市,本町,,1990/06/07,2022/07/22,,,,,,　　　　,,,,,,,４０４４－５－３,,飲食店営業,,,,442-449_宮崎県_宮崎県一括_食品衛生(許可-届出)_2022年07月_末日_新規,宿泊業，飲食サービス業,飲食店,,,,,,,,,今村旅館,今村旅館,,,1,,,,,
外薗鮮魚精肉店,宮崎県,小林市,真方,７５５－９,,0984-22-2014,③ 食肉販売業,外薗慶一郎,,,,,,,,2004/8/31,2022/7/22,４０４４－２４－４,,小林保健所,外薗鮮魚精肉店,0984,0984-22-2014,,,,宮崎県　小林市　真方　７５５－９,宮崎県小林市真方７５５－９,,213199,宮崎県,小林市,真方,,2004/08/31,2022/07/22,,,,,,　　　　,,,,,,,４０４４－２４－４,,食肉販売業,,,,442-449_宮崎県_宮崎県一括_食品衛生(許可-届出)_2022年07月_末日_新規,卸売業，小売業,飲食料品小売業,食肉小売業,,,,,,,,外薗鮮魚精肉店,外薗鮮魚精肉店,,,2,,,,,
外薗鮮魚精肉店,宮崎県,小林市,真方,７５５－９,,0984-22-2014,④ 魚介類販売業,外薗慶一郎,,,,,,,,2004/8/31,2022/7/22,４０４４－２８－３,,小林保健所,外薗鮮魚精肉店,0984,0984-22-2014,,,,宮崎県　小林市　真方　７５５－９,宮崎県小林市真方７５５－９,,213199,宮崎県,小林市,真方,,2004/08/31,2022/07/22,,,,,,　　　　,,,,,,,４０４４－２８－３,,魚介類販売業,,,,442-449_宮崎県_宮崎県一括_食品衛生(許可-届出)_2022年07月_末日_新規,卸売業，小売業,飲食料品小売業,,,,,,,,,外薗鮮魚精肉店,外薗鮮魚精肉店,,,2,,,,,
おべんとう屋さん利休,宮崎県,都城市,吉尾町,７２３－４６,,080-6403-3432,① 飲食店営業,味透有限会社,黒木兼治,宮崎県,都城市,南横市町,２０４６－１,,0986-46-7325,2022/7/26,2022/7/26,４０４３－１－１７９,,都城保健所,おべんとう屋さん利休,0986,080-6403-3432,,,,宮崎県　都城市　吉尾町　７２３－４６,宮崎県都城市吉尾町７２３－４６,,212719,宮崎県,都城市,吉尾町,,2022/07/26,2022/07/26,,,味透有限会社,黒木兼治,0986-46-7325,宮崎県　都城市　南横市町　２０４６－１　,宮崎県都城市南横市町２０４６－１,,212711,宮崎県,都城市,南横市町,４０４３－１－１７９,,飲食店営業,,,,442-449_宮崎県_宮崎県一括_食品衛生(許可-届出)_2022年07月_末日_新規,宿泊業，飲食サービス業,飲食店,,,,,,,,,おべんとう屋さん利休,おべんとう屋さん利休,味透有限会社,,1,,,,,
櫟,宮崎県,日向市,上町,11-4,サンプラザⅠ　１F-A号,0982-54-3219,① 飲食店営業,村上友紀,,,,,,,,2022/7/22,2022/7/22,４０４６－１－７８,,日向保健所,櫟,0982,0982-54-3219,,,,宮崎県　日向市　上町　11-4,宮崎県日向市上町１１－４,サンプラザⅠ　１F-A号,213212,宮崎県,日向市,上町,,2022/07/22,2022/07/22,,,,,,　　　　,,,,,,,４０４６－１－７８,,飲食店営業,,,,442-449_宮崎県_宮崎県一括_食品衛生(許可-届出)_2022年07月_末日_新規,宿泊業，飲食サービス業,飲食店,,,,,,,,,櫟,櫟,,,1,,,,,
有限会社　南国屋今門,宮崎県,小林市,本町,６７,,0984-22-3074,⑪ 菓子製造業,有限会社　南国屋今門,今門鉄雄,宮崎県,小林市,本町,６７,,0984-22-3074,1989/7/17,2022/7/22,４０４４－９－２,,小林保健所,有限会社　南国屋今門,0984,0984-22-3074,,,,宮崎県　小林市　本町　６７,宮崎県小林市本町６７,,213201,宮崎県,小林市,本町,,1989/07/17,2022/07/22,,,有限会社　南国屋今門,今門鉄雄,0984-22-3074,宮崎県　小林市　本町　６７　,宮崎県小林市本町６７,,213201,宮崎県,小林市,本町,４０４４－９－２,,菓子製造業,,,,442-449_宮崎県_宮崎県一括_食品衛生(許可-届出)_2022年07月_末日_新規,製造業,食料品製造業,,,,,,,,,有限会社南国屋今門,有限会社南国屋今門,有限会社南国屋今門,,1,,,,,
マル幸,宮崎県,小林市,堤,３３４４－６,,0984-24-5122,㉔ 麺類製造業,能勢しづ,,,,,,,,2010/8/2,2022/7/25,４０４４－５４－１,,小林保健所,マル幸,0984,0984-24-5122,,,,宮崎県　小林市　堤　３３４４－６,宮崎県小林市堤３３４４－６,,213195,宮崎県,小林市,堤,,2010/08/02,2022/07/25,,,,,,　　　　,,,,,,,４０４４－５４－１,,麺類製造業,,,,442-449_宮崎県_宮崎県一括_食品衛生(許可-届出)_2022年07月_末日_新規,製造業,食料品製造業,,,,,,,,,マル幸,マル幸,,,2,,,,,
マル幸,宮崎県,小林市,堤,３３４４－６,,0984-24-5122,⑪ 菓子製造業,能勢しづ,,,,,,,,2010/8/2,2022/7/25,４０４４－９－４,,小林保健所,マル幸,0984,0984-24-5122,,,,宮崎県　小林市　堤　３３４４－６,宮崎県小林市堤３３４４－６,,213195,宮崎県,小林市,堤,,2010/08/02,2022/07/25,,,,,,　　　　,,,,,,,４０４４－９－４,,菓子製造業,,,,442-449_宮崎県_宮崎県一括_食品衛生(許可-届出)_2022年07月_末日_新規,製造業,食料品製造業,,,,,,,,,マル幸,マル幸,,,2,,,,,
alocca,宮崎県,東諸県郡綾町,大字南俣,５１５,,080-4180-6703,⑫ アイスクリーム類製造業,長原翔,,,,,,,,2022/7/22,2022/7/22,シレイ４０４１－１１－１,,中央保健所,alocca,0985,080-4180-6703,,,,宮崎県　東諸県郡綾町　大字南俣　５１５,宮崎県東諸県郡綾町南俣５１５,,213450,宮崎県,東諸県郡綾町,南俣,,2022/07/22,2022/07/22,,,,,,　　　　,,,,,,,シレイ４０４１－１１－１,,アイスクリーム類製造業,,,,442-449_宮崎県_宮崎県一括_食品衛生(許可-届出)_2022年07月_末日_新規,製造業,食料品製造業,,,,,,,,,ａｌｏｃｃａ,ａｌｏｃｃａ,,,1,,,,,
ラーメンラブアンドピース,宮崎県,東諸県郡綾町,大字南俣,６４８－６,,,① 飲食店営業,谷田祐平,,,,,,,,2022/7/22,2022/7/22,シレイ４０４１－１－6,,中央保健所,ラーメンラブアンドピース,0985,,,,,宮崎県　東諸県郡綾町　大字南俣　６４８－６,宮崎県東諸県郡綾町南俣６４８－６,,213450,宮崎県,東諸県郡綾町,南俣,,2022/07/22,2022/07/22,,,,,,　　　　,,,,,,,シレイ４０４１－１－6,,飲食店営業,,,,442-449_宮崎県_宮崎県一括_食品衛生(許可-届出)_2022年07月_末日_新規,宿泊業，飲食サービス業,飲食店,,,,,,,,,ラーメンラブアンドピース,ラメンラブアンドピス,,,1,,,,,
BAR HARU,宮崎県,東諸県郡国富町,大字本庄,４３５６,萬ビル１F,090-4993-0926,① 飲食店営業,春山圭祐,,,,,,,,2022/7/22,2022/7/22,シレイ４０４１－１－７,,中央保健所,BAR HARU,0985,090-4993-0926,,,,宮崎県　東諸県郡国富町　大字本庄　４３５６,宮崎県東諸県郡国富町本庄４３５６,萬ビル１F,213462,宮崎県,東諸県郡国富町,本庄,,2022/07/22,2022/07/22,,,,,,　　　　,,,,,,,シレイ４０４１－１－７,,飲食店営業,,,,442-449_宮崎県_宮崎県一括_食品衛生(許可-届出)_2022年07月_末日_新規,宿泊業，飲食サービス業,飲食店,,,,,,,,,ＢＡＲ　ＨＡＲＵ,ＢＡＲＨＡＲＵ,,,1,,,,,
からあげ金と銀　都城年見店,宮崎県,都城市,年見町,８－７,,0986-25-2155,① 飲食店営業,佐藤和男,,,,,,,,2022/7/29,2022/7/29,４０４３－１－１８１,,都城保健所,からあげ金と銀　都城年見店,0986,0986-25-2155,,,,宮崎県　都城市　年見町　８－７,宮崎県都城市年見町８－７,,212688,宮崎県,都城市,年見町,,2022/07/29,2022/07/29,,,,,,　　　　,,,,,,,４０４３－１－１８１,,飲食店営業,,,,442-449_宮崎県_宮崎県一括_食品衛生(許可-届出)_2022年07月_末日_新規,宿泊業，飲食サービス業,飲食店,,,,,,,,,からあげ金と銀　都城年見店,からあげ金と銀都城年見店,,,1,,,,,
鮨・オードブル専門　ほんだ,宮崎県,えびの市,大字原田,９０２－１,,0984-33-2720,① 飲食店営業,本田政秀,,,,,,,,2010/8/11,2022/7/28,４０４４－２－３６,,小林保健所,鮨・オードブル専門　ほんだ,0984,0984-33-2720,,,,宮崎県　えびの市　大字原田　９０２－１,宮崎県えびの市原田９０２－１,,213420,宮崎県,えびの市,原田,,2010/08/11,2022/07/28,,,,,,　　　　,,,,,,,４０４４－２－３６,,飲食店営業,,,,442-449_宮崎県_宮崎県一括_食品衛生(許可-届出)_2022年07月_末日_新規,宿泊業，飲食サービス業,飲食店,,,,,,,,,鮨・オードブル専門　ほんだ,鮨オドブル専門ほんだ,,,1,,,,,
鳥とん,宮崎県,東臼杵郡門川町,南町,3丁目21,,0982-63-6195,① 飲食店営業,川﨑洋一,,,,,,,,2022/7/29,2022/7/29,４０４６－１－９４,,日向保健所,鳥とん,0982,0982-63-6195,,,,宮崎県　東臼杵郡門川町　南町　3丁目21,宮崎県東臼杵郡門川町南町３丁目２１,,213577,宮崎県,東臼杵郡門川町,南町３,,2022/07/29,2022/07/29,,,,,,　　　　,,,,,,,４０４６－１－９４,,飲食店営業,,,,442-449_宮崎県_宮崎県一括_食品衛生(許可-届出)_2022年07月_末日_新規,宿泊業，飲食サービス業,飲食店,,,,,,,,,鳥とん,鳥とん,,,1,,,,,